pattern_index,route_short_name,pattern_trip_count,segment_sequence,from_stop_id,from_stop_name,to_stop_id,to_stop_name,geodesic_distance_m,distance_semantics
1,D184,5,1,300194,Ravellino,L00808,Colle Brianza - nava (monumento),1147.864,OFFICIAL_STOP_COORDINATE_GEODESIC_NOT_ROAD_DISTANCE
1,D184,5,2,L00808,Colle Brianza - nava (monumento),L00807,Colle Brianza - piecastello,415.893,OFFICIAL_STOP_COORDINATE_GEODESIC_NOT_ROAD_DISTANCE
1,D184,5,3,L00807,Colle Brianza - piecastello,L00873,Hoe',1297.565,OFFICIAL_STOP_COORDINATE_GEODESIC_NOT_ROAD_DISTANCE
1,D184,5,4,L00873,Hoe',L00782,S.Maria Hoe',641.605,OFFICIAL_STOP_COORDINATE_GEODESIC_NOT_ROAD_DISTANCE
1,D184,5,5,L00782,S.Maria Hoe',L00902,S.Maria Hoe' - alpino,104.671,OFFICIAL_STOP_COORDINATE_GEODESIC_NOT_ROAD_DISTANCE
1,D184,5,6,L00902,S.Maria Hoe' - alpino,L00879,Rovagnate - vinicola ghezzi,862.592,OFFICIAL_STOP_COORDINATE_GEODESIC_NOT_ROAD_DISTANCE
1,D184,5,7,L00879,Rovagnate - vinicola ghezzi,L00872,Perego - s.s. 342/via s.caterina,212.435,OFFICIAL_STOP_COORDINATE_GEODESIC_NOT_ROAD_DISTANCE
1,D184,5,8,L00872,Perego - s.s. 342/via s.caterina,L00878,Rovagnate - semaforo,623.676,OFFICIAL_STOP_COORDINATE_GEODESIC_NOT_ROAD_DISTANCE
1,D184,5,9,L00878,Rovagnate - semaforo,L00804,Rovagnate - la pesa,341.606,OFFICIAL_STOP_COORDINATE_GEODESIC_NOT_ROAD_DISTANCE
1,D184,5,10,L00804,Rovagnate - la pesa,L00871,S.Maria Hoe' - alduno,656.380,OFFICIAL_STOP_COORDINATE_GEODESIC_NOT_ROAD_DISTANCE
1,D184,5,11,L00871,S.Maria Hoe' - alduno,L00803,Olgiate Molgora - monticello scarpone,702.785,OFFICIAL_STOP_COORDINATE_GEODESIC_NOT_ROAD_DISTANCE
1,D184,5,12,L00803,Olgiate Molgora - monticello scarpone,300407,Olgiate Molgora - stazione f.s.,1240.856,OFFICIAL_STOP_COORDINATE_GEODESIC_NOT_ROAD_DISTANCE
2,D184,1,1,300407,Olgiate Molgora - stazione f.s.,300803,Olgiate Molgora - monticello scarpone,1231.041,OFFICIAL_STOP_COORDINATE_GEODESIC_NOT_ROAD_DISTANCE
2,D184,1,2,300803,Olgiate Molgora - monticello scarpone,300871,S.Maria Hoe' - alduno,747.559,OFFICIAL_STOP_COORDINATE_GEODESIC_NOT_ROAD_DISTANCE
2,D184,1,3,300871,S.Maria Hoe' - alduno,300804,Rovagnate - la pesa,646.640,OFFICIAL_STOP_COORDINATE_GEODESIC_NOT_ROAD_DISTANCE
2,D184,1,4,300804,Rovagnate - la pesa,300878,Rovagnate - semaforo,398.550,OFFICIAL_STOP_COORDINATE_GEODESIC_NOT_ROAD_DISTANCE
2,D184,1,5,300878,Rovagnate - semaforo,300872,Perego - s.s. 342/via s.caterina,539.059,OFFICIAL_STOP_COORDINATE_GEODESIC_NOT_ROAD_DISTANCE
2,D184,1,6,300872,Perego - s.s. 342/via s.caterina,300879,Rovagnate - vinicola ghezzi,198.944,OFFICIAL_STOP_COORDINATE_GEODESIC_NOT_ROAD_DISTANCE
3,D184,1,1,300407,Olgiate Molgora - stazione f.s.,300803,Olgiate Molgora - monticello scarpone,1231.041,OFFICIAL_STOP_COORDINATE_GEODESIC_NOT_ROAD_DISTANCE
3,D184,1,2,300803,Olgiate Molgora - monticello scarpone,300871,S.Maria Hoe' - alduno,747.559,OFFICIAL_STOP_COORDINATE_GEODESIC_NOT_ROAD_DISTANCE
3,D184,1,3,300871,S.Maria Hoe' - alduno,300804,Rovagnate - la pesa,646.640,OFFICIAL_STOP_COORDINATE_GEODESIC_NOT_ROAD_DISTANCE
3,D184,1,4,300804,Rovagnate - la pesa,300878,Rovagnate - semaforo,398.550,OFFICIAL_STOP_COORDINATE_GEODESIC_NOT_ROAD_DISTANCE
3,D184,1,5,300878,Rovagnate - semaforo,300872,Perego - s.s. 342/via s.caterina,539.059,OFFICIAL_STOP_COORDINATE_GEODESIC_NOT_ROAD_DISTANCE
3,D184,1,6,300872,Perego - s.s. 342/via s.caterina,300879,Rovagnate - vinicola ghezzi,198.944,OFFICIAL_STOP_COORDINATE_GEODESIC_NOT_ROAD_DISTANCE
3,D184,1,7,300879,Rovagnate - vinicola ghezzi,300902,S.Maria Hoe' - alpino,883.139,OFFICIAL_STOP_COORDINATE_GEODESIC_NOT_ROAD_DISTANCE
4,D184,4,1,300407,Olgiate Molgora - stazione f.s.,300803,Olgiate Molgora - monticello scarpone,1231.041,OFFICIAL_STOP_COORDINATE_GEODESIC_NOT_ROAD_DISTANCE
4,D184,4,2,300803,Olgiate Molgora - monticello scarpone,300871,S.Maria Hoe' - alduno,747.559,OFFICIAL_STOP_COORDINATE_GEODESIC_NOT_ROAD_DISTANCE
4,D184,4,3,300871,S.Maria Hoe' - alduno,300804,Rovagnate - la pesa,646.640,OFFICIAL_STOP_COORDINATE_GEODESIC_NOT_ROAD_DISTANCE
4,D184,4,4,300804,Rovagnate - la pesa,300878,Rovagnate - semaforo,398.550,OFFICIAL_STOP_COORDINATE_GEODESIC_NOT_ROAD_DISTANCE
4,D184,4,5,300878,Rovagnate - semaforo,300872,Perego - s.s. 342/via s.caterina,539.059,OFFICIAL_STOP_COORDINATE_GEODESIC_NOT_ROAD_DISTANCE
4,D184,4,6,300872,Perego - s.s. 342/via s.caterina,300879,Rovagnate - vinicola ghezzi,198.944,OFFICIAL_STOP_COORDINATE_GEODESIC_NOT_ROAD_DISTANCE
4,D184,4,7,300879,Rovagnate - vinicola ghezzi,300902,S.Maria Hoe' - alpino,883.139,OFFICIAL_STOP_COORDINATE_GEODESIC_NOT_ROAD_DISTANCE
4,D184,4,8,300902,S.Maria Hoe' - alpino,300782,S.Maria Hoe',96.634,OFFICIAL_STOP_COORDINATE_GEODESIC_NOT_ROAD_DISTANCE
4,D184,4,9,300782,S.Maria Hoe',300873,Hoe',679.471,OFFICIAL_STOP_COORDINATE_GEODESIC_NOT_ROAD_DISTANCE
4,D184,4,10,300873,Hoe',300807,Colle Brianza - piecastello,1299.891,OFFICIAL_STOP_COORDINATE_GEODESIC_NOT_ROAD_DISTANCE
4,D184,4,11,300807,Colle Brianza - piecastello,300808,Colle Brianza - nava (monumento),402.830,OFFICIAL_STOP_COORDINATE_GEODESIC_NOT_ROAD_DISTANCE
4,D184,4,12,300808,Colle Brianza - nava (monumento),300969,Ravellino - via san rocco,861.599,OFFICIAL_STOP_COORDINATE_GEODESIC_NOT_ROAD_DISTANCE
5,D184,1,1,300407,Olgiate Molgora - stazione f.s.,300903,S.Maria Hoe' - tremonte/via leopardi,2096.273,OFFICIAL_STOP_COORDINATE_GEODESIC_NOT_ROAD_DISTANCE
6,D184,1,1,300407,Olgiate Molgora - stazione f.s.,300903,S.Maria Hoe' - tremonte/via leopardi,2096.273,OFFICIAL_STOP_COORDINATE_GEODESIC_NOT_ROAD_DISTANCE
6,D184,1,2,300903,S.Maria Hoe' - tremonte/via leopardi,300805,S.Maria Hoe' - tremonte,269.899,OFFICIAL_STOP_COORDINATE_GEODESIC_NOT_ROAD_DISTANCE
6,D184,1,3,300805,S.Maria Hoe' - tremonte,300782,S.Maria Hoe',389.900,OFFICIAL_STOP_COORDINATE_GEODESIC_NOT_ROAD_DISTANCE
6,D184,1,4,300782,S.Maria Hoe',300873,Hoe',679.471,OFFICIAL_STOP_COORDINATE_GEODESIC_NOT_ROAD_DISTANCE
6,D184,1,5,300873,Hoe',300807,Colle Brianza - piecastello,1299.891,OFFICIAL_STOP_COORDINATE_GEODESIC_NOT_ROAD_DISTANCE
6,D184,1,6,300807,Colle Brianza - piecastello,300808,Colle Brianza - nava (monumento),402.830,OFFICIAL_STOP_COORDINATE_GEODESIC_NOT_ROAD_DISTANCE
6,D184,1,7,300808,Colle Brianza - nava (monumento),300194,Ravellino,1132.836,OFFICIAL_STOP_COORDINATE_GEODESIC_NOT_ROAD_DISTANCE
7,D184,1,1,300903,S.Maria Hoe' - tremonte/via leopardi,L00904,S.Maria Hoe' - tremonte/ via trento,253.767,OFFICIAL_STOP_COORDINATE_GEODESIC_NOT_ROAD_DISTANCE
7,D184,1,2,L00904,S.Maria Hoe' - tremonte/ via trento,L00902,S.Maria Hoe' - alpino,330.919,OFFICIAL_STOP_COORDINATE_GEODESIC_NOT_ROAD_DISTANCE
7,D184,1,3,L00902,S.Maria Hoe' - alpino,L00879,Rovagnate - vinicola ghezzi,862.592,OFFICIAL_STOP_COORDINATE_GEODESIC_NOT_ROAD_DISTANCE
7,D184,1,4,L00879,Rovagnate - vinicola ghezzi,L00872,Perego - s.s. 342/via s.caterina,212.435,OFFICIAL_STOP_COORDINATE_GEODESIC_NOT_ROAD_DISTANCE
7,D184,1,5,L00872,Perego - s.s. 342/via s.caterina,L00878,Rovagnate - semaforo,623.676,OFFICIAL_STOP_COORDINATE_GEODESIC_NOT_ROAD_DISTANCE
7,D184,1,6,L00878,Rovagnate - semaforo,L00804,Rovagnate - la pesa,341.606,OFFICIAL_STOP_COORDINATE_GEODESIC_NOT_ROAD_DISTANCE
7,D184,1,7,L00804,Rovagnate - la pesa,L00871,S.Maria Hoe' - alduno,656.380,OFFICIAL_STOP_COORDINATE_GEODESIC_NOT_ROAD_DISTANCE
7,D184,1,8,L00871,S.Maria Hoe' - alduno,L00803,Olgiate Molgora - monticello scarpone,702.785,OFFICIAL_STOP_COORDINATE_GEODESIC_NOT_ROAD_DISTANCE
7,D184,1,9,L00803,Olgiate Molgora - monticello scarpone,L00407,Olgiate Molgora (stazione f.s.),1131.894,OFFICIAL_STOP_COORDINATE_GEODESIC_NOT_ROAD_DISTANCE
8,D184,1,1,L00902,S.Maria Hoe' - alpino,L00879,Rovagnate - vinicola ghezzi,862.592,OFFICIAL_STOP_COORDINATE_GEODESIC_NOT_ROAD_DISTANCE
8,D184,1,2,L00879,Rovagnate - vinicola ghezzi,L00872,Perego - s.s. 342/via s.caterina,212.435,OFFICIAL_STOP_COORDINATE_GEODESIC_NOT_ROAD_DISTANCE
8,D184,1,3,L00872,Perego - s.s. 342/via s.caterina,L00878,Rovagnate - semaforo,623.676,OFFICIAL_STOP_COORDINATE_GEODESIC_NOT_ROAD_DISTANCE
8,D184,1,4,L00878,Rovagnate - semaforo,L00804,Rovagnate - la pesa,341.606,OFFICIAL_STOP_COORDINATE_GEODESIC_NOT_ROAD_DISTANCE
8,D184,1,5,L00804,Rovagnate - la pesa,L00871,S.Maria Hoe' - alduno,656.380,OFFICIAL_STOP_COORDINATE_GEODESIC_NOT_ROAD_DISTANCE
8,D184,1,6,L00871,S.Maria Hoe' - alduno,L00803,Olgiate Molgora - monticello scarpone,702.785,OFFICIAL_STOP_COORDINATE_GEODESIC_NOT_ROAD_DISTANCE
8,D184,1,7,L00803,Olgiate Molgora - monticello scarpone,L00407,Olgiate Molgora (stazione f.s.),1131.894,OFFICIAL_STOP_COORDINATE_GEODESIC_NOT_ROAD_DISTANCE
9,D185,1,1,300401,Celana,300482,Caprino - roccolino,543.747,OFFICIAL_STOP_COORDINATE_GEODESIC_NOT_ROAD_DISTANCE
9,D185,1,2,300482,Caprino - roccolino,300402,Caprino - piazza marconi,457.827,OFFICIAL_STOP_COORDINATE_GEODESIC_NOT_ROAD_DISTANCE
10,D185,1,1,300401,Celana,300482,Caprino - roccolino,543.747,OFFICIAL_STOP_COORDINATE_GEODESIC_NOT_ROAD_DISTANCE
10,D185,1,2,300482,Caprino - roccolino,300402,Caprino - piazza marconi,457.827,OFFICIAL_STOP_COORDINATE_GEODESIC_NOT_ROAD_DISTANCE
10,D185,1,3,300402,Caprino - piazza marconi,300483,Caprino - bosco,410.235,OFFICIAL_STOP_COORDINATE_GEODESIC_NOT_ROAD_DISTANCE
10,D185,1,4,300483,Caprino - bosco,300403,Caprino - cava,274.085,OFFICIAL_STOP_COORDINATE_GEODESIC_NOT_ROAD_DISTANCE
10,D185,1,5,300403,Caprino - cava,300484,Cisano - municipio,436.369,OFFICIAL_STOP_COORDINATE_GEODESIC_NOT_ROAD_DISTANCE
10,D185,1,6,300484,Cisano - municipio,300404,Cisano - corso mazzini,321.302,OFFICIAL_STOP_COORDINATE_GEODESIC_NOT_ROAD_DISTANCE
11,D185,7,1,300402,Caprino - piazza marconi,300483,Caprino - bosco,410.235,OFFICIAL_STOP_COORDINATE_GEODESIC_NOT_ROAD_DISTANCE
11,D185,7,2,300483,Caprino - bosco,300403,Caprino - cava,274.085,OFFICIAL_STOP_COORDINATE_GEODESIC_NOT_ROAD_DISTANCE
11,D185,7,3,300403,Caprino - cava,300484,Cisano - municipio,436.369,OFFICIAL_STOP_COORDINATE_GEODESIC_NOT_ROAD_DISTANCE
11,D185,7,4,300484,Cisano - municipio,300404,Cisano - corso mazzini,321.302,OFFICIAL_STOP_COORDINATE_GEODESIC_NOT_ROAD_DISTANCE
11,D185,7,5,300404,Cisano - corso mazzini,300062,Cisano - bivio brivio,318.047,OFFICIAL_STOP_COORDINATE_GEODESIC_NOT_ROAD_DISTANCE
11,D185,7,6,300062,Cisano - bivio brivio,300405,Cisano - sosta,1496.431,OFFICIAL_STOP_COORDINATE_GEODESIC_NOT_ROAD_DISTANCE
11,D185,7,7,300405,Cisano - sosta,L00063,Brivio - capolinea,508.125,OFFICIAL_STOP_COORDINATE_GEODESIC_NOT_ROAD_DISTANCE
11,D185,7,8,L00063,Brivio - capolinea,L00406,Brivio - via como (pizzeria),521.646,OFFICIAL_STOP_COORDINATE_GEODESIC_NOT_ROAD_DISTANCE
11,D185,7,9,L00406,Brivio - via como (pizzeria),L00087,Brivio - vaccarezza,626.579,OFFICIAL_STOP_COORDINATE_GEODESIC_NOT_ROAD_DISTANCE
11,D185,7,10,L00087,Brivio - vaccarezza,L00487,Brivio - beverate (quattro strade),761.490,OFFICIAL_STOP_COORDINATE_GEODESIC_NOT_ROAD_DISTANCE
11,D185,7,11,L00487,Brivio - beverate (quattro strade),L00398,Brivio - beverate (paese),298.865,OFFICIAL_STOP_COORDINATE_GEODESIC_NOT_ROAD_DISTANCE
11,D185,7,12,L00398,Brivio - beverate (paese),L00086,Brivio - beverate (cariplo),530.322,OFFICIAL_STOP_COORDINATE_GEODESIC_NOT_ROAD_DISTANCE
11,D185,7,13,L00086,Brivio - beverate (cariplo),300956,"Calco - via nazionale, 85",509.767,OFFICIAL_STOP_COORDINATE_GEODESIC_NOT_ROAD_DISTANCE
11,D185,7,14,300956,"Calco - via nazionale, 85",300634,Calco - via Nazionale,792.025,OFFICIAL_STOP_COORDINATE_GEODESIC_NOT_ROAD_DISTANCE
11,D185,7,15,300634,Calco - via Nazionale,300397,Calco - via virgilio,561.877,OFFICIAL_STOP_COORDINATE_GEODESIC_NOT_ROAD_DISTANCE
11,D185,7,16,300397,Calco - via virgilio,300729,Calco - via virgilio (pensilina asf),388.200,OFFICIAL_STOP_COORDINATE_GEODESIC_NOT_ROAD_DISTANCE
11,D185,7,17,300729,Calco - via virgilio (pensilina asf),300407,Olgiate Molgora - stazione f.s.,1019.865,OFFICIAL_STOP_COORDINATE_GEODESIC_NOT_ROAD_DISTANCE
12,D185,1,1,300402,Caprino - piazza marconi,300483,Caprino - bosco,410.235,OFFICIAL_STOP_COORDINATE_GEODESIC_NOT_ROAD_DISTANCE
12,D185,1,2,300483,Caprino - bosco,300403,Caprino - cava,274.085,OFFICIAL_STOP_COORDINATE_GEODESIC_NOT_ROAD_DISTANCE
12,D185,1,3,300403,Caprino - cava,300484,Cisano - municipio,436.369,OFFICIAL_STOP_COORDINATE_GEODESIC_NOT_ROAD_DISTANCE
12,D185,1,4,300484,Cisano - municipio,300485,Cisano - stazione f.s.,317.856,OFFICIAL_STOP_COORDINATE_GEODESIC_NOT_ROAD_DISTANCE
13,D185,3,1,300404,Cisano - corso mazzini,300062,Cisano - bivio brivio,318.047,OFFICIAL_STOP_COORDINATE_GEODESIC_NOT_ROAD_DISTANCE
13,D185,3,2,300062,Cisano - bivio brivio,300405,Cisano - sosta,1496.431,OFFICIAL_STOP_COORDINATE_GEODESIC_NOT_ROAD_DISTANCE
13,D185,3,3,300405,Cisano - sosta,L00063,Brivio - capolinea,508.125,OFFICIAL_STOP_COORDINATE_GEODESIC_NOT_ROAD_DISTANCE
13,D185,3,4,L00063,Brivio - capolinea,L00406,Brivio - via como (pizzeria),521.646,OFFICIAL_STOP_COORDINATE_GEODESIC_NOT_ROAD_DISTANCE
13,D185,3,5,L00406,Brivio - via como (pizzeria),L00087,Brivio - vaccarezza,626.579,OFFICIAL_STOP_COORDINATE_GEODESIC_NOT_ROAD_DISTANCE
13,D185,3,6,L00087,Brivio - vaccarezza,L00487,Brivio - beverate (quattro strade),761.490,OFFICIAL_STOP_COORDINATE_GEODESIC_NOT_ROAD_DISTANCE
13,D185,3,7,L00487,Brivio - beverate (quattro strade),L00398,Brivio - beverate (paese),298.865,OFFICIAL_STOP_COORDINATE_GEODESIC_NOT_ROAD_DISTANCE
13,D185,3,8,L00398,Brivio - beverate (paese),L00086,Brivio - beverate (cariplo),530.322,OFFICIAL_STOP_COORDINATE_GEODESIC_NOT_ROAD_DISTANCE
13,D185,3,9,L00086,Brivio - beverate (cariplo),300956,"Calco - via nazionale, 85",509.767,OFFICIAL_STOP_COORDINATE_GEODESIC_NOT_ROAD_DISTANCE
13,D185,3,10,300956,"Calco - via nazionale, 85",300634,Calco - via Nazionale,792.025,OFFICIAL_STOP_COORDINATE_GEODESIC_NOT_ROAD_DISTANCE
13,D185,3,11,300634,Calco - via Nazionale,300397,Calco - via virgilio,561.877,OFFICIAL_STOP_COORDINATE_GEODESIC_NOT_ROAD_DISTANCE
13,D185,3,12,300397,Calco - via virgilio,300729,Calco - via virgilio (pensilina asf),388.200,OFFICIAL_STOP_COORDINATE_GEODESIC_NOT_ROAD_DISTANCE
13,D185,3,13,300729,Calco - via virgilio (pensilina asf),300407,Olgiate Molgora - stazione f.s.,1019.865,OFFICIAL_STOP_COORDINATE_GEODESIC_NOT_ROAD_DISTANCE
14,D185,2,1,300407,Olgiate Molgora - stazione f.s.,L00729,Calco - via virgilio (pensilina asf),1032.799,OFFICIAL_STOP_COORDINATE_GEODESIC_NOT_ROAD_DISTANCE
14,D185,2,2,L00729,Calco - via virgilio (pensilina asf),L00397,Calco - via virgilio,324.786,OFFICIAL_STOP_COORDINATE_GEODESIC_NOT_ROAD_DISTANCE
14,D185,2,3,L00397,Calco - via virgilio,300086,Brivio - beverate (cariplo),1846.359,OFFICIAL_STOP_COORDINATE_GEODESIC_NOT_ROAD_DISTANCE
14,D185,2,4,300086,Brivio - beverate (cariplo),300398,Brivio - beverate (paese),508.608,OFFICIAL_STOP_COORDINATE_GEODESIC_NOT_ROAD_DISTANCE
14,D185,2,5,300398,Brivio - beverate (paese),300487,Brivio - beverate (tre strade),312.492,OFFICIAL_STOP_COORDINATE_GEODESIC_NOT_ROAD_DISTANCE
14,D185,2,6,300487,Brivio - beverate (tre strade),300087,Brivio - vaccarezza,757.185,OFFICIAL_STOP_COORDINATE_GEODESIC_NOT_ROAD_DISTANCE
14,D185,2,7,300087,Brivio - vaccarezza,300406,Brivio - via como (pizzeria),669.433,OFFICIAL_STOP_COORDINATE_GEODESIC_NOT_ROAD_DISTANCE
14,D185,2,8,300406,Brivio - via como (pizzeria),300063,Brivio - capolinea,506.020,OFFICIAL_STOP_COORDINATE_GEODESIC_NOT_ROAD_DISTANCE
14,D185,2,9,300063,Brivio - capolinea,L00405,Cisano - sosta,466.447,OFFICIAL_STOP_COORDINATE_GEODESIC_NOT_ROAD_DISTANCE
14,D185,2,10,L00405,Cisano - sosta,L00486,Cisano - via torchio,808.152,OFFICIAL_STOP_COORDINATE_GEODESIC_NOT_ROAD_DISTANCE
14,D185,2,11,L00486,Cisano - via torchio,L00062,Cisano - bivio brivio,784.862,OFFICIAL_STOP_COORDINATE_GEODESIC_NOT_ROAD_DISTANCE
14,D185,2,12,L00062,Cisano - bivio brivio,L00404,Cisano - corso mazzini,267.519,OFFICIAL_STOP_COORDINATE_GEODESIC_NOT_ROAD_DISTANCE
14,D185,2,13,L00404,Cisano - corso mazzini,300485,Cisano - stazione f.s.,53.618,OFFICIAL_STOP_COORDINATE_GEODESIC_NOT_ROAD_DISTANCE
15,D185,1,1,300485,Cisano - stazione f.s.,L00484,Cisano - municipio,293.484,OFFICIAL_STOP_COORDINATE_GEODESIC_NOT_ROAD_DISTANCE
15,D185,1,2,L00484,Cisano - municipio,L00483,Caprino - bosco,442.609,OFFICIAL_STOP_COORDINATE_GEODESIC_NOT_ROAD_DISTANCE
15,D185,1,3,L00483,Caprino - bosco,L00402,Caprino - piazza marconi,404.650,OFFICIAL_STOP_COORDINATE_GEODESIC_NOT_ROAD_DISTANCE
15,D185,1,4,L00402,Caprino - piazza marconi,L00482,Caprino - roccolino,418.151,OFFICIAL_STOP_COORDINATE_GEODESIC_NOT_ROAD_DISTANCE
15,D185,1,5,L00482,Caprino - roccolino,300401,Celana,564.043,OFFICIAL_STOP_COORDINATE_GEODESIC_NOT_ROAD_DISTANCE
16,D185,1,1,L00402,Caprino - piazza marconi,L00482,Caprino - roccolino,418.151,OFFICIAL_STOP_COORDINATE_GEODESIC_NOT_ROAD_DISTANCE
16,D185,1,2,L00482,Caprino - roccolino,L00401,Celana,563.106,OFFICIAL_STOP_COORDINATE_GEODESIC_NOT_ROAD_DISTANCE
16,D185,1,3,L00401,Celana,L00941,Caprino - via agricoltura/via foppa,768.383,OFFICIAL_STOP_COORDINATE_GEODESIC_NOT_ROAD_DISTANCE
16,D185,1,4,L00941,Caprino - via agricoltura/via foppa,L00399,Sant'Antonio d'Adda,1383.090,OFFICIAL_STOP_COORDINATE_GEODESIC_NOT_ROAD_DISTANCE
16,D185,1,5,L00399,Sant'Antonio d'Adda,300482,Caprino - roccolino,775.446,OFFICIAL_STOP_COORDINATE_GEODESIC_NOT_ROAD_DISTANCE
16,D185,1,6,300482,Caprino - roccolino,300402,Caprino - piazza marconi,457.827,OFFICIAL_STOP_COORDINATE_GEODESIC_NOT_ROAD_DISTANCE
16,D185,1,7,300402,Caprino - piazza marconi,300483,Caprino - bosco,410.235,OFFICIAL_STOP_COORDINATE_GEODESIC_NOT_ROAD_DISTANCE
16,D185,1,8,300483,Caprino - bosco,300403,Caprino - cava,274.085,OFFICIAL_STOP_COORDINATE_GEODESIC_NOT_ROAD_DISTANCE
16,D185,1,9,300403,Caprino - cava,300484,Cisano - municipio,436.369,OFFICIAL_STOP_COORDINATE_GEODESIC_NOT_ROAD_DISTANCE
16,D185,1,10,300484,Cisano - municipio,300485,Cisano - stazione f.s.,317.856,OFFICIAL_STOP_COORDINATE_GEODESIC_NOT_ROAD_DISTANCE
17,D185,9,1,L00407,Olgiate Molgora (stazione f.s.),L00729,Calco - via virgilio (pensilina asf),648.843,OFFICIAL_STOP_COORDINATE_GEODESIC_NOT_ROAD_DISTANCE
17,D185,9,2,L00729,Calco - via virgilio (pensilina asf),L00397,Calco - via virgilio,324.786,OFFICIAL_STOP_COORDINATE_GEODESIC_NOT_ROAD_DISTANCE
17,D185,9,3,L00397,Calco - via virgilio,300086,Brivio - beverate (cariplo),1846.359,OFFICIAL_STOP_COORDINATE_GEODESIC_NOT_ROAD_DISTANCE
17,D185,9,4,300086,Brivio - beverate (cariplo),300398,Brivio - beverate (paese),508.608,OFFICIAL_STOP_COORDINATE_GEODESIC_NOT_ROAD_DISTANCE
17,D185,9,5,300398,Brivio - beverate (paese),300487,Brivio - beverate (tre strade),312.492,OFFICIAL_STOP_COORDINATE_GEODESIC_NOT_ROAD_DISTANCE
17,D185,9,6,300487,Brivio - beverate (tre strade),300087,Brivio - vaccarezza,757.185,OFFICIAL_STOP_COORDINATE_GEODESIC_NOT_ROAD_DISTANCE
17,D185,9,7,300087,Brivio - vaccarezza,300406,Brivio - via como (pizzeria),669.433,OFFICIAL_STOP_COORDINATE_GEODESIC_NOT_ROAD_DISTANCE
17,D185,9,8,300406,Brivio - via como (pizzeria),300063,Brivio - capolinea,506.020,OFFICIAL_STOP_COORDINATE_GEODESIC_NOT_ROAD_DISTANCE
17,D185,9,9,300063,Brivio - capolinea,L00405,Cisano - sosta,466.447,OFFICIAL_STOP_COORDINATE_GEODESIC_NOT_ROAD_DISTANCE
17,D185,9,10,L00405,Cisano - sosta,L00486,Cisano - via torchio,808.152,OFFICIAL_STOP_COORDINATE_GEODESIC_NOT_ROAD_DISTANCE
17,D185,9,11,L00486,Cisano - via torchio,L00062,Cisano - bivio brivio,784.862,OFFICIAL_STOP_COORDINATE_GEODESIC_NOT_ROAD_DISTANCE
17,D185,9,12,L00062,Cisano - bivio brivio,L00404,Cisano - corso mazzini,267.519,OFFICIAL_STOP_COORDINATE_GEODESIC_NOT_ROAD_DISTANCE
17,D185,9,13,L00404,Cisano - corso mazzini,L00484,Cisano - municipio,249.524,OFFICIAL_STOP_COORDINATE_GEODESIC_NOT_ROAD_DISTANCE
17,D185,9,14,L00484,Cisano - municipio,L00483,Caprino - bosco,442.609,OFFICIAL_STOP_COORDINATE_GEODESIC_NOT_ROAD_DISTANCE
17,D185,9,15,L00483,Caprino - bosco,L00402,Caprino - piazza marconi,404.650,OFFICIAL_STOP_COORDINATE_GEODESIC_NOT_ROAD_DISTANCE
18,D185,1,1,L00485,Cisano - stazione f.s,L00404,Cisano - corso mazzini,55.061,OFFICIAL_STOP_COORDINATE_GEODESIC_NOT_ROAD_DISTANCE
18,D185,1,2,L00404,Cisano - corso mazzini,L00484,Cisano - municipio,249.524,OFFICIAL_STOP_COORDINATE_GEODESIC_NOT_ROAD_DISTANCE
18,D185,1,3,L00484,Cisano - municipio,L00483,Caprino - bosco,442.609,OFFICIAL_STOP_COORDINATE_GEODESIC_NOT_ROAD_DISTANCE
18,D185,1,4,L00483,Caprino - bosco,L00402,Caprino - piazza marconi,404.650,OFFICIAL_STOP_COORDINATE_GEODESIC_NOT_ROAD_DISTANCE
18,D185,1,5,L00402,Caprino - piazza marconi,L00482,Caprino - roccolino,418.151,OFFICIAL_STOP_COORDINATE_GEODESIC_NOT_ROAD_DISTANCE
18,D185,1,6,L00482,Caprino - roccolino,300399,Sant'Antonio d'Adda,863.570,OFFICIAL_STOP_COORDINATE_GEODESIC_NOT_ROAD_DISTANCE
18,D185,1,7,300399,Sant'Antonio d'Adda,L00941,Caprino - via agricoltura/via foppa,1375.895,OFFICIAL_STOP_COORDINATE_GEODESIC_NOT_ROAD_DISTANCE
18,D185,1,8,L00941,Caprino - via agricoltura/via foppa,L00401,Celana,768.383,OFFICIAL_STOP_COORDINATE_GEODESIC_NOT_ROAD_DISTANCE
