osm_type,osm_id,osm_lon,osm_lat,osm_name,osm_name_norm,osm_ref,osm_network,osm_operator,osm_public_transport,osm_highway,osm_bus,osm_shelter,osm_bench,osm_departures_board,osm_tactile_paving,matched_physical_cluster_id,match_status,match_distance_m,match_exact_ref,match_exact_name,match_token_jaccard,nearest_gtfs_cluster_id_even_if_unmatched,nearest_gtfs_distance_m,second_nearest_gtfs_distance_m,gtfs_cluster_names,gtfs_cluster_routes,gtfs_cluster_municipalities,epistemic_status
node,13637611233,9.4152282,45.7240616,Calco - via statale (edicola),calco via statale edicola,,,,platform,bus_stop,yes,,,,,EX_005,CONFIRMED_EXACT_NAME_DISTANCE,17.426,False,True,1.0,EX_005,17.426,101.05,Calco - via statale (edicola),D148|D150,Calco,CROSS_SOURCE_EXISTING_STOP_EVIDENCE
node,13637611235,9.4233459,45.7414384,Airuno - elettroadda,airuno elettroadda,,,,platform,bus_stop,yes,,,,,EX_014,CONFIRMED_EXACT_NAME_DISTANCE,12.003,False,True,1.0,EX_014,12.003,104.394,Airuno - elettroadda,D148|D150,Brivio,CROSS_SOURCE_EXISTING_STOP_EVIDENCE
node,13637768776,9.422965,45.7406747,Brivio - beverate (cariplo),brivio beverate cariplo,,,,platform,bus_stop,yes,,,,,EX_003,CONFIRMED_EXACT_NAME_DISTANCE,19.78,False,True,1.0,EX_003,19.78,77.21,Brivio - beverate (cariplo),D150|D185,Brivio,CROSS_SOURCE_EXISTING_STOP_EVIDENCE
node,13637768777,9.4280344,45.737395,Brivio - beverate (paese),brivio beverate paese,,,,platform,bus_stop,yes,,,,,EX_008,CONFIRMED_EXACT_NAME_DISTANCE,7.245,False,True,1.0,EX_008,7.245,304.294,Brivio - beverate (paese),D150|D185,Brivio,CROSS_SOURCE_EXISTING_STOP_EVIDENCE
node,13637768778,9.4269884,45.7347441,Brivio - beverate (quattro strade),brivio beverate quattro strade,,,,platform,bus_stop,yes,,,,,EX_012,CONFIRMED_EXACT_NAME_DISTANCE,5.005,False,True,1.0,EX_012,5.005,299.367,Brivio - beverate (quattro strade)|Brivio - beverate (tre strade),D150|D185,Brivio,CROSS_SOURCE_EXISTING_STOP_EVIDENCE
node,13637768780,9.4361736,45.7369195,Brivio - vaccarezza,brivio vaccarezza,,,,platform,bus_stop,yes,,,,,EX_004,CONFIRMED_EXACT_NAME_DISTANCE,10.455,False,True,1.0,EX_004,10.455,625.791,Brivio - vaccarezza,D148|D150|D185,Brivio,CROSS_SOURCE_EXISTING_STOP_EVIDENCE
node,13637768781,9.439057,45.7421563,Brivio - via como (pizzeria),brivio via como pizzeria,,,,platform,bus_stop,yes,,,,,EX_010,CONFIRMED_EXACT_NAME_DISTANCE,13.646,False,True,1.0,EX_010,13.646,524.811,Brivio - via como (pizzeria),D148|D150|D185,Brivio,CROSS_SOURCE_EXISTING_STOP_EVIDENCE
node,13637768782,9.4441652,45.7235589,Calco- arlate - (provinciale),calco arlate provinciale,,,,platform,bus_stop,yes,,,,,EX_015,CONFIRMED_EXACT_NAME_DISTANCE,8.166,False,True,1.0,EX_015,8.166,249.748,Calco - arlate - (provinciale)|Calco- arlate - (provinciale),D150|D170,Calco,CROSS_SOURCE_EXISTING_STOP_EVIDENCE
node,13637768783,9.4446158,45.7182107,Imbersago - arlate (fiorista),imbersago arlate fiorista,,,,platform,bus_stop,yes,,,,,EX_031,CONFIRMED_EXACT_NAME_DISTANCE,8.144,False,True,1.0,EX_031,8.144,589.822,Imbersago - arlate (fiorista),D150|D170,Calco,CROSS_SOURCE_EXISTING_STOP_EVIDENCE
node,14006806497,9.4149131,45.7249932,Calco - via virgilio,calco via virgilio,,,,platform,bus_stop,yes,,,,,EX_007,CONFIRMED_EXACT_NAME_DISTANCE,5.593,False,True,1.0,EX_007,5.593,42.766,Calco - via virgilio,D185,Calco,CROSS_SOURCE_EXISTING_STOP_EVIDENCE
node,5749368666,9.4459145,45.7424813,Brivio - capolinea,brivio capolinea,,,,platform,bus_stop,yes,yes,yes,,,EX_036,CONFIRMED_EXACT_NAME_DISTANCE,6.105,False,True,1.0,EX_036,6.105,128.667,Brivio - capolinea,D148|D150|D185,Brivio,CROSS_SOURCE_EXISTING_STOP_EVIDENCE
node,1847848087,9.4043941,45.7291359,Olgiate Molgora FS - Piazza Repubblica,olgiate molgora fs piazza repubblica,300407,Merate e dintorni,Arriva Italia,stop_position,bus_stop,yes,,,,,EX_011,CONFLICT_EXACT_REF_DISTANCE_REVIEW,519.19,True,False,0.4,EX_039,3.985,309.412,Olgiate Molgora - stazione f.s.,D184|D185,Olgiate Molgora,CROSS_SOURCE_MATCH_REQUIRES_REVIEW
node,11574570667,9.4576552,45.7194048,Via Robasacchi,via robasacchi,,Bergamo Trasporti Ovest,Autoservizi Locatelli S.r.l.,platform,bus_stop,yes,yes,yes,timetable,,,OSM_ONLY_UNMATCHED_REFERENCE_GTFS,1021.085,False,False,0.0,EX_031,1021.085,1152.633,,,,FACT_OSM_OBSERVATION_UNCONFIRMED_BY_REFERENCE_GTFS
node,11574583469,9.4585857,45.7158905,Via S. Martirio,via s martirio,,Bergamo Trasporti Ovest,Autoservizi Locatelli S.r.l.,platform,bus_stop,yes,yes,yes,timetable,,,OSM_ONLY_UNMATCHED_REFERENCE_GTFS,1117.96,False,False,0.0,EX_031,1117.96,1413.381,,,,FACT_OSM_OBSERVATION_UNCONFIRMED_BY_REFERENCE_GTFS
node,11574583470,9.4587463,45.715899,Via S. Martirio,via s martirio,,Bergamo Trasporti Ovest,Autoservizi Locatelli S.r.l.,platform,bus_stop,yes,no,no,timetable,,,OSM_ONLY_UNMATCHED_REFERENCE_GTFS,1129.883,False,False,0.0,EX_031,1129.883,1422.829,,,,FACT_OSM_OBSERVATION_UNCONFIRMED_BY_REFERENCE_GTFS
node,11574870786,9.4563229,45.7211592,Via delle Industrie,via delle industrie,,Bergamo Trasporti Ovest,Autoservizi Locatelli S.r.l.,platform,bus_stop,yes,no,no,timetable,,,OSM_ONLY_UNMATCHED_REFERENCE_GTFS,959.546,False,False,0.0,EX_031,959.546,989.546,,,,FACT_OSM_OBSERVATION_UNCONFIRMED_BY_REFERENCE_GTFS
node,13634821500,9.4544622,45.7559625,Cisano - rotonda (via mayer),cisano rotonda via mayer,,,,platform,bus_stop,,,,,,,OSM_ONLY_UNMATCHED_REFERENCE_GTFS,1324.974,False,False,0.0,EX_040,1324.974,1643.96,,,,FACT_OSM_OBSERVATION_UNCONFIRMED_BY_REFERENCE_GTFS
node,13637611236,9.4265994,45.7554554,Airuno - statale,airuno statale,,,,platform,bus_stop,yes,,,,,,OSM_ONLY_UNMATCHED_REFERENCE_GTFS,1459.449,False,False,0.0,EX_017,1459.449,1576.48,,,,FACT_OSM_OBSERVATION_UNCONFIRMED_BY_REFERENCE_GTFS
node,13637768775,9.4267657,45.7553131,Airuno - statale,airuno statale,,,,platform,bus_stop,yes,,,,,,OSM_ONLY_UNMATCHED_REFERENCE_GTFS,1476.45,False,False,0.0,EX_017,1476.45,1562.908,,,,FACT_OSM_OBSERVATION_UNCONFIRMED_BY_REFERENCE_GTFS
node,13637768784,9.4441009,45.7149035,Imbersago - madonna bosco,imbersago madonna bosco,,,,platform,bus_stop,yes,,,,,,OSM_ONLY_UNMATCHED_REFERENCE_GTFS,377.749,False,False,0.2,EX_031,377.749,955.154,,,,FACT_OSM_OBSERVATION_UNCONFIRMED_BY_REFERENCE_GTFS
node,3589553063,9.4180752,45.7135963,,,,,,platform,bus_stop,yes,,,,,,OSM_ONLY_UNMATCHED_REFERENCE_GTFS,828.005,False,False,0.0,EX_021,828.005,1158.404,,,,FACT_OSM_OBSERVATION_UNCONFIRMED_BY_REFERENCE_GTFS
node,3589702911,9.4180216,45.7143343,,,,,,platform,bus_stop,yes,,,,,,OSM_ONLY_UNMATCHED_REFERENCE_GTFS,762.858,False,False,0.0,EX_021,762.858,1077.271,,,,FACT_OSM_OBSERVATION_UNCONFIRMED_BY_REFERENCE_GTFS
node,3589822002,9.4214709,45.7167969,,,,,,platform,bus_stop,yes,,,,,,OSM_ONLY_UNMATCHED_REFERENCE_GTFS,387.055,False,False,0.0,EX_021,387.055,922.824,,,,FACT_OSM_OBSERVATION_UNCONFIRMED_BY_REFERENCE_GTFS
node,3589822072,9.4216077,45.7167988,,,,,,platform,bus_stop,yes,,,,,,OSM_ONLY_UNMATCHED_REFERENCE_GTFS,381.91,False,False,0.0,EX_021,381.91,928.38,,,,FACT_OSM_OBSERVATION_UNCONFIRMED_BY_REFERENCE_GTFS
node,5913688048,9.4080479,45.7168127,CALCO Via Statale/Scagnello (Esselunga),calco via statale scagnello esselunga,,,,platform,bus_stop,yes,yes,yes,,yes,,OSM_ONLY_UNMATCHED_REFERENCE_GTFS,919.219,False,False,0.1429,EX_019,919.219,953.735,,,,FACT_OSM_OBSERVATION_UNCONFIRMED_BY_REFERENCE_GTFS
node,5913688049,9.4082853,45.7169204,,,,,,platform,bus_stop,yes,yes,yes,,yes,,OSM_ONLY_UNMATCHED_REFERENCE_GTFS,904.252,False,False,0.0,EX_019,904.252,933.326,,,,FACT_OSM_OBSERVATION_UNCONFIRMED_BY_REFERENCE_GTFS
node,14006806495,9.404368,45.7291031,Olgiate Molgora FS - Piazza Repubblica,olgiate molgora fs piazza repubblica,,,,platform,bus_stop,yes,,,,,EX_039,PROBABLE_DISTANCE_ONLY_REVIEW,8.12,False,False,0.4,EX_039,8.12,306.773,Olgiate Molgora (stazione f.s.),D184|D185,Olgiate Molgora,CROSS_SOURCE_MATCH_REQUIRES_REVIEW
node,2428954867,9.3704765,45.73716,,,,,,platform,bus_stop,yes,no,no,,no,EX_042,PROBABLE_DISTANCE_ONLY_REVIEW,3.089,False,False,0.0,EX_042,3.089,85.077,Rovagnate - semaforo,D184,La Valletta Brianza,CROSS_SOURCE_MATCH_REQUIRES_REVIEW
node,2428954874,9.3694523,45.7371666,,,,,,platform,bus_stop,yes,no,no,,no,EX_029,PROBABLE_DISTANCE_ONLY_REVIEW,5.392,False,False,0.0,EX_029,5.392,79.031,Rovagnate - semaforo,D184,La Valletta Brianza,CROSS_SOURCE_MATCH_REQUIRES_REVIEW
node,3589784824,9.4238044,45.7196806,,,,,,platform,bus_stop,yes,,,,,EX_021,PROBABLE_DISTANCE_ONLY_REVIEW,20.123,False,False,0.0,EX_021,20.123,816.44,Merate - sartirana (cimitero),D170,Calco,CROSS_SOURCE_MATCH_REQUIRES_REVIEW
node,3589784827,9.4237025,45.7196993,,,,,,platform,bus_stop,yes,,,,,EX_021,PROBABLE_DISTANCE_ONLY_REVIEW,20.815,False,False,0.0,EX_021,20.815,808.72,Merate - sartirana (cimitero),D170,Calco,CROSS_SOURCE_MATCH_REQUIRES_REVIEW
node,4051648530,9.3745228,45.737145,Via Statale - Via Barzaghi (La Valletta Brianza),via statale via barzaghi la valletta brianza,,,,platform,bus_stop,yes,no,no,,,EX_024,PROBABLE_DISTANCE_ONLY_REVIEW,11.675,False,False,0.1429,EX_024,11.675,315.54,Rovagnate - la pesa,D184,La Valletta Brianza,CROSS_SOURCE_MATCH_REQUIRES_REVIEW
node,4051648531,9.3742635,45.7372491,Via Statale - Via Barzaghi (La Valletta Brianza),via statale via barzaghi la valletta brianza,,,,platform,bus_stop,yes,no,no,,,EX_024,PROBABLE_DISTANCE_ONLY_REVIEW,19.722,False,False,0.1429,EX_024,19.722,295.645,Rovagnate - la pesa,D184,La Valletta Brianza,CROSS_SOURCE_MATCH_REQUIRES_REVIEW
node,5749603240,9.4456863,45.7413677,Via Como,via como,,,,platform,bus_stop,yes,yes,yes,timetable,,EX_002,PROBABLE_DISTANCE_ONLY_REVIEW,4.0,False,False,0.0,EX_002,4.0,120.92,Brivio - capolinea,D150|D185,Brivio,CROSS_SOURCE_MATCH_REQUIRES_REVIEW
node,14006806496,9.4128075,45.7250774,Calco - via virgilio (pensilina asf),calco via virgilio pensilina asf,,,,platform,bus_stop,yes,,,,,EX_019,PROBABLE_EXACT_NAME_DISTANCE_REVIEW,204.718,False,True,1.0,EX_038,122.177,167.321,Calco - via virgilio (pensilina asf),D148|D185,Calco,CROSS_SOURCE_MATCH_REQUIRES_REVIEW
node,13637611234,9.4195372,45.736545,"Calco - via nazionale, 85 (2)",calco via nazionale 85 2,,,,platform,bus_stop,yes,,,,,EX_035,PROBABLE_TOKEN_NAME_DISTANCE_REVIEW,12.004,False,False,1.0,EX_035,12.004,52.506,"Calco - via nazionale, 85",D148|D150|D185,Olgiate Molgora,CROSS_SOURCE_MATCH_REQUIRES_REVIEW
node,14006806498,9.417429,45.7292622,Calco - Via Nazionale 90,calco via nazionale 90,,,,platform,bus_stop,yes,,,,,EX_016,PROBABLE_TOKEN_NAME_DISTANCE_REVIEW,46.554,False,False,0.6667,EX_016,46.554,516.474,Calco - via Nazionale,D185,Calco,CROSS_SOURCE_MATCH_REQUIRES_REVIEW
