trip_id,route_id,source_page,source_column,direction_heading,direction_origin,direction_terminal,day_code,note_code,active_on_reference_date,reference_date,valid_from,valid_to,first_published_time,last_published_time,scheduled_runtime_min,published_timed_stops,runtime_semantics,source_url,source_pdf_sha256,gate_c_commit,epistemic_status,trip_first_published_stop_label,trip_last_published_stop_label,operator_trip_id,trip_identity_semantics,page_direction_semantics
PDF20260903:D150:P01:C01,D150,1,1,LECCO→GARLATE→VALGREGHENTINO→MERATE,LECCO,MERATE,123456,,True,2026-09-03,2026-06-09,2026-09-13,06:00,06:47,47,14,SCHEDULED_PUBLISHED_TIME_NOT_OBSERVED_RUNTIME,https://www.leccotrasporti.it/percorsi/estivo/linea-d150.pdf,ee2707bdb4a2174008b6819e04b2f2a564e4bef5c2d6f8830e6dc9589f47349b,dcc3e75ae3b4f4ea5170f48e85345b83620c5536,RECONSTRUCTED_FROM_OFFICIAL_PRIMARY_TIMETABLE,LECCO Meridiane,VALGREGHENTINO,,RECONSTRUCTED_TIMETABLE_COLUMN_ID_NOT_OPERATOR_TRIP_ID,PUBLISHED_PAGE_ORIENTATION_NOT_NECESSARILY_TRIP_ENDPOINTS
PDF20260903:D150:P01:C02,D150,1,2,LECCO→GARLATE→VALGREGHENTINO→MERATE,LECCO,MERATE,123456,,True,2026-09-03,2026-06-09,2026-09-13,07:01,07:35,34,11,SCHEDULED_PUBLISHED_TIME_NOT_OBSERVED_RUNTIME,https://www.leccotrasporti.it/percorsi/estivo/linea-d150.pdf,ee2707bdb4a2174008b6819e04b2f2a564e4bef5c2d6f8830e6dc9589f47349b,dcc3e75ae3b4f4ea5170f48e85345b83620c5536,RECONSTRUCTED_FROM_OFFICIAL_PRIMARY_TIMETABLE,LECCO Meridiane,VALGREGHENTINO,,RECONSTRUCTED_TIMETABLE_COLUMN_ID_NOT_OPERATOR_TRIP_ID,PUBLISHED_PAGE_ORIENTATION_NOT_NECESSARILY_TRIP_ENDPOINTS
PDF20260903:D150:P01:C03,D150,1,3,LECCO→GARLATE→VALGREGHENTINO→MERATE,LECCO,MERATE,123456,,True,2026-09-03,2026-06-09,2026-09-13,07:40,08:27,47,14,SCHEDULED_PUBLISHED_TIME_NOT_OBSERVED_RUNTIME,https://www.leccotrasporti.it/percorsi/estivo/linea-d150.pdf,ee2707bdb4a2174008b6819e04b2f2a564e4bef5c2d6f8830e6dc9589f47349b,dcc3e75ae3b4f4ea5170f48e85345b83620c5536,RECONSTRUCTED_FROM_OFFICIAL_PRIMARY_TIMETABLE,LECCO Meridiane,VALGREGHENTINO,,RECONSTRUCTED_TIMETABLE_COLUMN_ID_NOT_OPERATOR_TRIP_ID,PUBLISHED_PAGE_ORIENTATION_NOT_NECESSARILY_TRIP_ENDPOINTS
PDF20260903:D150:P01:C04,D150,1,4,LECCO→GARLATE→VALGREGHENTINO→MERATE,LECCO,MERATE,123456,A,True,2026-09-03,2026-06-09,2026-09-13,08:20,08:55,35,11,SCHEDULED_PUBLISHED_TIME_NOT_OBSERVED_RUNTIME,https://www.leccotrasporti.it/percorsi/estivo/linea-d150.pdf,ee2707bdb4a2174008b6819e04b2f2a564e4bef5c2d6f8830e6dc9589f47349b,dcc3e75ae3b4f4ea5170f48e85345b83620c5536,RECONSTRUCTED_FROM_OFFICIAL_PRIMARY_TIMETABLE,LECCO Meridiane,VALGREGHENTINO,,RECONSTRUCTED_TIMETABLE_COLUMN_ID_NOT_OPERATOR_TRIP_ID,PUBLISHED_PAGE_ORIENTATION_NOT_NECESSARILY_TRIP_ENDPOINTS
PDF20260903:D150:P01:C05,D150,1,5,LECCO→GARLATE→VALGREGHENTINO→MERATE,LECCO,MERATE,12345,A,True,2026-09-03,2026-06-09,2026-09-13,10:00,10:31,31,10,SCHEDULED_PUBLISHED_TIME_NOT_OBSERVED_RUNTIME,https://www.leccotrasporti.it/percorsi/estivo/linea-d150.pdf,ee2707bdb4a2174008b6819e04b2f2a564e4bef5c2d6f8830e6dc9589f47349b,dcc3e75ae3b4f4ea5170f48e85345b83620c5536,RECONSTRUCTED_FROM_OFFICIAL_PRIMARY_TIMETABLE,LECCO Ospedale Manzoni,VALGREGHENTINO,,RECONSTRUCTED_TIMETABLE_COLUMN_ID_NOT_OPERATOR_TRIP_ID,PUBLISHED_PAGE_ORIENTATION_NOT_NECESSARILY_TRIP_ENDPOINTS
PDF20260903:D150:P01:C06,D150,1,6,LECCO→GARLATE→VALGREGHENTINO→MERATE,LECCO,MERATE,123456,D,True,2026-09-03,2026-06-09,2026-09-13,10:45,11:32,47,14,SCHEDULED_PUBLISHED_TIME_NOT_OBSERVED_RUNTIME,https://www.leccotrasporti.it/percorsi/estivo/linea-d150.pdf,ee2707bdb4a2174008b6819e04b2f2a564e4bef5c2d6f8830e6dc9589f47349b,dcc3e75ae3b4f4ea5170f48e85345b83620c5536,RECONSTRUCTED_FROM_OFFICIAL_PRIMARY_TIMETABLE,LECCO Meridiane,VALGREGHENTINO,,RECONSTRUCTED_TIMETABLE_COLUMN_ID_NOT_OPERATOR_TRIP_ID,PUBLISHED_PAGE_ORIENTATION_NOT_NECESSARILY_TRIP_ENDPOINTS
PDF20260903:D150:P01:C07,D150,1,7,LECCO→GARLATE→VALGREGHENTINO→MERATE,LECCO,MERATE,123456,A,True,2026-09-03,2026-06-09,2026-09-13,12:15,13:05,50,15,SCHEDULED_PUBLISHED_TIME_NOT_OBSERVED_RUNTIME,https://www.leccotrasporti.it/percorsi/estivo/linea-d150.pdf,ee2707bdb4a2174008b6819e04b2f2a564e4bef5c2d6f8830e6dc9589f47349b,dcc3e75ae3b4f4ea5170f48e85345b83620c5536,RECONSTRUCTED_FROM_OFFICIAL_PRIMARY_TIMETABLE,LECCO Meridiane,MERATE Scuole (Via De Gasperi),,RECONSTRUCTED_TIMETABLE_COLUMN_ID_NOT_OPERATOR_TRIP_ID,PUBLISHED_PAGE_ORIENTATION_NOT_NECESSARILY_TRIP_ENDPOINTS
PDF20260903:D150:P01:C08,D150,1,8,LECCO→GARLATE→VALGREGHENTINO→MERATE,LECCO,MERATE,12345,A,True,2026-09-03,2026-06-09,2026-09-13,12:25,12:57,32,10,SCHEDULED_PUBLISHED_TIME_NOT_OBSERVED_RUNTIME,https://www.leccotrasporti.it/percorsi/estivo/linea-d150.pdf,ee2707bdb4a2174008b6819e04b2f2a564e4bef5c2d6f8830e6dc9589f47349b,dcc3e75ae3b4f4ea5170f48e85345b83620c5536,RECONSTRUCTED_FROM_OFFICIAL_PRIMARY_TIMETABLE,LECCO Ospedale Manzoni,VALGREGHENTINO,,RECONSTRUCTED_TIMETABLE_COLUMN_ID_NOT_OPERATOR_TRIP_ID,PUBLISHED_PAGE_ORIENTATION_NOT_NECESSARILY_TRIP_ENDPOINTS
PDF20260903:D150:P01:C09,D150,1,9,LECCO→GARLATE→VALGREGHENTINO→MERATE,LECCO,MERATE,123456,,True,2026-09-03,2026-06-09,2026-09-13,12:22,13:01,39,11,SCHEDULED_PUBLISHED_TIME_NOT_OBSERVED_RUNTIME,https://www.leccotrasporti.it/percorsi/estivo/linea-d150.pdf,ee2707bdb4a2174008b6819e04b2f2a564e4bef5c2d6f8830e6dc9589f47349b,dcc3e75ae3b4f4ea5170f48e85345b83620c5536,RECONSTRUCTED_FROM_OFFICIAL_PRIMARY_TIMETABLE,LECCO Meridiane,VALGREGHENTINO,,RECONSTRUCTED_TIMETABLE_COLUMN_ID_NOT_OPERATOR_TRIP_ID,PUBLISHED_PAGE_ORIENTATION_NOT_NECESSARILY_TRIP_ENDPOINTS
PDF20260903:D150:P01:C10,D150,1,10,LECCO→GARLATE→VALGREGHENTINO→MERATE,LECCO,MERATE,123456,A,True,2026-09-03,2026-06-09,2026-09-13,13:15,13:54,39,11,SCHEDULED_PUBLISHED_TIME_NOT_OBSERVED_RUNTIME,https://www.leccotrasporti.it/percorsi/estivo/linea-d150.pdf,ee2707bdb4a2174008b6819e04b2f2a564e4bef5c2d6f8830e6dc9589f47349b,dcc3e75ae3b4f4ea5170f48e85345b83620c5536,RECONSTRUCTED_FROM_OFFICIAL_PRIMARY_TIMETABLE,LECCO Meridiane,VALGREGHENTINO,,RECONSTRUCTED_TIMETABLE_COLUMN_ID_NOT_OPERATOR_TRIP_ID,PUBLISHED_PAGE_ORIENTATION_NOT_NECESSARILY_TRIP_ENDPOINTS
PDF20260903:D150:P01:C11,D150,1,11,LECCO→GARLATE→VALGREGHENTINO→MERATE,LECCO,MERATE,123456,B,False,2026-09-03,2026-06-09,2026-09-13,14:35,15:14,39,11,SCHEDULED_PUBLISHED_TIME_NOT_OBSERVED_RUNTIME,https://www.leccotrasporti.it/percorsi/estivo/linea-d150.pdf,ee2707bdb4a2174008b6819e04b2f2a564e4bef5c2d6f8830e6dc9589f47349b,dcc3e75ae3b4f4ea5170f48e85345b83620c5536,RECONSTRUCTED_FROM_OFFICIAL_PRIMARY_TIMETABLE,LECCO Meridiane,VALGREGHENTINO,,RECONSTRUCTED_TIMETABLE_COLUMN_ID_NOT_OPERATOR_TRIP_ID,PUBLISHED_PAGE_ORIENTATION_NOT_NECESSARILY_TRIP_ENDPOINTS
PDF20260903:D150:P01:C12,D150,1,12,LECCO→GARLATE→VALGREGHENTINO→MERATE,LECCO,MERATE,123456,A,True,2026-09-03,2026-06-09,2026-09-13,14:35,15:22,47,14,SCHEDULED_PUBLISHED_TIME_NOT_OBSERVED_RUNTIME,https://www.leccotrasporti.it/percorsi/estivo/linea-d150.pdf,ee2707bdb4a2174008b6819e04b2f2a564e4bef5c2d6f8830e6dc9589f47349b,dcc3e75ae3b4f4ea5170f48e85345b83620c5536,RECONSTRUCTED_FROM_OFFICIAL_PRIMARY_TIMETABLE,LECCO Meridiane,VALGREGHENTINO,,RECONSTRUCTED_TIMETABLE_COLUMN_ID_NOT_OPERATOR_TRIP_ID,PUBLISHED_PAGE_ORIENTATION_NOT_NECESSARILY_TRIP_ENDPOINTS
PDF20260903:D150:P01:C13,D150,1,13,LECCO→GARLATE→VALGREGHENTINO→MERATE,LECCO,MERATE,12345,,True,2026-09-03,2026-06-09,2026-09-13,14:55,15:45,50,15,SCHEDULED_PUBLISHED_TIME_NOT_OBSERVED_RUNTIME,https://www.leccotrasporti.it/percorsi/estivo/linea-d150.pdf,ee2707bdb4a2174008b6819e04b2f2a564e4bef5c2d6f8830e6dc9589f47349b,dcc3e75ae3b4f4ea5170f48e85345b83620c5536,RECONSTRUCTED_FROM_OFFICIAL_PRIMARY_TIMETABLE,LECCO Meridiane,MERATE Scuole (Via De Gasperi),,RECONSTRUCTED_TIMETABLE_COLUMN_ID_NOT_OPERATOR_TRIP_ID,PUBLISHED_PAGE_ORIENTATION_NOT_NECESSARILY_TRIP_ENDPOINTS
PDF20260903:D150:P01:C14,D150,1,14,LECCO→GARLATE→VALGREGHENTINO→MERATE,LECCO,MERATE,12345,,True,2026-09-03,2026-06-09,2026-09-13,16:35,17:22,47,14,SCHEDULED_PUBLISHED_TIME_NOT_OBSERVED_RUNTIME,https://www.leccotrasporti.it/percorsi/estivo/linea-d150.pdf,ee2707bdb4a2174008b6819e04b2f2a564e4bef5c2d6f8830e6dc9589f47349b,dcc3e75ae3b4f4ea5170f48e85345b83620c5536,RECONSTRUCTED_FROM_OFFICIAL_PRIMARY_TIMETABLE,LECCO Meridiane,VALGREGHENTINO,,RECONSTRUCTED_TIMETABLE_COLUMN_ID_NOT_OPERATOR_TRIP_ID,PUBLISHED_PAGE_ORIENTATION_NOT_NECESSARILY_TRIP_ENDPOINTS
PDF20260903:D150:P01:C15,D150,1,15,LECCO→GARLATE→VALGREGHENTINO→MERATE,LECCO,MERATE,6,A,False,2026-09-03,2026-06-09,2026-09-13,16:35,17:22,47,14,SCHEDULED_PUBLISHED_TIME_NOT_OBSERVED_RUNTIME,https://www.leccotrasporti.it/percorsi/estivo/linea-d150.pdf,ee2707bdb4a2174008b6819e04b2f2a564e4bef5c2d6f8830e6dc9589f47349b,dcc3e75ae3b4f4ea5170f48e85345b83620c5536,RECONSTRUCTED_FROM_OFFICIAL_PRIMARY_TIMETABLE,LECCO Meridiane,VALGREGHENTINO,,RECONSTRUCTED_TIMETABLE_COLUMN_ID_NOT_OPERATOR_TRIP_ID,PUBLISHED_PAGE_ORIENTATION_NOT_NECESSARILY_TRIP_ENDPOINTS
PDF20260903:D150:P01:C16,D150,1,16,LECCO→GARLATE→VALGREGHENTINO→MERATE,LECCO,MERATE,123456,,True,2026-09-03,2026-06-09,2026-09-13,18:45,19:32,47,14,SCHEDULED_PUBLISHED_TIME_NOT_OBSERVED_RUNTIME,https://www.leccotrasporti.it/percorsi/estivo/linea-d150.pdf,ee2707bdb4a2174008b6819e04b2f2a564e4bef5c2d6f8830e6dc9589f47349b,dcc3e75ae3b4f4ea5170f48e85345b83620c5536,RECONSTRUCTED_FROM_OFFICIAL_PRIMARY_TIMETABLE,LECCO Meridiane,VALGREGHENTINO,,RECONSTRUCTED_TIMETABLE_COLUMN_ID_NOT_OPERATOR_TRIP_ID,PUBLISHED_PAGE_ORIENTATION_NOT_NECESSARILY_TRIP_ENDPOINTS
PDF20260903:D150:P01:C17,D150,1,17,LECCO→GARLATE→VALGREGHENTINO→MERATE,LECCO,MERATE,123456,B,False,2026-09-03,2026-06-09,2026-09-13,19:15,19:53,38,11,SCHEDULED_PUBLISHED_TIME_NOT_OBSERVED_RUNTIME,https://www.leccotrasporti.it/percorsi/estivo/linea-d150.pdf,ee2707bdb4a2174008b6819e04b2f2a564e4bef5c2d6f8830e6dc9589f47349b,dcc3e75ae3b4f4ea5170f48e85345b83620c5536,RECONSTRUCTED_FROM_OFFICIAL_PRIMARY_TIMETABLE,LECCO Meridiane,VALGREGHENTINO,,RECONSTRUCTED_TIMETABLE_COLUMN_ID_NOT_OPERATOR_TRIP_ID,PUBLISHED_PAGE_ORIENTATION_NOT_NECESSARILY_TRIP_ENDPOINTS
PDF20260903:D150:P01:C18,D150,1,18,LECCO→GARLATE→VALGREGHENTINO→MERATE,LECCO,MERATE,123456,A,True,2026-09-03,2026-06-09,2026-09-13,19:15,20:02,47,14,SCHEDULED_PUBLISHED_TIME_NOT_OBSERVED_RUNTIME,https://www.leccotrasporti.it/percorsi/estivo/linea-d150.pdf,ee2707bdb4a2174008b6819e04b2f2a564e4bef5c2d6f8830e6dc9589f47349b,dcc3e75ae3b4f4ea5170f48e85345b83620c5536,RECONSTRUCTED_FROM_OFFICIAL_PRIMARY_TIMETABLE,LECCO Meridiane,VALGREGHENTINO,,RECONSTRUCTED_TIMETABLE_COLUMN_ID_NOT_OPERATOR_TRIP_ID,PUBLISHED_PAGE_ORIENTATION_NOT_NECESSARILY_TRIP_ENDPOINTS
PDF20260903:D150:P02:C01,D150,2,1,MERATE→VALGREGHENINO→GARLATE→LECCO,MERATE,LECCO,123456,A,True,2026-09-03,2026-06-09,2026-09-13,05:20,05:59,39,12,SCHEDULED_PUBLISHED_TIME_NOT_OBSERVED_RUNTIME,https://www.leccotrasporti.it/percorsi/estivo/linea-d150.pdf,ee2707bdb4a2174008b6819e04b2f2a564e4bef5c2d6f8830e6dc9589f47349b,dcc3e75ae3b4f4ea5170f48e85345b83620c5536,RECONSTRUCTED_FROM_OFFICIAL_PRIMARY_TIMETABLE,VALGREGHENTINO,LECCO (P.zzale Meridiane),,RECONSTRUCTED_TIMETABLE_COLUMN_ID_NOT_OPERATOR_TRIP_ID,PUBLISHED_PAGE_ORIENTATION_NOT_NECESSARILY_TRIP_ENDPOINTS
PDF20260903:D150:P02:C02,D150,2,2,MERATE→VALGREGHENINO→GARLATE→LECCO,MERATE,LECCO,123456,,True,2026-09-03,2026-06-09,2026-09-13,06:50,07:40,50,15,SCHEDULED_PUBLISHED_TIME_NOT_OBSERVED_RUNTIME,https://www.leccotrasporti.it/percorsi/estivo/linea-d150.pdf,ee2707bdb4a2174008b6819e04b2f2a564e4bef5c2d6f8830e6dc9589f47349b,dcc3e75ae3b4f4ea5170f48e85345b83620c5536,RECONSTRUCTED_FROM_OFFICIAL_PRIMARY_TIMETABLE,VALGREGHENTINO,LECCO (P.zzale Meridiane),,RECONSTRUCTED_TIMETABLE_COLUMN_ID_NOT_OPERATOR_TRIP_ID,PUBLISHED_PAGE_ORIENTATION_NOT_NECESSARILY_TRIP_ENDPOINTS
PDF20260903:D150:P02:C03,D150,2,3,MERATE→VALGREGHENINO→GARLATE→LECCO,MERATE,LECCO,123456,B,False,2026-09-03,2026-06-09,2026-09-13,07:35,08:22,47,15,SCHEDULED_PUBLISHED_TIME_NOT_OBSERVED_RUNTIME,https://www.leccotrasporti.it/percorsi/estivo/linea-d150.pdf,ee2707bdb4a2174008b6819e04b2f2a564e4bef5c2d6f8830e6dc9589f47349b,dcc3e75ae3b4f4ea5170f48e85345b83620c5536,RECONSTRUCTED_FROM_OFFICIAL_PRIMARY_TIMETABLE,VALGREGHENTINO,LECCO (P.zzale Meridiane),,RECONSTRUCTED_TIMETABLE_COLUMN_ID_NOT_OPERATOR_TRIP_ID,PUBLISHED_PAGE_ORIENTATION_NOT_NECESSARILY_TRIP_ENDPOINTS
PDF20260903:D150:P02:C04,D150,2,4,MERATE→VALGREGHENINO→GARLATE→LECCO,MERATE,LECCO,123456,A,True,2026-09-03,2026-06-09,2026-09-13,07:41,08:20,39,12,SCHEDULED_PUBLISHED_TIME_NOT_OBSERVED_RUNTIME,https://www.leccotrasporti.it/percorsi/estivo/linea-d150.pdf,ee2707bdb4a2174008b6819e04b2f2a564e4bef5c2d6f8830e6dc9589f47349b,dcc3e75ae3b4f4ea5170f48e85345b83620c5536,RECONSTRUCTED_FROM_OFFICIAL_PRIMARY_TIMETABLE,VALGREGHENTINO,LECCO (P.zzale Meridiane),,RECONSTRUCTED_TIMETABLE_COLUMN_ID_NOT_OPERATOR_TRIP_ID,PUBLISHED_PAGE_ORIENTATION_NOT_NECESSARILY_TRIP_ENDPOINTS
PDF20260903:D150:P02:C05,D150,2,5,MERATE→VALGREGHENINO→GARLATE→LECCO,MERATE,LECCO,123456,D,True,2026-09-03,2026-06-09,2026-09-13,08:32,09:19,47,15,SCHEDULED_PUBLISHED_TIME_NOT_OBSERVED_RUNTIME,https://www.leccotrasporti.it/percorsi/estivo/linea-d150.pdf,ee2707bdb4a2174008b6819e04b2f2a564e4bef5c2d6f8830e6dc9589f47349b,dcc3e75ae3b4f4ea5170f48e85345b83620c5536,RECONSTRUCTED_FROM_OFFICIAL_PRIMARY_TIMETABLE,VALGREGHENTINO,LECCO (P.zzale Meridiane),,RECONSTRUCTED_TIMETABLE_COLUMN_ID_NOT_OPERATOR_TRIP_ID,PUBLISHED_PAGE_ORIENTATION_NOT_NECESSARILY_TRIP_ENDPOINTS
PDF20260903:D150:P02:C06,D150,2,6,MERATE→VALGREGHENINO→GARLATE→LECCO,MERATE,LECCO,12345,A,True,2026-09-03,2026-06-09,2026-09-13,09:00,09:34,34,10,SCHEDULED_PUBLISHED_TIME_NOT_OBSERVED_RUNTIME,https://www.leccotrasporti.it/percorsi/estivo/linea-d150.pdf,ee2707bdb4a2174008b6819e04b2f2a564e4bef5c2d6f8830e6dc9589f47349b,dcc3e75ae3b4f4ea5170f48e85345b83620c5536,RECONSTRUCTED_FROM_OFFICIAL_PRIMARY_TIMETABLE,VALGREGHENTINO,LECCO Ospedale Manzoni,,RECONSTRUCTED_TIMETABLE_COLUMN_ID_NOT_OPERATOR_TRIP_ID,PUBLISHED_PAGE_ORIENTATION_NOT_NECESSARILY_TRIP_ENDPOINTS
PDF20260903:D150:P02:C07,D150,2,7,MERATE→VALGREGHENINO→GARLATE→LECCO,MERATE,LECCO,6,A,False,2026-09-03,2026-06-09,2026-09-13,09:00,09:47,47,15,SCHEDULED_PUBLISHED_TIME_NOT_OBSERVED_RUNTIME,https://www.leccotrasporti.it/percorsi/estivo/linea-d150.pdf,ee2707bdb4a2174008b6819e04b2f2a564e4bef5c2d6f8830e6dc9589f47349b,dcc3e75ae3b4f4ea5170f48e85345b83620c5536,RECONSTRUCTED_FROM_OFFICIAL_PRIMARY_TIMETABLE,VALGREGHENTINO,LECCO (P.zzale Meridiane),,RECONSTRUCTED_TIMETABLE_COLUMN_ID_NOT_OPERATOR_TRIP_ID,PUBLISHED_PAGE_ORIENTATION_NOT_NECESSARILY_TRIP_ENDPOINTS
PDF20260903:D150:P02:C08,D150,2,8,MERATE→VALGREGHENINO→GARLATE→LECCO,MERATE,LECCO,123456,A,True,2026-09-03,2026-06-09,2026-09-13,10:15,11:05,50,16,SCHEDULED_PUBLISHED_TIME_NOT_OBSERVED_RUNTIME,https://www.leccotrasporti.it/percorsi/estivo/linea-d150.pdf,ee2707bdb4a2174008b6819e04b2f2a564e4bef5c2d6f8830e6dc9589f47349b,dcc3e75ae3b4f4ea5170f48e85345b83620c5536,RECONSTRUCTED_FROM_OFFICIAL_PRIMARY_TIMETABLE,MERATE Scuole (Via De Gasperi),LECCO (P.zzale Meridiane),,RECONSTRUCTED_TIMETABLE_COLUMN_ID_NOT_OPERATOR_TRIP_ID,PUBLISHED_PAGE_ORIENTATION_NOT_NECESSARILY_TRIP_ENDPOINTS
PDF20260903:D150:P02:C09,D150,2,9,MERATE→VALGREGHENINO→GARLATE→LECCO,MERATE,LECCO,12345,A,True,2026-09-03,2026-06-09,2026-09-13,10:35,11:22,47,15,SCHEDULED_PUBLISHED_TIME_NOT_OBSERVED_RUNTIME,https://www.leccotrasporti.it/percorsi/estivo/linea-d150.pdf,ee2707bdb4a2174008b6819e04b2f2a564e4bef5c2d6f8830e6dc9589f47349b,dcc3e75ae3b4f4ea5170f48e85345b83620c5536,RECONSTRUCTED_FROM_OFFICIAL_PRIMARY_TIMETABLE,VALGREGHENTINO,LECCO (P.zzale Meridiane),,RECONSTRUCTED_TIMETABLE_COLUMN_ID_NOT_OPERATOR_TRIP_ID,PUBLISHED_PAGE_ORIENTATION_NOT_NECESSARILY_TRIP_ENDPOINTS
PDF20260903:D150:P02:C10,D150,2,10,MERATE→VALGREGHENINO→GARLATE→LECCO,MERATE,LECCO,123456,,True,2026-09-03,2026-06-09,2026-09-13,11:32,12:19,47,15,SCHEDULED_PUBLISHED_TIME_NOT_OBSERVED_RUNTIME,https://www.leccotrasporti.it/percorsi/estivo/linea-d150.pdf,ee2707bdb4a2174008b6819e04b2f2a564e4bef5c2d6f8830e6dc9589f47349b,dcc3e75ae3b4f4ea5170f48e85345b83620c5536,RECONSTRUCTED_FROM_OFFICIAL_PRIMARY_TIMETABLE,VALGREGHENTINO,LECCO (P.zzale Meridiane),,RECONSTRUCTED_TIMETABLE_COLUMN_ID_NOT_OPERATOR_TRIP_ID,PUBLISHED_PAGE_ORIENTATION_NOT_NECESSARILY_TRIP_ENDPOINTS
PDF20260903:D150:P02:C11,D150,2,11,MERATE→VALGREGHENINO→GARLATE→LECCO,MERATE,LECCO,123456,,True,2026-09-03,2026-06-09,2026-09-13,13:01,13:40,39,12,SCHEDULED_PUBLISHED_TIME_NOT_OBSERVED_RUNTIME,https://www.leccotrasporti.it/percorsi/estivo/linea-d150.pdf,ee2707bdb4a2174008b6819e04b2f2a564e4bef5c2d6f8830e6dc9589f47349b,dcc3e75ae3b4f4ea5170f48e85345b83620c5536,RECONSTRUCTED_FROM_OFFICIAL_PRIMARY_TIMETABLE,VALGREGHENTINO,LECCO (P.zzale Meridiane),,RECONSTRUCTED_TIMETABLE_COLUMN_ID_NOT_OPERATOR_TRIP_ID,PUBLISHED_PAGE_ORIENTATION_NOT_NECESSARILY_TRIP_ENDPOINTS
PDF20260903:D150:P02:C12,D150,2,12,MERATE→VALGREGHENINO→GARLATE→LECCO,MERATE,LECCO,123456,A,True,2026-09-03,2026-06-09,2026-09-13,13:55,14:34,39,12,SCHEDULED_PUBLISHED_TIME_NOT_OBSERVED_RUNTIME,https://www.leccotrasporti.it/percorsi/estivo/linea-d150.pdf,ee2707bdb4a2174008b6819e04b2f2a564e4bef5c2d6f8830e6dc9589f47349b,dcc3e75ae3b4f4ea5170f48e85345b83620c5536,RECONSTRUCTED_FROM_OFFICIAL_PRIMARY_TIMETABLE,VALGREGHENTINO,LECCO (P.zzale Meridiane),,RECONSTRUCTED_TIMETABLE_COLUMN_ID_NOT_OPERATOR_TRIP_ID,PUBLISHED_PAGE_ORIENTATION_NOT_NECESSARILY_TRIP_ENDPOINTS
PDF20260903:D150:P02:C13,D150,2,13,MERATE→VALGREGHENINO→GARLATE→LECCO,MERATE,LECCO,12345,,True,2026-09-03,2026-06-09,2026-09-13,13:25,14:15,50,16,SCHEDULED_PUBLISHED_TIME_NOT_OBSERVED_RUNTIME,https://www.leccotrasporti.it/percorsi/estivo/linea-d150.pdf,ee2707bdb4a2174008b6819e04b2f2a564e4bef5c2d6f8830e6dc9589f47349b,dcc3e75ae3b4f4ea5170f48e85345b83620c5536,RECONSTRUCTED_FROM_OFFICIAL_PRIMARY_TIMETABLE,MERATE Scuole (Via De Gasperi),LECCO (P.zzale Meridiane),,RECONSTRUCTED_TIMETABLE_COLUMN_ID_NOT_OPERATOR_TRIP_ID,PUBLISHED_PAGE_ORIENTATION_NOT_NECESSARILY_TRIP_ENDPOINTS
PDF20260903:D150:P02:C14,D150,2,14,MERATE→VALGREGHENINO→GARLATE→LECCO,MERATE,LECCO,123456,B,False,2026-09-03,2026-06-09,2026-09-13,15:15,15:54,39,12,SCHEDULED_PUBLISHED_TIME_NOT_OBSERVED_RUNTIME,https://www.leccotrasporti.it/percorsi/estivo/linea-d150.pdf,ee2707bdb4a2174008b6819e04b2f2a564e4bef5c2d6f8830e6dc9589f47349b,dcc3e75ae3b4f4ea5170f48e85345b83620c5536,RECONSTRUCTED_FROM_OFFICIAL_PRIMARY_TIMETABLE,VALGREGHENTINO,LECCO (P.zzale Meridiane),,RECONSTRUCTED_TIMETABLE_COLUMN_ID_NOT_OPERATOR_TRIP_ID,PUBLISHED_PAGE_ORIENTATION_NOT_NECESSARILY_TRIP_ENDPOINTS
PDF20260903:D150:P02:C15,D150,2,15,MERATE→VALGREGHENINO→GARLATE→LECCO,MERATE,LECCO,123456,A,True,2026-09-03,2026-06-09,2026-09-13,15:22,16:09,47,15,SCHEDULED_PUBLISHED_TIME_NOT_OBSERVED_RUNTIME,https://www.leccotrasporti.it/percorsi/estivo/linea-d150.pdf,ee2707bdb4a2174008b6819e04b2f2a564e4bef5c2d6f8830e6dc9589f47349b,dcc3e75ae3b4f4ea5170f48e85345b83620c5536,RECONSTRUCTED_FROM_OFFICIAL_PRIMARY_TIMETABLE,VALGREGHENTINO,LECCO (P.zzale Meridiane),,RECONSTRUCTED_TIMETABLE_COLUMN_ID_NOT_OPERATOR_TRIP_ID,PUBLISHED_PAGE_ORIENTATION_NOT_NECESSARILY_TRIP_ENDPOINTS
PDF20260903:D150:P02:C16,D150,2,16,MERATE→VALGREGHENINO→GARLATE→LECCO,MERATE,LECCO,12345,,True,2026-09-03,2026-06-09,2026-09-13,17:22,18:09,47,15,SCHEDULED_PUBLISHED_TIME_NOT_OBSERVED_RUNTIME,https://www.leccotrasporti.it/percorsi/estivo/linea-d150.pdf,ee2707bdb4a2174008b6819e04b2f2a564e4bef5c2d6f8830e6dc9589f47349b,dcc3e75ae3b4f4ea5170f48e85345b83620c5536,RECONSTRUCTED_FROM_OFFICIAL_PRIMARY_TIMETABLE,VALGREGHENTINO,LECCO (P.zzale Meridiane),,RECONSTRUCTED_TIMETABLE_COLUMN_ID_NOT_OPERATOR_TRIP_ID,PUBLISHED_PAGE_ORIENTATION_NOT_NECESSARILY_TRIP_ENDPOINTS
PDF20260903:D150:P02:C17,D150,2,17,MERATE→VALGREGHENINO→GARLATE→LECCO,MERATE,LECCO,6,A,False,2026-09-03,2026-06-09,2026-09-13,17:22,18:09,47,15,SCHEDULED_PUBLISHED_TIME_NOT_OBSERVED_RUNTIME,https://www.leccotrasporti.it/percorsi/estivo/linea-d150.pdf,ee2707bdb4a2174008b6819e04b2f2a564e4bef5c2d6f8830e6dc9589f47349b,dcc3e75ae3b4f4ea5170f48e85345b83620c5536,RECONSTRUCTED_FROM_OFFICIAL_PRIMARY_TIMETABLE,VALGREGHENTINO,LECCO (P.zzale Meridiane),,RECONSTRUCTED_TIMETABLE_COLUMN_ID_NOT_OPERATOR_TRIP_ID,PUBLISHED_PAGE_ORIENTATION_NOT_NECESSARILY_TRIP_ENDPOINTS
PDF20260903:D150:P02:C18,D150,2,18,MERATE→VALGREGHENINO→GARLATE→LECCO,MERATE,LECCO,12345,V,True,2026-09-03,2026-06-09,2026-09-13,19:32,20:08,36,11,SCHEDULED_PUBLISHED_TIME_NOT_OBSERVED_RUNTIME,https://www.leccotrasporti.it/percorsi/estivo/linea-d150.pdf,ee2707bdb4a2174008b6819e04b2f2a564e4bef5c2d6f8830e6dc9589f47349b,dcc3e75ae3b4f4ea5170f48e85345b83620c5536,RECONSTRUCTED_FROM_OFFICIAL_PRIMARY_TIMETABLE,VALGREGHENTINO,LECCO (P.zzale Meridiane),,RECONSTRUCTED_TIMETABLE_COLUMN_ID_NOT_OPERATOR_TRIP_ID,PUBLISHED_PAGE_ORIENTATION_NOT_NECESSARILY_TRIP_ENDPOINTS
PDF20260903:D150:P02:C19,D150,2,19,MERATE→VALGREGHENINO→GARLATE→LECCO,MERATE,LECCO,6,BV,False,2026-09-03,2026-06-09,2026-09-13,19:32,20:08,36,11,SCHEDULED_PUBLISHED_TIME_NOT_OBSERVED_RUNTIME,https://www.leccotrasporti.it/percorsi/estivo/linea-d150.pdf,ee2707bdb4a2174008b6819e04b2f2a564e4bef5c2d6f8830e6dc9589f47349b,dcc3e75ae3b4f4ea5170f48e85345b83620c5536,RECONSTRUCTED_FROM_OFFICIAL_PRIMARY_TIMETABLE,VALGREGHENTINO,LECCO (P.zzale Meridiane),,RECONSTRUCTED_TIMETABLE_COLUMN_ID_NOT_OPERATOR_TRIP_ID,PUBLISHED_PAGE_ORIENTATION_NOT_NECESSARILY_TRIP_ENDPOINTS
PDF20260903:D150:P02:C20,D150,2,20,MERATE→VALGREGHENINO→GARLATE→LECCO,MERATE,LECCO,123456,B,False,2026-09-03,2026-06-09,2026-09-13,19:53,20:24,31,11,SCHEDULED_PUBLISHED_TIME_NOT_OBSERVED_RUNTIME,https://www.leccotrasporti.it/percorsi/estivo/linea-d150.pdf,ee2707bdb4a2174008b6819e04b2f2a564e4bef5c2d6f8830e6dc9589f47349b,dcc3e75ae3b4f4ea5170f48e85345b83620c5536,RECONSTRUCTED_FROM_OFFICIAL_PRIMARY_TIMETABLE,VALGREGHENTINO,LECCO (P.zzale Meridiane),,RECONSTRUCTED_TIMETABLE_COLUMN_ID_NOT_OPERATOR_TRIP_ID,PUBLISHED_PAGE_ORIENTATION_NOT_NECESSARILY_TRIP_ENDPOINTS
PDF20260903:D150:P02:C21,D150,2,21,MERATE→VALGREGHENINO→GARLATE→LECCO,MERATE,LECCO,123456,A,True,2026-09-03,2026-06-09,2026-09-13,20:02,20:41,39,14,SCHEDULED_PUBLISHED_TIME_NOT_OBSERVED_RUNTIME,https://www.leccotrasporti.it/percorsi/estivo/linea-d150.pdf,ee2707bdb4a2174008b6819e04b2f2a564e4bef5c2d6f8830e6dc9589f47349b,dcc3e75ae3b4f4ea5170f48e85345b83620c5536,RECONSTRUCTED_FROM_OFFICIAL_PRIMARY_TIMETABLE,VALGREGHENTINO,LECCO (P.zzale Meridiane),,RECONSTRUCTED_TIMETABLE_COLUMN_ID_NOT_OPERATOR_TRIP_ID,PUBLISHED_PAGE_ORIENTATION_NOT_NECESSARILY_TRIP_ENDPOINTS
PDF20260903:D170:P01:C01,D170,1,1,MONTEVECCHIA→ARLATE→MERATE→CARNATE→VIMERCATE,MONTEVECCHIA,VIMERCATE,123456,,True,2026-09-03,2026-06-09,2026-09-13,06:22,06:50,28,8,SCHEDULED_PUBLISHED_TIME_NOT_OBSERVED_RUNTIME,https://www.leccotrasporti.it/percorsi/estivo/linea-d170.pdf,87ab0fe1f2c68a38f8e54fd911f0ef38c9b29a22b3d875e34e4209a1a922f63b,dcc3e75ae3b4f4ea5170f48e85345b83620c5536,RECONSTRUCTED_FROM_OFFICIAL_PRIMARY_TIMETABLE,NOVATE Via dei Lodovichi (Scuole),CARNATE F.S.,,RECONSTRUCTED_TIMETABLE_COLUMN_ID_NOT_OPERATOR_TRIP_ID,PUBLISHED_PAGE_ORIENTATION_NOT_NECESSARILY_TRIP_ENDPOINTS
PDF20260903:D170:P01:C02,D170,1,2,MONTEVECCHIA→ARLATE→MERATE→CARNATE→VIMERCATE,MONTEVECCHIA,VIMERCATE,123456,,True,2026-09-03,2026-06-09,2026-09-13,06:18,06:38,20,7,SCHEDULED_PUBLISHED_TIME_NOT_OBSERVED_RUNTIME,https://www.leccotrasporti.it/percorsi/estivo/linea-d170.pdf,87ab0fe1f2c68a38f8e54fd911f0ef38c9b29a22b3d875e34e4209a1a922f63b,dcc3e75ae3b4f4ea5170f48e85345b83620c5536,RECONSTRUCTED_FROM_OFFICIAL_PRIMARY_TIMETABLE,ARLATE,MERATE BRUGAROLO,,RECONSTRUCTED_TIMETABLE_COLUMN_ID_NOT_OPERATOR_TRIP_ID,PUBLISHED_PAGE_ORIENTATION_NOT_NECESSARILY_TRIP_ENDPOINTS
PDF20260903:D170:P01:C03,D170,1,3,MONTEVECCHIA→ARLATE→MERATE→CARNATE→VIMERCATE,MONTEVECCHIA,VIMERCATE,123456,B,False,2026-09-03,2026-06-09,2026-09-13,07:05,07:21,16,7,SCHEDULED_PUBLISHED_TIME_NOT_OBSERVED_RUNTIME,https://www.leccotrasporti.it/percorsi/estivo/linea-d170.pdf,87ab0fe1f2c68a38f8e54fd911f0ef38c9b29a22b3d875e34e4209a1a922f63b,dcc3e75ae3b4f4ea5170f48e85345b83620c5536,RECONSTRUCTED_FROM_OFFICIAL_PRIMARY_TIMETABLE,CERNUSCO F.S. (Via Volta),MERATE (OSSERVATORIO),,RECONSTRUCTED_TIMETABLE_COLUMN_ID_NOT_OPERATOR_TRIP_ID,PUBLISHED_PAGE_ORIENTATION_NOT_NECESSARILY_TRIP_ENDPOINTS
PDF20260903:D170:P01:C04,D170,1,4,MONTEVECCHIA→ARLATE→MERATE→CARNATE→VIMERCATE,MONTEVECCHIA,VIMERCATE,123456,A,True,2026-09-03,2026-06-09,2026-09-13,07:30,07:59,29,10,SCHEDULED_PUBLISHED_TIME_NOT_OBSERVED_RUNTIME,https://www.leccotrasporti.it/percorsi/estivo/linea-d170.pdf,87ab0fe1f2c68a38f8e54fd911f0ef38c9b29a22b3d875e34e4209a1a922f63b,dcc3e75ae3b4f4ea5170f48e85345b83620c5536,RECONSTRUCTED_FROM_OFFICIAL_PRIMARY_TIMETABLE,MERATE (OSSERVATORIO),PADERNO F.S.,,RECONSTRUCTED_TIMETABLE_COLUMN_ID_NOT_OPERATOR_TRIP_ID,PUBLISHED_PAGE_ORIENTATION_NOT_NECESSARILY_TRIP_ENDPOINTS
PDF20260903:D170:P01:C05,D170,1,5,MONTEVECCHIA→ARLATE→MERATE→CARNATE→VIMERCATE,MONTEVECCHIA,VIMERCATE,123456,B,False,2026-09-03,2026-06-09,2026-09-13,07:50,07:59,9,3,SCHEDULED_PUBLISHED_TIME_NOT_OBSERVED_RUNTIME,https://www.leccotrasporti.it/percorsi/estivo/linea-d170.pdf,87ab0fe1f2c68a38f8e54fd911f0ef38c9b29a22b3d875e34e4209a1a922f63b,dcc3e75ae3b4f4ea5170f48e85345b83620c5536,RECONSTRUCTED_FROM_OFFICIAL_PRIMARY_TIMETABLE,MERATE NOVATE (Ospedale),PADERNO F.S.,,RECONSTRUCTED_TIMETABLE_COLUMN_ID_NOT_OPERATOR_TRIP_ID,PUBLISHED_PAGE_ORIENTATION_NOT_NECESSARILY_TRIP_ENDPOINTS
PDF20260903:D170:P01:C06,D170,1,6,MONTEVECCHIA→ARLATE→MERATE→CARNATE→VIMERCATE,MONTEVECCHIA,VIMERCATE,123456,,True,2026-09-03,2026-06-09,2026-09-13,07:45,07:57,12,7,SCHEDULED_PUBLISHED_TIME_NOT_OBSERVED_RUNTIME,https://www.leccotrasporti.it/percorsi/estivo/linea-d170.pdf,87ab0fe1f2c68a38f8e54fd911f0ef38c9b29a22b3d875e34e4209a1a922f63b,dcc3e75ae3b4f4ea5170f48e85345b83620c5536,RECONSTRUCTED_FROM_OFFICIAL_PRIMARY_TIMETABLE,CERNUSCO F.S. (terminal),MERATE NOVATE (Ospedale),,RECONSTRUCTED_TIMETABLE_COLUMN_ID_NOT_OPERATOR_TRIP_ID,PUBLISHED_PAGE_ORIENTATION_NOT_NECESSARILY_TRIP_ENDPOINTS
PDF20260903:D170:P01:C07,D170,1,7,MONTEVECCHIA→ARLATE→MERATE→CARNATE→VIMERCATE,MONTEVECCHIA,VIMERCATE,123456,B,False,2026-09-03,2026-06-09,2026-09-13,08:35,08:47,12,7,SCHEDULED_PUBLISHED_TIME_NOT_OBSERVED_RUNTIME,https://www.leccotrasporti.it/percorsi/estivo/linea-d170.pdf,87ab0fe1f2c68a38f8e54fd911f0ef38c9b29a22b3d875e34e4209a1a922f63b,dcc3e75ae3b4f4ea5170f48e85345b83620c5536,RECONSTRUCTED_FROM_OFFICIAL_PRIMARY_TIMETABLE,CERNUSCO F.S. (terminal),MERATE NOVATE (Ospedale),,RECONSTRUCTED_TIMETABLE_COLUMN_ID_NOT_OPERATOR_TRIP_ID,PUBLISHED_PAGE_ORIENTATION_NOT_NECESSARILY_TRIP_ENDPOINTS
PDF20260903:D170:P01:C08,D170,1,8,MONTEVECCHIA→ARLATE→MERATE→CARNATE→VIMERCATE,MONTEVECCHIA,VIMERCATE,123456,,True,2026-09-03,2026-06-09,2026-09-13,08:16,08:35,19,5,SCHEDULED_PUBLISHED_TIME_NOT_OBSERVED_RUNTIME,https://www.leccotrasporti.it/percorsi/estivo/linea-d170.pdf,87ab0fe1f2c68a38f8e54fd911f0ef38c9b29a22b3d875e34e4209a1a922f63b,dcc3e75ae3b4f4ea5170f48e85345b83620c5536,RECONSTRUCTED_FROM_OFFICIAL_PRIMARY_TIMETABLE,PADERNO F.S.,CARNATE F.S.,,RECONSTRUCTED_TIMETABLE_COLUMN_ID_NOT_OPERATOR_TRIP_ID,PUBLISHED_PAGE_ORIENTATION_NOT_NECESSARILY_TRIP_ENDPOINTS
PDF20260903:D170:P01:C09,D170,1,9,MONTEVECCHIA→ARLATE→MERATE→CARNATE→VIMERCATE,MONTEVECCHIA,VIMERCATE,123456,A,True,2026-09-03,2026-06-09,2026-09-13,09:00,09:20,20,6,SCHEDULED_PUBLISHED_TIME_NOT_OBSERVED_RUNTIME,https://www.leccotrasporti.it/percorsi/estivo/linea-d170.pdf,87ab0fe1f2c68a38f8e54fd911f0ef38c9b29a22b3d875e34e4209a1a922f63b,dcc3e75ae3b4f4ea5170f48e85345b83620c5536,RECONSTRUCTED_FROM_OFFICIAL_PRIMARY_TIMETABLE,MONTEVECCHIA Parcheggio Alta Collina,CERNUSCO F.S. (terminal),,RECONSTRUCTED_TIMETABLE_COLUMN_ID_NOT_OPERATOR_TRIP_ID,PUBLISHED_PAGE_ORIENTATION_NOT_NECESSARILY_TRIP_ENDPOINTS
PDF20260903:D170:P01:C10,D170,1,10,MONTEVECCHIA→ARLATE→MERATE→CARNATE→VIMERCATE,MONTEVECCHIA,VIMERCATE,123456,,True,2026-09-03,2026-06-09,2026-09-13,09:20,09:40,20,8,SCHEDULED_PUBLISHED_TIME_NOT_OBSERVED_RUNTIME,https://www.leccotrasporti.it/percorsi/estivo/linea-d170.pdf,87ab0fe1f2c68a38f8e54fd911f0ef38c9b29a22b3d875e34e4209a1a922f63b,dcc3e75ae3b4f4ea5170f48e85345b83620c5536,RECONSTRUCTED_FROM_OFFICIAL_PRIMARY_TIMETABLE,CERNUSCO F.S. (terminal),MERATE BRUGAROLO,,RECONSTRUCTED_TIMETABLE_COLUMN_ID_NOT_OPERATOR_TRIP_ID,PUBLISHED_PAGE_ORIENTATION_NOT_NECESSARILY_TRIP_ENDPOINTS
PDF20260903:D170:P01:C11,D170,1,11,MONTEVECCHIA→ARLATE→MERATE→CARNATE→VIMERCATE,MONTEVECCHIA,VIMERCATE,123456,A,True,2026-09-03,2026-06-09,2026-09-13,09:35,09:56,21,9,SCHEDULED_PUBLISHED_TIME_NOT_OBSERVED_RUNTIME,https://www.leccotrasporti.it/percorsi/estivo/linea-d170.pdf,87ab0fe1f2c68a38f8e54fd911f0ef38c9b29a22b3d875e34e4209a1a922f63b,dcc3e75ae3b4f4ea5170f48e85345b83620c5536,RECONSTRUCTED_FROM_OFFICIAL_PRIMARY_TIMETABLE,CERNUSCO F.S. (terminal),PADERNO F.S.,,RECONSTRUCTED_TIMETABLE_COLUMN_ID_NOT_OPERATOR_TRIP_ID,PUBLISHED_PAGE_ORIENTATION_NOT_NECESSARILY_TRIP_ENDPOINTS
PDF20260903:D170:P01:C12,D170,1,12,MONTEVECCHIA→ARLATE→MERATE→CARNATE→VIMERCATE,MONTEVECCHIA,VIMERCATE,123456,,True,2026-09-03,2026-06-09,2026-09-13,10:15,10:26,11,4,SCHEDULED_PUBLISHED_TIME_NOT_OBSERVED_RUNTIME,https://www.leccotrasporti.it/percorsi/estivo/linea-d170.pdf,87ab0fe1f2c68a38f8e54fd911f0ef38c9b29a22b3d875e34e4209a1a922f63b,dcc3e75ae3b4f4ea5170f48e85345b83620c5536,RECONSTRUCTED_FROM_OFFICIAL_PRIMARY_TIMETABLE,ARLATE,PADERNO F.S.,,RECONSTRUCTED_TIMETABLE_COLUMN_ID_NOT_OPERATOR_TRIP_ID,PUBLISHED_PAGE_ORIENTATION_NOT_NECESSARILY_TRIP_ENDPOINTS
PDF20260903:D170:P01:C13,D170,1,13,MONTEVECCHIA→ARLATE→MERATE→CARNATE→VIMERCATE,MONTEVECCHIA,VIMERCATE,123456,A,True,2026-09-03,2026-06-09,2026-09-13,10:00,10:12,12,7,SCHEDULED_PUBLISHED_TIME_NOT_OBSERVED_RUNTIME,https://www.leccotrasporti.it/percorsi/estivo/linea-d170.pdf,87ab0fe1f2c68a38f8e54fd911f0ef38c9b29a22b3d875e34e4209a1a922f63b,dcc3e75ae3b4f4ea5170f48e85345b83620c5536,RECONSTRUCTED_FROM_OFFICIAL_PRIMARY_TIMETABLE,CERNUSCO F.S. (terminal),MERATE NOVATE (Ospedale),,RECONSTRUCTED_TIMETABLE_COLUMN_ID_NOT_OPERATOR_TRIP_ID,PUBLISHED_PAGE_ORIENTATION_NOT_NECESSARILY_TRIP_ENDPOINTS
PDF20260903:D170:P01:C14,D170,1,14,MONTEVECCHIA→ARLATE→MERATE→CARNATE→VIMERCATE,MONTEVECCHIA,VIMERCATE,123456,,True,2026-09-03,2026-06-09,2026-09-13,10:51,11:02,11,7,SCHEDULED_PUBLISHED_TIME_NOT_OBSERVED_RUNTIME,https://www.leccotrasporti.it/percorsi/estivo/linea-d170.pdf,87ab0fe1f2c68a38f8e54fd911f0ef38c9b29a22b3d875e34e4209a1a922f63b,dcc3e75ae3b4f4ea5170f48e85345b83620c5536,RECONSTRUCTED_FROM_OFFICIAL_PRIMARY_TIMETABLE,CERNUSCO F.S. (terminal),MERATE NOVATE (Ospedale),,RECONSTRUCTED_TIMETABLE_COLUMN_ID_NOT_OPERATOR_TRIP_ID,PUBLISHED_PAGE_ORIENTATION_NOT_NECESSARILY_TRIP_ENDPOINTS
PDF20260903:D170:P01:C15,D170,1,15,MONTEVECCHIA→ARLATE→MERATE→CARNATE→VIMERCATE,MONTEVECCHIA,VIMERCATE,12345,A,True,2026-09-03,2026-06-09,2026-09-13,11:02,11:30,28,7,SCHEDULED_PUBLISHED_TIME_NOT_OBSERVED_RUNTIME,https://www.leccotrasporti.it/percorsi/estivo/linea-d170.pdf,87ab0fe1f2c68a38f8e54fd911f0ef38c9b29a22b3d875e34e4209a1a922f63b,dcc3e75ae3b4f4ea5170f48e85345b83620c5536,RECONSTRUCTED_FROM_OFFICIAL_PRIMARY_TIMETABLE,MERATE NOVATE (Ospedale),CARNATE F.S.,,RECONSTRUCTED_TIMETABLE_COLUMN_ID_NOT_OPERATOR_TRIP_ID,PUBLISHED_PAGE_ORIENTATION_NOT_NECESSARILY_TRIP_ENDPOINTS
PDF20260903:D170:P01:C16,D170,1,16,MONTEVECCHIA→ARLATE→MERATE→CARNATE→VIMERCATE,MONTEVECCHIA,VIMERCATE,123456,,True,2026-09-03,2026-06-09,2026-09-13,11:35,11:56,21,9,SCHEDULED_PUBLISHED_TIME_NOT_OBSERVED_RUNTIME,https://www.leccotrasporti.it/percorsi/estivo/linea-d170.pdf,87ab0fe1f2c68a38f8e54fd911f0ef38c9b29a22b3d875e34e4209a1a922f63b,dcc3e75ae3b4f4ea5170f48e85345b83620c5536,RECONSTRUCTED_FROM_OFFICIAL_PRIMARY_TIMETABLE,CERNUSCO F.S. (terminal),PADERNO F.S.,,RECONSTRUCTED_TIMETABLE_COLUMN_ID_NOT_OPERATOR_TRIP_ID,PUBLISHED_PAGE_ORIENTATION_NOT_NECESSARILY_TRIP_ENDPOINTS
PDF20260903:D170:P01:C17,D170,1,17,MONTEVECCHIA→ARLATE→MERATE→CARNATE→VIMERCATE,MONTEVECCHIA,VIMERCATE,12345,A,True,2026-09-03,2026-06-09,2026-09-13,12:00,12:19,19,5,SCHEDULED_PUBLISHED_TIME_NOT_OBSERVED_RUNTIME,https://www.leccotrasporti.it/percorsi/estivo/linea-d170.pdf,87ab0fe1f2c68a38f8e54fd911f0ef38c9b29a22b3d875e34e4209a1a922f63b,dcc3e75ae3b4f4ea5170f48e85345b83620c5536,RECONSTRUCTED_FROM_OFFICIAL_PRIMARY_TIMETABLE,PADERNO F.S.,CARNATE F.S.,,RECONSTRUCTED_TIMETABLE_COLUMN_ID_NOT_OPERATOR_TRIP_ID,PUBLISHED_PAGE_ORIENTATION_NOT_NECESSARILY_TRIP_ENDPOINTS
PDF20260903:D170:P01:C18,D170,1,18,MONTEVECCHIA→ARLATE→MERATE→CARNATE→VIMERCATE,MONTEVECCHIA,VIMERCATE,123456,,True,2026-09-03,2026-06-09,2026-09-13,12:40,13:01,21,9,SCHEDULED_PUBLISHED_TIME_NOT_OBSERVED_RUNTIME,https://www.leccotrasporti.it/percorsi/estivo/linea-d170.pdf,87ab0fe1f2c68a38f8e54fd911f0ef38c9b29a22b3d875e34e4209a1a922f63b,dcc3e75ae3b4f4ea5170f48e85345b83620c5536,RECONSTRUCTED_FROM_OFFICIAL_PRIMARY_TIMETABLE,CERNUSCO F.S. (terminal),PADERNO F.S.,,RECONSTRUCTED_TIMETABLE_COLUMN_ID_NOT_OPERATOR_TRIP_ID,PUBLISHED_PAGE_ORIENTATION_NOT_NECESSARILY_TRIP_ENDPOINTS
PDF20260903:D170:P01:C19,D170,1,19,MONTEVECCHIA→ARLATE→MERATE→CARNATE→VIMERCATE,MONTEVECCHIA,VIMERCATE,123456,,True,2026-09-03,2026-06-09,2026-09-13,13:25,13:35,10,2,SCHEDULED_PUBLISHED_TIME_NOT_OBSERVED_RUNTIME,https://www.leccotrasporti.it/percorsi/estivo/linea-d170.pdf,87ab0fe1f2c68a38f8e54fd911f0ef38c9b29a22b3d875e34e4209a1a922f63b,dcc3e75ae3b4f4ea5170f48e85345b83620c5536,RECONSTRUCTED_FROM_OFFICIAL_PRIMARY_TIMETABLE,MERATE Via De Gasperi,MERATE BRUGAROLO,,RECONSTRUCTED_TIMETABLE_COLUMN_ID_NOT_OPERATOR_TRIP_ID,PUBLISHED_PAGE_ORIENTATION_NOT_NECESSARILY_TRIP_ENDPOINTS
PDF20260903:D170:P01:C20,D170,1,20,MONTEVECCHIA→ARLATE→MERATE→CARNATE→VIMERCATE,MONTEVECCHIA,VIMERCATE,123456,,True,2026-09-03,2026-06-09,2026-09-13,12:59,13:20,21,9,SCHEDULED_PUBLISHED_TIME_NOT_OBSERVED_RUNTIME,https://www.leccotrasporti.it/percorsi/estivo/linea-d170.pdf,87ab0fe1f2c68a38f8e54fd911f0ef38c9b29a22b3d875e34e4209a1a922f63b,dcc3e75ae3b4f4ea5170f48e85345b83620c5536,RECONSTRUCTED_FROM_OFFICIAL_PRIMARY_TIMETABLE,ARLATE,NOVATE Via De Gasperi (Scuole),,RECONSTRUCTED_TIMETABLE_COLUMN_ID_NOT_OPERATOR_TRIP_ID,PUBLISHED_PAGE_ORIENTATION_NOT_NECESSARILY_TRIP_ENDPOINTS
PDF20260903:D170:P01:C21,D170,1,21,MONTEVECCHIA→ARLATE→MERATE→CARNATE→VIMERCATE,MONTEVECCHIA,VIMERCATE,123456,D,True,2026-09-03,2026-06-09,2026-09-13,13:25,13:58,33,9,SCHEDULED_PUBLISHED_TIME_NOT_OBSERVED_RUNTIME,https://www.leccotrasporti.it/percorsi/estivo/linea-d170.pdf,87ab0fe1f2c68a38f8e54fd911f0ef38c9b29a22b3d875e34e4209a1a922f63b,dcc3e75ae3b4f4ea5170f48e85345b83620c5536,RECONSTRUCTED_FROM_OFFICIAL_PRIMARY_TIMETABLE,NOVATE Via De Gasperi (Scuole),CARNATE F.S.,,RECONSTRUCTED_TIMETABLE_COLUMN_ID_NOT_OPERATOR_TRIP_ID,PUBLISHED_PAGE_ORIENTATION_NOT_NECESSARILY_TRIP_ENDPOINTS
PDF20260903:D170:P01:C22,D170,1,22,MONTEVECCHIA→ARLATE→MERATE→CARNATE→VIMERCATE,MONTEVECCHIA,VIMERCATE,123456,,True,2026-09-03,2026-06-09,2026-09-13,13:50,14:00,10,3,SCHEDULED_PUBLISHED_TIME_NOT_OBSERVED_RUNTIME,https://www.leccotrasporti.it/percorsi/estivo/linea-d170.pdf,87ab0fe1f2c68a38f8e54fd911f0ef38c9b29a22b3d875e34e4209a1a922f63b,dcc3e75ae3b4f4ea5170f48e85345b83620c5536,RECONSTRUCTED_FROM_OFFICIAL_PRIMARY_TIMETABLE,ARLATE,NOVATE Via dei Lodovichi (Scuole),,RECONSTRUCTED_TIMETABLE_COLUMN_ID_NOT_OPERATOR_TRIP_ID,PUBLISHED_PAGE_ORIENTATION_NOT_NECESSARILY_TRIP_ENDPOINTS
PDF20260903:D170:P01:C23,D170,1,23,MONTEVECCHIA→ARLATE→MERATE→CARNATE→VIMERCATE,MONTEVECCHIA,VIMERCATE,123456,,True,2026-09-03,2026-06-09,2026-09-13,14:00,14:41,41,14,SCHEDULED_PUBLISHED_TIME_NOT_OBSERVED_RUNTIME,https://www.leccotrasporti.it/percorsi/estivo/linea-d170.pdf,87ab0fe1f2c68a38f8e54fd911f0ef38c9b29a22b3d875e34e4209a1a922f63b,dcc3e75ae3b4f4ea5170f48e85345b83620c5536,RECONSTRUCTED_FROM_OFFICIAL_PRIMARY_TIMETABLE,CERNUSCO F.S. (terminal),CARNATE F.S.,,RECONSTRUCTED_TIMETABLE_COLUMN_ID_NOT_OPERATOR_TRIP_ID,PUBLISHED_PAGE_ORIENTATION_NOT_NECESSARILY_TRIP_ENDPOINTS
PDF20260903:D170:P01:C24,D170,1,24,MONTEVECCHIA→ARLATE→MERATE→CARNATE→VIMERCATE,MONTEVECCHIA,VIMERCATE,123456,D,True,2026-09-03,2026-06-09,2026-09-13,15:15,15:43,28,9,SCHEDULED_PUBLISHED_TIME_NOT_OBSERVED_RUNTIME,https://www.leccotrasporti.it/percorsi/estivo/linea-d170.pdf,87ab0fe1f2c68a38f8e54fd911f0ef38c9b29a22b3d875e34e4209a1a922f63b,dcc3e75ae3b4f4ea5170f48e85345b83620c5536,RECONSTRUCTED_FROM_OFFICIAL_PRIMARY_TIMETABLE,ARLATE,CERNUSCO F.S. (Via Volta),,RECONSTRUCTED_TIMETABLE_COLUMN_ID_NOT_OPERATOR_TRIP_ID,PUBLISHED_PAGE_ORIENTATION_NOT_NECESSARILY_TRIP_ENDPOINTS
PDF20260903:D170:P02:C01,D170,2,1,MONTEVECCHIA→ARLATE→MERATE→CARNATE→VIMERCATE,MONTEVECCHIA,VIMERCATE,123456,D,True,2026-09-03,2026-06-09,2026-09-13,15:19,15:30,11,4,SCHEDULED_PUBLISHED_TIME_NOT_OBSERVED_RUNTIME,https://www.leccotrasporti.it/percorsi/estivo/linea-d170.pdf,87ab0fe1f2c68a38f8e54fd911f0ef38c9b29a22b3d875e34e4209a1a922f63b,dcc3e75ae3b4f4ea5170f48e85345b83620c5536,RECONSTRUCTED_FROM_OFFICIAL_PRIMARY_TIMETABLE,ARLATE,PADERNO F.S.,,RECONSTRUCTED_TIMETABLE_COLUMN_ID_NOT_OPERATOR_TRIP_ID,PUBLISHED_PAGE_ORIENTATION_NOT_NECESSARILY_TRIP_ENDPOINTS
PDF20260903:D170:P02:C02,D170,2,2,MONTEVECCHIA→ARLATE→MERATE→CARNATE→VIMERCATE,MONTEVECCHIA,VIMERCATE,123456,,True,2026-09-03,2026-06-09,2026-09-13,15:45,15:56,11,5,SCHEDULED_PUBLISHED_TIME_NOT_OBSERVED_RUNTIME,https://www.leccotrasporti.it/percorsi/estivo/linea-d170.pdf,87ab0fe1f2c68a38f8e54fd911f0ef38c9b29a22b3d875e34e4209a1a922f63b,dcc3e75ae3b4f4ea5170f48e85345b83620c5536,RECONSTRUCTED_FROM_OFFICIAL_PRIMARY_TIMETABLE,CERNUSCO F.S. (terminal),MERATE Via De Gasperi,,RECONSTRUCTED_TIMETABLE_COLUMN_ID_NOT_OPERATOR_TRIP_ID,PUBLISHED_PAGE_ORIENTATION_NOT_NECESSARILY_TRIP_ENDPOINTS
PDF20260903:D170:P02:C03,D170,2,3,MONTEVECCHIA→ARLATE→MERATE→CARNATE→VIMERCATE,MONTEVECCHIA,VIMERCATE,12345,,True,2026-09-03,2026-06-09,2026-09-13,16:35,16:56,21,9,SCHEDULED_PUBLISHED_TIME_NOT_OBSERVED_RUNTIME,https://www.leccotrasporti.it/percorsi/estivo/linea-d170.pdf,87ab0fe1f2c68a38f8e54fd911f0ef38c9b29a22b3d875e34e4209a1a922f63b,dcc3e75ae3b4f4ea5170f48e85345b83620c5536,RECONSTRUCTED_FROM_OFFICIAL_PRIMARY_TIMETABLE,CERNUSCO F.S. (terminal),PADERNO F.S.,,RECONSTRUCTED_TIMETABLE_COLUMN_ID_NOT_OPERATOR_TRIP_ID,PUBLISHED_PAGE_ORIENTATION_NOT_NECESSARILY_TRIP_ENDPOINTS
PDF20260903:D170:P02:C04,D170,2,4,MONTEVECCHIA→ARLATE→MERATE→CARNATE→VIMERCATE,MONTEVECCHIA,VIMERCATE,12345,,True,2026-09-03,2026-06-09,2026-09-13,17:20,18:00,40,13,SCHEDULED_PUBLISHED_TIME_NOT_OBSERVED_RUNTIME,https://www.leccotrasporti.it/percorsi/estivo/linea-d170.pdf,87ab0fe1f2c68a38f8e54fd911f0ef38c9b29a22b3d875e34e4209a1a922f63b,dcc3e75ae3b4f4ea5170f48e85345b83620c5536,RECONSTRUCTED_FROM_OFFICIAL_PRIMARY_TIMETABLE,CERNUSCO F.S. (terminal),CARNATE F.S.,,RECONSTRUCTED_TIMETABLE_COLUMN_ID_NOT_OPERATOR_TRIP_ID,PUBLISHED_PAGE_ORIENTATION_NOT_NECESSARILY_TRIP_ENDPOINTS
PDF20260903:D170:P02:C05,D170,2,5,MONTEVECCHIA→ARLATE→MERATE→CARNATE→VIMERCATE,MONTEVECCHIA,VIMERCATE,12345,,True,2026-09-03,2026-06-09,2026-09-13,18:30,18:50,20,5,SCHEDULED_PUBLISHED_TIME_NOT_OBSERVED_RUNTIME,https://www.leccotrasporti.it/percorsi/estivo/linea-d170.pdf,87ab0fe1f2c68a38f8e54fd911f0ef38c9b29a22b3d875e34e4209a1a922f63b,dcc3e75ae3b4f4ea5170f48e85345b83620c5536,RECONSTRUCTED_FROM_OFFICIAL_PRIMARY_TIMETABLE,PADERNO F.S.,CARNATE F.S.,,RECONSTRUCTED_TIMETABLE_COLUMN_ID_NOT_OPERATOR_TRIP_ID,PUBLISHED_PAGE_ORIENTATION_NOT_NECESSARILY_TRIP_ENDPOINTS
PDF20260903:D170:P03:C01,D170,3,1,VIMERCATE→CARNATE→MERATE→ARLATE→MONTEVECCHIA,VIMERCATE,MONTEVECCHIA,123456,,True,2026-09-03,2026-06-09,2026-09-13,06:38,06:57,19,7,SCHEDULED_PUBLISHED_TIME_NOT_OBSERVED_RUNTIME,https://www.leccotrasporti.it/percorsi/estivo/linea-d170.pdf,87ab0fe1f2c68a38f8e54fd911f0ef38c9b29a22b3d875e34e4209a1a922f63b,dcc3e75ae3b4f4ea5170f48e85345b83620c5536,RECONSTRUCTED_FROM_OFFICIAL_PRIMARY_TIMETABLE,MERATE BRUGAROLO,CERNUSCO F.S. (terminal),,RECONSTRUCTED_TIMETABLE_COLUMN_ID_NOT_OPERATOR_TRIP_ID,PUBLISHED_PAGE_ORIENTATION_NOT_NECESSARILY_TRIP_ENDPOINTS
PDF20260903:D170:P03:C02,D170,3,2,VIMERCATE→CARNATE→MERATE→ARLATE→MONTEVECCHIA,VIMERCATE,MONTEVECCHIA,123456,A,True,2026-09-03,2026-06-09,2026-09-13,07:33,07:44,11,5,SCHEDULED_PUBLISHED_TIME_NOT_OBSERVED_RUNTIME,https://www.leccotrasporti.it/percorsi/estivo/linea-d170.pdf,87ab0fe1f2c68a38f8e54fd911f0ef38c9b29a22b3d875e34e4209a1a922f63b,dcc3e75ae3b4f4ea5170f48e85345b83620c5536,RECONSTRUCTED_FROM_OFFICIAL_PRIMARY_TIMETABLE,NOVATE Via dei Lodovichi (Scuole),CERNUSCO F.S. (terminal),,RECONSTRUCTED_TIMETABLE_COLUMN_ID_NOT_OPERATOR_TRIP_ID,PUBLISHED_PAGE_ORIENTATION_NOT_NECESSARILY_TRIP_ENDPOINTS
PDF20260903:D170:P03:C03,D170,3,3,VIMERCATE→CARNATE→MERATE→ARLATE→MONTEVECCHIA,VIMERCATE,MONTEVECCHIA,123456,B,False,2026-09-03,2026-06-09,2026-09-13,07:27,07:44,17,7,SCHEDULED_PUBLISHED_TIME_NOT_OBSERVED_RUNTIME,https://www.leccotrasporti.it/percorsi/estivo/linea-d170.pdf,87ab0fe1f2c68a38f8e54fd911f0ef38c9b29a22b3d875e34e4209a1a922f63b,dcc3e75ae3b4f4ea5170f48e85345b83620c5536,RECONSTRUCTED_FROM_OFFICIAL_PRIMARY_TIMETABLE,MERATE (OSSERVATORIO),CERNUSCO F.S. (terminal),,RECONSTRUCTED_TIMETABLE_COLUMN_ID_NOT_OPERATOR_TRIP_ID,PUBLISHED_PAGE_ORIENTATION_NOT_NECESSARILY_TRIP_ENDPOINTS
PDF20260903:D170:P03:C04,D170,3,4,VIMERCATE→CARNATE→MERATE→ARLATE→MONTEVECCHIA,VIMERCATE,MONTEVECCHIA,123456,,True,2026-09-03,2026-06-09,2026-09-13,07:05,07:33,28,8,SCHEDULED_PUBLISHED_TIME_NOT_OBSERVED_RUNTIME,https://www.leccotrasporti.it/percorsi/estivo/linea-d170.pdf,87ab0fe1f2c68a38f8e54fd911f0ef38c9b29a22b3d875e34e4209a1a922f63b,dcc3e75ae3b4f4ea5170f48e85345b83620c5536,RECONSTRUCTED_FROM_OFFICIAL_PRIMARY_TIMETABLE,CARNATE F.S.,NOVATE Via De Gasperi (Scuole),,RECONSTRUCTED_TIMETABLE_COLUMN_ID_NOT_OPERATOR_TRIP_ID,PUBLISHED_PAGE_ORIENTATION_NOT_NECESSARILY_TRIP_ENDPOINTS
PDF20260903:D170:P03:C05,D170,3,5,VIMERCATE→CARNATE→MERATE→ARLATE→MONTEVECCHIA,VIMERCATE,MONTEVECCHIA,123456,B,False,2026-09-03,2026-06-09,2026-09-13,08:10,08:24,14,8,SCHEDULED_PUBLISHED_TIME_NOT_OBSERVED_RUNTIME,https://www.leccotrasporti.it/percorsi/estivo/linea-d170.pdf,87ab0fe1f2c68a38f8e54fd911f0ef38c9b29a22b3d875e34e4209a1a922f63b,dcc3e75ae3b4f4ea5170f48e85345b83620c5536,RECONSTRUCTED_FROM_OFFICIAL_PRIMARY_TIMETABLE,PADERNO F.S.,CERNUSCO F.S. (terminal),,RECONSTRUCTED_TIMETABLE_COLUMN_ID_NOT_OPERATOR_TRIP_ID,PUBLISHED_PAGE_ORIENTATION_NOT_NECESSARILY_TRIP_ENDPOINTS
PDF20260903:D170:P03:C06,D170,3,6,VIMERCATE→CARNATE→MERATE→ARLATE→MONTEVECCHIA,VIMERCATE,MONTEVECCHIA,123456,A,True,2026-09-03,2026-06-09,2026-09-13,08:22,08:53,31,13,SCHEDULED_PUBLISHED_TIME_NOT_OBSERVED_RUNTIME,https://www.leccotrasporti.it/percorsi/estivo/linea-d170.pdf,87ab0fe1f2c68a38f8e54fd911f0ef38c9b29a22b3d875e34e4209a1a922f63b,dcc3e75ae3b4f4ea5170f48e85345b83620c5536,RECONSTRUCTED_FROM_OFFICIAL_PRIMARY_TIMETABLE,PADERNO F.S.,MONTEVECCHIA Parcheggio Alta Collina,,RECONSTRUCTED_TIMETABLE_COLUMN_ID_NOT_OPERATOR_TRIP_ID,PUBLISHED_PAGE_ORIENTATION_NOT_NECESSARILY_TRIP_ENDPOINTS
PDF20260903:D170:P03:C07,D170,3,7,VIMERCATE→CARNATE→MERATE→ARLATE→MONTEVECCHIA,VIMERCATE,MONTEVECCHIA,123456,,True,2026-09-03,2026-06-09,2026-09-13,08:35,09:14,39,12,SCHEDULED_PUBLISHED_TIME_NOT_OBSERVED_RUNTIME,https://www.leccotrasporti.it/percorsi/estivo/linea-d170.pdf,87ab0fe1f2c68a38f8e54fd911f0ef38c9b29a22b3d875e34e4209a1a922f63b,dcc3e75ae3b4f4ea5170f48e85345b83620c5536,RECONSTRUCTED_FROM_OFFICIAL_PRIMARY_TIMETABLE,CARNATE F.S.,CERNUSCO F.S. (terminal),,RECONSTRUCTED_TIMETABLE_COLUMN_ID_NOT_OPERATOR_TRIP_ID,PUBLISHED_PAGE_ORIENTATION_NOT_NECESSARILY_TRIP_ENDPOINTS
PDF20260903:D170:P03:C08,D170,3,8,VIMERCATE→CARNATE→MERATE→ARLATE→MONTEVECCHIA,VIMERCATE,MONTEVECCHIA,123456,,True,2026-09-03,2026-06-09,2026-09-13,09:40,09:59,19,7,SCHEDULED_PUBLISHED_TIME_NOT_OBSERVED_RUNTIME,https://www.leccotrasporti.it/percorsi/estivo/linea-d170.pdf,87ab0fe1f2c68a38f8e54fd911f0ef38c9b29a22b3d875e34e4209a1a922f63b,dcc3e75ae3b4f4ea5170f48e85345b83620c5536,RECONSTRUCTED_FROM_OFFICIAL_PRIMARY_TIMETABLE,MERATE BRUGAROLO,CERNUSCO F.S. (terminal),,RECONSTRUCTED_TIMETABLE_COLUMN_ID_NOT_OPERATOR_TRIP_ID,PUBLISHED_PAGE_ORIENTATION_NOT_NECESSARILY_TRIP_ENDPOINTS
PDF20260903:D170:P03:C09,D170,3,9,VIMERCATE→CARNATE→MERATE→ARLATE→MONTEVECCHIA,VIMERCATE,MONTEVECCHIA,123456,,True,2026-09-03,2026-06-09,2026-09-13,10:00,10:14,14,4,SCHEDULED_PUBLISHED_TIME_NOT_OBSERVED_RUNTIME,https://www.leccotrasporti.it/percorsi/estivo/linea-d170.pdf,87ab0fe1f2c68a38f8e54fd911f0ef38c9b29a22b3d875e34e4209a1a922f63b,dcc3e75ae3b4f4ea5170f48e85345b83620c5536,RECONSTRUCTED_FROM_OFFICIAL_PRIMARY_TIMETABLE,PADERNO F.S.,ARLATE,,RECONSTRUCTED_TIMETABLE_COLUMN_ID_NOT_OPERATOR_TRIP_ID,PUBLISHED_PAGE_ORIENTATION_NOT_NECESSARILY_TRIP_ENDPOINTS
PDF20260903:D170:P03:C10,D170,3,10,VIMERCATE→CARNATE→MERATE→ARLATE→MONTEVECCHIA,VIMERCATE,MONTEVECCHIA,123456,,True,2026-09-03,2026-06-09,2026-09-13,10:30,10:49,19,8,SCHEDULED_PUBLISHED_TIME_NOT_OBSERVED_RUNTIME,https://www.leccotrasporti.it/percorsi/estivo/linea-d170.pdf,87ab0fe1f2c68a38f8e54fd911f0ef38c9b29a22b3d875e34e4209a1a922f63b,dcc3e75ae3b4f4ea5170f48e85345b83620c5536,RECONSTRUCTED_FROM_OFFICIAL_PRIMARY_TIMETABLE,PADERNO F.S.,CERNUSCO F.S. (terminal),,RECONSTRUCTED_TIMETABLE_COLUMN_ID_NOT_OPERATOR_TRIP_ID,PUBLISHED_PAGE_ORIENTATION_NOT_NECESSARILY_TRIP_ENDPOINTS
PDF20260903:D170:P03:C11,D170,3,11,VIMERCATE→CARNATE→MERATE→ARLATE→MONTEVECCHIA,VIMERCATE,MONTEVECCHIA,12345,A,True,2026-09-03,2026-06-09,2026-09-13,11:35,11:55,20,5,SCHEDULED_PUBLISHED_TIME_NOT_OBSERVED_RUNTIME,https://www.leccotrasporti.it/percorsi/estivo/linea-d170.pdf,87ab0fe1f2c68a38f8e54fd911f0ef38c9b29a22b3d875e34e4209a1a922f63b,dcc3e75ae3b4f4ea5170f48e85345b83620c5536,RECONSTRUCTED_FROM_OFFICIAL_PRIMARY_TIMETABLE,CARNATE F.S.,PADERNO F.S.,,RECONSTRUCTED_TIMETABLE_COLUMN_ID_NOT_OPERATOR_TRIP_ID,PUBLISHED_PAGE_ORIENTATION_NOT_NECESSARILY_TRIP_ENDPOINTS
PDF20260903:D170:P03:C12,D170,3,12,VIMERCATE→CARNATE→MERATE→ARLATE→MONTEVECCHIA,VIMERCATE,MONTEVECCHIA,123456,,True,2026-09-03,2026-06-09,2026-09-13,12:00,12:19,19,8,SCHEDULED_PUBLISHED_TIME_NOT_OBSERVED_RUNTIME,https://www.leccotrasporti.it/percorsi/estivo/linea-d170.pdf,87ab0fe1f2c68a38f8e54fd911f0ef38c9b29a22b3d875e34e4209a1a922f63b,dcc3e75ae3b4f4ea5170f48e85345b83620c5536,RECONSTRUCTED_FROM_OFFICIAL_PRIMARY_TIMETABLE,PADERNO F.S.,CERNUSCO F.S. (terminal),,RECONSTRUCTED_TIMETABLE_COLUMN_ID_NOT_OPERATOR_TRIP_ID,PUBLISHED_PAGE_ORIENTATION_NOT_NECESSARILY_TRIP_ENDPOINTS
PDF20260903:D170:P03:C13,D170,3,13,VIMERCATE→CARNATE→MERATE→ARLATE→MONTEVECCHIA,VIMERCATE,MONTEVECCHIA,12345,A,True,2026-09-03,2026-06-09,2026-09-13,12:30,12:58,28,8,SCHEDULED_PUBLISHED_TIME_NOT_OBSERVED_RUNTIME,https://www.leccotrasporti.it/percorsi/estivo/linea-d170.pdf,87ab0fe1f2c68a38f8e54fd911f0ef38c9b29a22b3d875e34e4209a1a922f63b,dcc3e75ae3b4f4ea5170f48e85345b83620c5536,RECONSTRUCTED_FROM_OFFICIAL_PRIMARY_TIMETABLE,CARNATE F.S.,NOVATE Via De Gasperi (Scuole),,RECONSTRUCTED_TIMETABLE_COLUMN_ID_NOT_OPERATOR_TRIP_ID,PUBLISHED_PAGE_ORIENTATION_NOT_NECESSARILY_TRIP_ENDPOINTS
PDF20260903:D170:P03:C14,D170,3,14,VIMERCATE→CARNATE→MERATE→ARLATE→MONTEVECCHIA,VIMERCATE,MONTEVECCHIA,123456,,True,2026-09-03,2026-06-09,2026-09-13,12:35,12:59,24,11,SCHEDULED_PUBLISHED_TIME_NOT_OBSERVED_RUNTIME,https://www.leccotrasporti.it/percorsi/estivo/linea-d170.pdf,87ab0fe1f2c68a38f8e54fd911f0ef38c9b29a22b3d875e34e4209a1a922f63b,dcc3e75ae3b4f4ea5170f48e85345b83620c5536,RECONSTRUCTED_FROM_OFFICIAL_PRIMARY_TIMETABLE,NOVATE Via dei Lodovichi (Scuole),ARLATE,,RECONSTRUCTED_TIMETABLE_COLUMN_ID_NOT_OPERATOR_TRIP_ID,PUBLISHED_PAGE_ORIENTATION_NOT_NECESSARILY_TRIP_ENDPOINTS
PDF20260903:D170:P03:C15,D170,3,15,VIMERCATE→CARNATE→MERATE→ARLATE→MONTEVECCHIA,VIMERCATE,MONTEVECCHIA,123456,,True,2026-09-03,2026-06-09,2026-09-13,13:17,13:25,8,4,SCHEDULED_PUBLISHED_TIME_NOT_OBSERVED_RUNTIME,https://www.leccotrasporti.it/percorsi/estivo/linea-d170.pdf,87ab0fe1f2c68a38f8e54fd911f0ef38c9b29a22b3d875e34e4209a1a922f63b,dcc3e75ae3b4f4ea5170f48e85345b83620c5536,RECONSTRUCTED_FROM_OFFICIAL_PRIMARY_TIMETABLE,PADERNO F.S.,NOVATE Via De Gasperi (Scuole),,RECONSTRUCTED_TIMETABLE_COLUMN_ID_NOT_OPERATOR_TRIP_ID,PUBLISHED_PAGE_ORIENTATION_NOT_NECESSARILY_TRIP_ENDPOINTS
PDF20260903:D170:P03:C16,D170,3,16,VIMERCATE→CARNATE→MERATE→ARLATE→MONTEVECCHIA,VIMERCATE,MONTEVECCHIA,123456,,True,2026-09-03,2026-06-09,2026-09-13,13:25,13:50,25,11,SCHEDULED_PUBLISHED_TIME_NOT_OBSERVED_RUNTIME,https://www.leccotrasporti.it/percorsi/estivo/linea-d170.pdf,87ab0fe1f2c68a38f8e54fd911f0ef38c9b29a22b3d875e34e4209a1a922f63b,dcc3e75ae3b4f4ea5170f48e85345b83620c5536,RECONSTRUCTED_FROM_OFFICIAL_PRIMARY_TIMETABLE,NOVATE Via De Gasperi (Scuole),ARLATE,,RECONSTRUCTED_TIMETABLE_COLUMN_ID_NOT_OPERATOR_TRIP_ID,PUBLISHED_PAGE_ORIENTATION_NOT_NECESSARILY_TRIP_ENDPOINTS
PDF20260903:D170:P03:C17,D170,3,17,VIMERCATE→CARNATE→MERATE→ARLATE→MONTEVECCHIA,VIMERCATE,MONTEVECCHIA,123456,,True,2026-09-03,2026-06-09,2026-09-13,13:35,13:45,10,4,SCHEDULED_PUBLISHED_TIME_NOT_OBSERVED_RUNTIME,https://www.leccotrasporti.it/percorsi/estivo/linea-d170.pdf,87ab0fe1f2c68a38f8e54fd911f0ef38c9b29a22b3d875e34e4209a1a922f63b,dcc3e75ae3b4f4ea5170f48e85345b83620c5536,RECONSTRUCTED_FROM_OFFICIAL_PRIMARY_TIMETABLE,MERATE BRUGAROLO,CERNUSCO F.S. (terminal),,RECONSTRUCTED_TIMETABLE_COLUMN_ID_NOT_OPERATOR_TRIP_ID,PUBLISHED_PAGE_ORIENTATION_NOT_NECESSARILY_TRIP_ENDPOINTS
PDF20260903:D170:P03:C18,D170,3,18,VIMERCATE→CARNATE→MERATE→ARLATE→MONTEVECCHIA,VIMERCATE,MONTEVECCHIA,123456,D,True,2026-09-03,2026-06-09,2026-09-13,14:05,14:44,39,12,SCHEDULED_PUBLISHED_TIME_NOT_OBSERVED_RUNTIME,https://www.leccotrasporti.it/percorsi/estivo/linea-d170.pdf,87ab0fe1f2c68a38f8e54fd911f0ef38c9b29a22b3d875e34e4209a1a922f63b,dcc3e75ae3b4f4ea5170f48e85345b83620c5536,RECONSTRUCTED_FROM_OFFICIAL_PRIMARY_TIMETABLE,CARNATE F.S.,CERNUSCO F.S. (terminal),,RECONSTRUCTED_TIMETABLE_COLUMN_ID_NOT_OPERATOR_TRIP_ID,PUBLISHED_PAGE_ORIENTATION_NOT_NECESSARILY_TRIP_ENDPOINTS
PDF20260903:D170:P03:C19,D170,3,19,VIMERCATE→CARNATE→MERATE→ARLATE→MONTEVECCHIA,VIMERCATE,MONTEVECCHIA,123456,D,True,2026-09-03,2026-06-09,2026-09-13,15:05,15:19,14,4,SCHEDULED_PUBLISHED_TIME_NOT_OBSERVED_RUNTIME,https://www.leccotrasporti.it/percorsi/estivo/linea-d170.pdf,87ab0fe1f2c68a38f8e54fd911f0ef38c9b29a22b3d875e34e4209a1a922f63b,dcc3e75ae3b4f4ea5170f48e85345b83620c5536,RECONSTRUCTED_FROM_OFFICIAL_PRIMARY_TIMETABLE,PADERNO F.S.,ARLATE,,RECONSTRUCTED_TIMETABLE_COLUMN_ID_NOT_OPERATOR_TRIP_ID,PUBLISHED_PAGE_ORIENTATION_NOT_NECESSARILY_TRIP_ENDPOINTS
PDF20260903:D170:P03:C20,D170,3,20,VIMERCATE→CARNATE→MERATE→ARLATE→MONTEVECCHIA,VIMERCATE,MONTEVECCHIA,6,B,False,2026-09-03,2026-06-09,2026-09-13,15:05,15:24,19,8,SCHEDULED_PUBLISHED_TIME_NOT_OBSERVED_RUNTIME,https://www.leccotrasporti.it/percorsi/estivo/linea-d170.pdf,87ab0fe1f2c68a38f8e54fd911f0ef38c9b29a22b3d875e34e4209a1a922f63b,dcc3e75ae3b4f4ea5170f48e85345b83620c5536,RECONSTRUCTED_FROM_OFFICIAL_PRIMARY_TIMETABLE,PADERNO F.S.,CERNUSCO F.S. (terminal),,RECONSTRUCTED_TIMETABLE_COLUMN_ID_NOT_OPERATOR_TRIP_ID,PUBLISHED_PAGE_ORIENTATION_NOT_NECESSARILY_TRIP_ENDPOINTS
PDF20260903:D170:P03:C21,D170,3,21,VIMERCATE→CARNATE→MERATE→ARLATE→MONTEVECCHIA,VIMERCATE,MONTEVECCHIA,123456,D,True,2026-09-03,2026-06-09,2026-09-13,14:45,15:15,30,10,SCHEDULED_PUBLISHED_TIME_NOT_OBSERVED_RUNTIME,https://www.leccotrasporti.it/percorsi/estivo/linea-d170.pdf,87ab0fe1f2c68a38f8e54fd911f0ef38c9b29a22b3d875e34e4209a1a922f63b,dcc3e75ae3b4f4ea5170f48e85345b83620c5536,RECONSTRUCTED_FROM_OFFICIAL_PRIMARY_TIMETABLE,CERNUSCO F.S. (terminal),ARLATE,,RECONSTRUCTED_TIMETABLE_COLUMN_ID_NOT_OPERATOR_TRIP_ID,PUBLISHED_PAGE_ORIENTATION_NOT_NECESSARILY_TRIP_ENDPOINTS
PDF20260903:D170:P03:C22,D170,3,22,VIMERCATE→CARNATE→MERATE→ARLATE→MONTEVECCHIA,VIMERCATE,MONTEVECCHIA,123456,,True,2026-09-03,2026-06-09,2026-09-13,14:45,15:05,20,5,SCHEDULED_PUBLISHED_TIME_NOT_OBSERVED_RUNTIME,https://www.leccotrasporti.it/percorsi/estivo/linea-d170.pdf,87ab0fe1f2c68a38f8e54fd911f0ef38c9b29a22b3d875e34e4209a1a922f63b,dcc3e75ae3b4f4ea5170f48e85345b83620c5536,RECONSTRUCTED_FROM_OFFICIAL_PRIMARY_TIMETABLE,CARNATE F.S.,PADERNO F.S.,,RECONSTRUCTED_TIMETABLE_COLUMN_ID_NOT_OPERATOR_TRIP_ID,PUBLISHED_PAGE_ORIENTATION_NOT_NECESSARILY_TRIP_ENDPOINTS
PDF20260903:D170:P03:C23,D170,3,23,VIMERCATE→CARNATE→MERATE→ARLATE→MONTEVECCHIA,VIMERCATE,MONTEVECCHIA,123456,D,True,2026-09-03,2026-06-09,2026-09-13,15:30,15:37,7,4,SCHEDULED_PUBLISHED_TIME_NOT_OBSERVED_RUNTIME,https://www.leccotrasporti.it/percorsi/estivo/linea-d170.pdf,87ab0fe1f2c68a38f8e54fd911f0ef38c9b29a22b3d875e34e4209a1a922f63b,dcc3e75ae3b4f4ea5170f48e85345b83620c5536,RECONSTRUCTED_FROM_OFFICIAL_PRIMARY_TIMETABLE,PADERNO F.S.,NOVATE Via dei Lodovichi (Scuole),,RECONSTRUCTED_TIMETABLE_COLUMN_ID_NOT_OPERATOR_TRIP_ID,PUBLISHED_PAGE_ORIENTATION_NOT_NECESSARILY_TRIP_ENDPOINTS
PDF20260903:D170:P03:C24,D170,3,24,VIMERCATE→CARNATE→MERATE→ARLATE→MONTEVECCHIA,VIMERCATE,MONTEVECCHIA,12345,,True,2026-09-03,2026-06-09,2026-09-13,16:56,17:15,19,8,SCHEDULED_PUBLISHED_TIME_NOT_OBSERVED_RUNTIME,https://www.leccotrasporti.it/percorsi/estivo/linea-d170.pdf,87ab0fe1f2c68a38f8e54fd911f0ef38c9b29a22b3d875e34e4209a1a922f63b,dcc3e75ae3b4f4ea5170f48e85345b83620c5536,RECONSTRUCTED_FROM_OFFICIAL_PRIMARY_TIMETABLE,PADERNO F.S.,CERNUSCO F.S. (terminal),,RECONSTRUCTED_TIMETABLE_COLUMN_ID_NOT_OPERATOR_TRIP_ID,PUBLISHED_PAGE_ORIENTATION_NOT_NECESSARILY_TRIP_ENDPOINTS
PDF20260903:D170:P04:C01,D170,4,1,VIMERCATE→CARNATE→MERATE→ARLATE→MONTEVECCHIA,VIMERCATE,MONTEVECCHIA,12345,,True,2026-09-03,2026-06-09,2026-09-13,18:00,18:20,20,5,SCHEDULED_PUBLISHED_TIME_NOT_OBSERVED_RUNTIME,https://www.leccotrasporti.it/percorsi/estivo/linea-d170.pdf,87ab0fe1f2c68a38f8e54fd911f0ef38c9b29a22b3d875e34e4209a1a922f63b,dcc3e75ae3b4f4ea5170f48e85345b83620c5536,RECONSTRUCTED_FROM_OFFICIAL_PRIMARY_TIMETABLE,CARNATE F.S.,PADERNO F.S.,,RECONSTRUCTED_TIMETABLE_COLUMN_ID_NOT_OPERATOR_TRIP_ID,PUBLISHED_PAGE_ORIENTATION_NOT_NECESSARILY_TRIP_ENDPOINTS
PDF20260903:D170:P04:C02,D170,4,2,VIMERCATE→CARNATE→MERATE→ARLATE→MONTEVECCHIA,VIMERCATE,MONTEVECCHIA,12345,,True,2026-09-03,2026-06-09,2026-09-13,18:55,19:23,28,8,SCHEDULED_PUBLISHED_TIME_NOT_OBSERVED_RUNTIME,https://www.leccotrasporti.it/percorsi/estivo/linea-d170.pdf,87ab0fe1f2c68a38f8e54fd911f0ef38c9b29a22b3d875e34e4209a1a922f63b,dcc3e75ae3b4f4ea5170f48e85345b83620c5536,RECONSTRUCTED_FROM_OFFICIAL_PRIMARY_TIMETABLE,CARNATE F.S.,NOVATE Via dei Lodovichi (Scuole),,RECONSTRUCTED_TIMETABLE_COLUMN_ID_NOT_OPERATOR_TRIP_ID,PUBLISHED_PAGE_ORIENTATION_NOT_NECESSARILY_TRIP_ENDPOINTS
PDF20260903:D184:P01:C01,D184,1,1,OLGIATE MOLGORA→RAVELLINO,OLGIATE MOLGORA,RAVELLINO,123456,A,True,2026-09-03,2026-06-09,2026-09-13,06:42,06:58,16,7,SCHEDULED_PUBLISHED_TIME_NOT_OBSERVED_RUNTIME,https://www.leccotrasporti.it/percorsi/estivo/linea-d184.pdf,6d5246976d369a283ee5ec3f6a49481755cfce851dd81839ccca4588205dd6ea,dcc3e75ae3b4f4ea5170f48e85345b83620c5536,RECONSTRUCTED_FROM_OFFICIAL_PRIMARY_TIMETABLE,OLGIATE MOLGORA FS,RAVELLINO,,RECONSTRUCTED_TIMETABLE_COLUMN_ID_NOT_OPERATOR_TRIP_ID,PUBLISHED_PAGE_ORIENTATION_NOT_NECESSARILY_TRIP_ENDPOINTS
PDF20260903:D184:P01:C02,D184,1,2,OLGIATE MOLGORA→RAVELLINO,OLGIATE MOLGORA,RAVELLINO,123456,A,True,2026-09-03,2026-06-09,2026-09-13,13:37,13:59,22,11,SCHEDULED_PUBLISHED_TIME_NOT_OBSERVED_RUNTIME,https://www.leccotrasporti.it/percorsi/estivo/linea-d184.pdf,6d5246976d369a283ee5ec3f6a49481755cfce851dd81839ccca4588205dd6ea,dcc3e75ae3b4f4ea5170f48e85345b83620c5536,RECONSTRUCTED_FROM_OFFICIAL_PRIMARY_TIMETABLE,OLGIATE MOLGORA FS,RAVELLINO,,RECONSTRUCTED_TIMETABLE_COLUMN_ID_NOT_OPERATOR_TRIP_ID,PUBLISHED_PAGE_ORIENTATION_NOT_NECESSARILY_TRIP_ENDPOINTS
PDF20260903:D184:P01:C03,D184,1,3,OLGIATE MOLGORA→RAVELLINO,OLGIATE MOLGORA,RAVELLINO,123456,A,True,2026-09-03,2026-06-09,2026-09-13,14:37,14:59,22,11,SCHEDULED_PUBLISHED_TIME_NOT_OBSERVED_RUNTIME,https://www.leccotrasporti.it/percorsi/estivo/linea-d184.pdf,6d5246976d369a283ee5ec3f6a49481755cfce851dd81839ccca4588205dd6ea,dcc3e75ae3b4f4ea5170f48e85345b83620c5536,RECONSTRUCTED_FROM_OFFICIAL_PRIMARY_TIMETABLE,OLGIATE MOLGORA FS,RAVELLINO,,RECONSTRUCTED_TIMETABLE_COLUMN_ID_NOT_OPERATOR_TRIP_ID,PUBLISHED_PAGE_ORIENTATION_NOT_NECESSARILY_TRIP_ENDPOINTS
PDF20260903:D184:P01:C04,D184,1,4,OLGIATE MOLGORA→RAVELLINO,OLGIATE MOLGORA,RAVELLINO,12345,A,True,2026-09-03,2026-06-09,2026-09-13,17:37,17:59,22,11,SCHEDULED_PUBLISHED_TIME_NOT_OBSERVED_RUNTIME,https://www.leccotrasporti.it/percorsi/estivo/linea-d184.pdf,6d5246976d369a283ee5ec3f6a49481755cfce851dd81839ccca4588205dd6ea,dcc3e75ae3b4f4ea5170f48e85345b83620c5536,RECONSTRUCTED_FROM_OFFICIAL_PRIMARY_TIMETABLE,OLGIATE MOLGORA FS,RAVELLINO,,RECONSTRUCTED_TIMETABLE_COLUMN_ID_NOT_OPERATOR_TRIP_ID,PUBLISHED_PAGE_ORIENTATION_NOT_NECESSARILY_TRIP_ENDPOINTS
PDF20260903:D184:P01:C05,D184,1,5,OLGIATE MOLGORA→RAVELLINO,OLGIATE MOLGORA,RAVELLINO,12345,A,True,2026-09-03,2026-06-09,2026-09-13,18:37,18:59,22,11,SCHEDULED_PUBLISHED_TIME_NOT_OBSERVED_RUNTIME,https://www.leccotrasporti.it/percorsi/estivo/linea-d184.pdf,6d5246976d369a283ee5ec3f6a49481755cfce851dd81839ccca4588205dd6ea,dcc3e75ae3b4f4ea5170f48e85345b83620c5536,RECONSTRUCTED_FROM_OFFICIAL_PRIMARY_TIMETABLE,OLGIATE MOLGORA FS,RAVELLINO,,RECONSTRUCTED_TIMETABLE_COLUMN_ID_NOT_OPERATOR_TRIP_ID,PUBLISHED_PAGE_ORIENTATION_NOT_NECESSARILY_TRIP_ENDPOINTS
PDF20260903:D184:P01:C06,D184,1,6,OLGIATE MOLGORA→RAVELLINO,OLGIATE MOLGORA,RAVELLINO,12345,A,True,2026-09-03,2026-06-09,2026-09-13,19:37,19:49,12,6,SCHEDULED_PUBLISHED_TIME_NOT_OBSERVED_RUNTIME,https://www.leccotrasporti.it/percorsi/estivo/linea-d184.pdf,6d5246976d369a283ee5ec3f6a49481755cfce851dd81839ccca4588205dd6ea,dcc3e75ae3b4f4ea5170f48e85345b83620c5536,RECONSTRUCTED_FROM_OFFICIAL_PRIMARY_TIMETABLE,OLGIATE MOLGORA FS,S. MARIA HOE' Alpino Via Como,,RECONSTRUCTED_TIMETABLE_COLUMN_ID_NOT_OPERATOR_TRIP_ID,PUBLISHED_PAGE_ORIENTATION_NOT_NECESSARILY_TRIP_ENDPOINTS
PDF20260903:D184:P02:C01,D184,2,1,RAVELLINO→OLGIATE MOLGORA,RAVELLINO,OLGIATE MOLGORA,123456,A,True,2026-09-03,2026-06-09,2026-09-13,06:10,06:22,12,6,SCHEDULED_PUBLISHED_TIME_NOT_OBSERVED_RUNTIME,https://www.leccotrasporti.it/percorsi/estivo/linea-d184.pdf,6d5246976d369a283ee5ec3f6a49481755cfce851dd81839ccca4588205dd6ea,dcc3e75ae3b4f4ea5170f48e85345b83620c5536,RECONSTRUCTED_FROM_OFFICIAL_PRIMARY_TIMETABLE,S. MARIA HOE Alpino Via Como,OLGIATE MOLGORA FS,,RECONSTRUCTED_TIMETABLE_COLUMN_ID_NOT_OPERATOR_TRIP_ID,PUBLISHED_PAGE_ORIENTATION_NOT_NECESSARILY_TRIP_ENDPOINTS
PDF20260903:D184:P02:C02,D184,2,2,RAVELLINO→OLGIATE MOLGORA,RAVELLINO,OLGIATE MOLGORA,123456,A,True,2026-09-03,2026-06-09,2026-09-13,06:58,07:20,22,11,SCHEDULED_PUBLISHED_TIME_NOT_OBSERVED_RUNTIME,https://www.leccotrasporti.it/percorsi/estivo/linea-d184.pdf,6d5246976d369a283ee5ec3f6a49481755cfce851dd81839ccca4588205dd6ea,dcc3e75ae3b4f4ea5170f48e85345b83620c5536,RECONSTRUCTED_FROM_OFFICIAL_PRIMARY_TIMETABLE,RAVELLINO,OLGIATE MOLGORA FS,,RECONSTRUCTED_TIMETABLE_COLUMN_ID_NOT_OPERATOR_TRIP_ID,PUBLISHED_PAGE_ORIENTATION_NOT_NECESSARILY_TRIP_ENDPOINTS
PDF20260903:D184:P02:C03,D184,2,3,RAVELLINO→OLGIATE MOLGORA,RAVELLINO,OLGIATE MOLGORA,123456,A,True,2026-09-03,2026-06-09,2026-09-13,14:02,14:24,22,11,SCHEDULED_PUBLISHED_TIME_NOT_OBSERVED_RUNTIME,https://www.leccotrasporti.it/percorsi/estivo/linea-d184.pdf,6d5246976d369a283ee5ec3f6a49481755cfce851dd81839ccca4588205dd6ea,dcc3e75ae3b4f4ea5170f48e85345b83620c5536,RECONSTRUCTED_FROM_OFFICIAL_PRIMARY_TIMETABLE,RAVELLINO,OLGIATE MOLGORA FS,,RECONSTRUCTED_TIMETABLE_COLUMN_ID_NOT_OPERATOR_TRIP_ID,PUBLISHED_PAGE_ORIENTATION_NOT_NECESSARILY_TRIP_ENDPOINTS
PDF20260903:D184:P02:C04,D184,2,4,RAVELLINO→OLGIATE MOLGORA,RAVELLINO,OLGIATE MOLGORA,123456,A,True,2026-09-03,2026-06-09,2026-09-13,15:02,15:24,22,11,SCHEDULED_PUBLISHED_TIME_NOT_OBSERVED_RUNTIME,https://www.leccotrasporti.it/percorsi/estivo/linea-d184.pdf,6d5246976d369a283ee5ec3f6a49481755cfce851dd81839ccca4588205dd6ea,dcc3e75ae3b4f4ea5170f48e85345b83620c5536,RECONSTRUCTED_FROM_OFFICIAL_PRIMARY_TIMETABLE,RAVELLINO,OLGIATE MOLGORA FS,,RECONSTRUCTED_TIMETABLE_COLUMN_ID_NOT_OPERATOR_TRIP_ID,PUBLISHED_PAGE_ORIENTATION_NOT_NECESSARILY_TRIP_ENDPOINTS
PDF20260903:D184:P02:C05,D184,2,5,RAVELLINO→OLGIATE MOLGORA,RAVELLINO,OLGIATE MOLGORA,12345,A,True,2026-09-03,2026-06-09,2026-09-13,18:02,18:24,22,11,SCHEDULED_PUBLISHED_TIME_NOT_OBSERVED_RUNTIME,https://www.leccotrasporti.it/percorsi/estivo/linea-d184.pdf,6d5246976d369a283ee5ec3f6a49481755cfce851dd81839ccca4588205dd6ea,dcc3e75ae3b4f4ea5170f48e85345b83620c5536,RECONSTRUCTED_FROM_OFFICIAL_PRIMARY_TIMETABLE,RAVELLINO,OLGIATE MOLGORA FS,,RECONSTRUCTED_TIMETABLE_COLUMN_ID_NOT_OPERATOR_TRIP_ID,PUBLISHED_PAGE_ORIENTATION_NOT_NECESSARILY_TRIP_ENDPOINTS
PDF20260903:D184:P02:C06,D184,2,6,RAVELLINO→OLGIATE MOLGORA,RAVELLINO,OLGIATE MOLGORA,12345,A,True,2026-09-03,2026-06-09,2026-09-13,19:02,19:24,22,11,SCHEDULED_PUBLISHED_TIME_NOT_OBSERVED_RUNTIME,https://www.leccotrasporti.it/percorsi/estivo/linea-d184.pdf,6d5246976d369a283ee5ec3f6a49481755cfce851dd81839ccca4588205dd6ea,dcc3e75ae3b4f4ea5170f48e85345b83620c5536,RECONSTRUCTED_FROM_OFFICIAL_PRIMARY_TIMETABLE,RAVELLINO,OLGIATE MOLGORA FS,,RECONSTRUCTED_TIMETABLE_COLUMN_ID_NOT_OPERATOR_TRIP_ID,PUBLISHED_PAGE_ORIENTATION_NOT_NECESSARILY_TRIP_ENDPOINTS
PDF20260903:D185:P01:C01,D185,1,1,CELANA→CISANO→BRIVIO→OLGIATE MOLGORA,CELANA,OLGIATE MOLGORA,123456,A,True,2026-09-03,2026-06-09,2026-09-13,06:25,07:15,50,12,SCHEDULED_PUBLISHED_TIME_NOT_OBSERVED_RUNTIME,https://www.leccotrasporti.it/percorsi/estivo/linea-d185.pdf,31f2da4a8f6539bbb08da8b7ec08b8d4a475f38482f880d3d1206ef9fbd90c66,dcc3e75ae3b4f4ea5170f48e85345b83620c5536,RECONSTRUCTED_FROM_OFFICIAL_PRIMARY_TIMETABLE,CELANA,OLGIATE MOLGORA FS,,RECONSTRUCTED_TIMETABLE_COLUMN_ID_NOT_OPERATOR_TRIP_ID,PUBLISHED_PAGE_ORIENTATION_NOT_NECESSARILY_TRIP_ENDPOINTS
PDF20260903:D185:P01:C02,D185,1,2,CELANA→CISANO→BRIVIO→OLGIATE MOLGORA,CELANA,OLGIATE MOLGORA,123456,A,True,2026-09-03,2026-06-09,2026-09-13,08:10,08:50,40,9,SCHEDULED_PUBLISHED_TIME_NOT_OBSERVED_RUNTIME,https://www.leccotrasporti.it/percorsi/estivo/linea-d185.pdf,31f2da4a8f6539bbb08da8b7ec08b8d4a475f38482f880d3d1206ef9fbd90c66,dcc3e75ae3b4f4ea5170f48e85345b83620c5536,RECONSTRUCTED_FROM_OFFICIAL_PRIMARY_TIMETABLE,CAPRINO Piazza Marconi,OLGIATE MOLGORA FS,,RECONSTRUCTED_TIMETABLE_COLUMN_ID_NOT_OPERATOR_TRIP_ID,PUBLISHED_PAGE_ORIENTATION_NOT_NECESSARILY_TRIP_ENDPOINTS
PDF20260903:D185:P01:C03,D185,1,3,CELANA→CISANO→BRIVIO→OLGIATE MOLGORA,CELANA,OLGIATE MOLGORA,123456,A,True,2026-09-03,2026-06-09,2026-09-13,12:45,13:25,40,9,SCHEDULED_PUBLISHED_TIME_NOT_OBSERVED_RUNTIME,https://www.leccotrasporti.it/percorsi/estivo/linea-d185.pdf,31f2da4a8f6539bbb08da8b7ec08b8d4a475f38482f880d3d1206ef9fbd90c66,dcc3e75ae3b4f4ea5170f48e85345b83620c5536,RECONSTRUCTED_FROM_OFFICIAL_PRIMARY_TIMETABLE,CAPRINO Piazza Marconi,OLGIATE MOLGORA FS,,RECONSTRUCTED_TIMETABLE_COLUMN_ID_NOT_OPERATOR_TRIP_ID,PUBLISHED_PAGE_ORIENTATION_NOT_NECESSARILY_TRIP_ENDPOINTS
PDF20260903:D185:P01:C04,D185,1,4,CELANA→CISANO→BRIVIO→OLGIATE MOLGORA,CELANA,OLGIATE MOLGORA,123456,A,True,2026-09-03,2026-06-09,2026-09-13,15:45,16:25,40,9,SCHEDULED_PUBLISHED_TIME_NOT_OBSERVED_RUNTIME,https://www.leccotrasporti.it/percorsi/estivo/linea-d185.pdf,31f2da4a8f6539bbb08da8b7ec08b8d4a475f38482f880d3d1206ef9fbd90c66,dcc3e75ae3b4f4ea5170f48e85345b83620c5536,RECONSTRUCTED_FROM_OFFICIAL_PRIMARY_TIMETABLE,CAPRINO Piazza Marconi,OLGIATE MOLGORA FS,,RECONSTRUCTED_TIMETABLE_COLUMN_ID_NOT_OPERATOR_TRIP_ID,PUBLISHED_PAGE_ORIENTATION_NOT_NECESSARILY_TRIP_ENDPOINTS
PDF20260903:D185:P01:C05,D185,1,5,CELANA→CISANO→BRIVIO→OLGIATE MOLGORA,CELANA,OLGIATE MOLGORA,12345,A,True,2026-09-03,2026-06-09,2026-09-13,17:15,17:55,40,9,SCHEDULED_PUBLISHED_TIME_NOT_OBSERVED_RUNTIME,https://www.leccotrasporti.it/percorsi/estivo/linea-d185.pdf,31f2da4a8f6539bbb08da8b7ec08b8d4a475f38482f880d3d1206ef9fbd90c66,dcc3e75ae3b4f4ea5170f48e85345b83620c5536,RECONSTRUCTED_FROM_OFFICIAL_PRIMARY_TIMETABLE,CAPRINO Piazza Marconi,OLGIATE MOLGORA FS,,RECONSTRUCTED_TIMETABLE_COLUMN_ID_NOT_OPERATOR_TRIP_ID,PUBLISHED_PAGE_ORIENTATION_NOT_NECESSARILY_TRIP_ENDPOINTS
PDF20260903:D185:P01:C06,D185,1,6,CELANA→CISANO→BRIVIO→OLGIATE MOLGORA,CELANA,OLGIATE MOLGORA,12345,A,True,2026-09-03,2026-06-09,2026-09-13,18:45,19:25,40,9,SCHEDULED_PUBLISHED_TIME_NOT_OBSERVED_RUNTIME,https://www.leccotrasporti.it/percorsi/estivo/linea-d185.pdf,31f2da4a8f6539bbb08da8b7ec08b8d4a475f38482f880d3d1206ef9fbd90c66,dcc3e75ae3b4f4ea5170f48e85345b83620c5536,RECONSTRUCTED_FROM_OFFICIAL_PRIMARY_TIMETABLE,CAPRINO Piazza Marconi,OLGIATE MOLGORA FS,,RECONSTRUCTED_TIMETABLE_COLUMN_ID_NOT_OPERATOR_TRIP_ID,PUBLISHED_PAGE_ORIENTATION_NOT_NECESSARILY_TRIP_ENDPOINTS
PDF20260903:D185:P02:C01,D185,2,1,OLGIATE MOLGORA→BRIVIO→CISANO→CELANA,OLGIATE MOLGORA,CELANA,123456,A,True,2026-09-03,2026-06-09,2026-09-13,06:20,06:35,15,3,SCHEDULED_PUBLISHED_TIME_NOT_OBSERVED_RUNTIME,https://www.leccotrasporti.it/percorsi/estivo/linea-d185.pdf,31f2da4a8f6539bbb08da8b7ec08b8d4a475f38482f880d3d1206ef9fbd90c66,dcc3e75ae3b4f4ea5170f48e85345b83620c5536,RECONSTRUCTED_FROM_OFFICIAL_PRIMARY_TIMETABLE,CAPRINO Piazza Marconi,CAPRINO Piazza Marconi,,RECONSTRUCTED_TIMETABLE_COLUMN_ID_NOT_OPERATOR_TRIP_ID,PUBLISHED_PAGE_ORIENTATION_NOT_NECESSARILY_TRIP_ENDPOINTS
PDF20260903:D185:P02:C02,D185,2,2,OLGIATE MOLGORA→BRIVIO→CISANO→CELANA,OLGIATE MOLGORA,CELANA,123456,A,True,2026-09-03,2026-06-09,2026-09-13,07:15,08:00,45,9,SCHEDULED_PUBLISHED_TIME_NOT_OBSERVED_RUNTIME,https://www.leccotrasporti.it/percorsi/estivo/linea-d185.pdf,31f2da4a8f6539bbb08da8b7ec08b8d4a475f38482f880d3d1206ef9fbd90c66,dcc3e75ae3b4f4ea5170f48e85345b83620c5536,RECONSTRUCTED_FROM_OFFICIAL_PRIMARY_TIMETABLE,OLGIATE MOLGORA FS,CAPRINO Piazza Marconi,,RECONSTRUCTED_TIMETABLE_COLUMN_ID_NOT_OPERATOR_TRIP_ID,PUBLISHED_PAGE_ORIENTATION_NOT_NECESSARILY_TRIP_ENDPOINTS
PDF20260903:D185:P02:C03,D185,2,3,OLGIATE MOLGORA→BRIVIO→CISANO→CELANA,OLGIATE MOLGORA,CELANA,123456,A,True,2026-09-03,2026-06-09,2026-09-13,09:05,09:46,41,9,SCHEDULED_PUBLISHED_TIME_NOT_OBSERVED_RUNTIME,https://www.leccotrasporti.it/percorsi/estivo/linea-d185.pdf,31f2da4a8f6539bbb08da8b7ec08b8d4a475f38482f880d3d1206ef9fbd90c66,dcc3e75ae3b4f4ea5170f48e85345b83620c5536,RECONSTRUCTED_FROM_OFFICIAL_PRIMARY_TIMETABLE,OLGIATE MOLGORA FS,CAPRINO Piazza Marconi,,RECONSTRUCTED_TIMETABLE_COLUMN_ID_NOT_OPERATOR_TRIP_ID,PUBLISHED_PAGE_ORIENTATION_NOT_NECESSARILY_TRIP_ENDPOINTS
PDF20260903:D185:P02:C04,D185,2,4,OLGIATE MOLGORA→BRIVIO→CISANO→CELANA,OLGIATE MOLGORA,CELANA,12345,A,True,2026-09-03,2026-06-09,2026-09-13,13:35,14:16,41,9,SCHEDULED_PUBLISHED_TIME_NOT_OBSERVED_RUNTIME,https://www.leccotrasporti.it/percorsi/estivo/linea-d185.pdf,31f2da4a8f6539bbb08da8b7ec08b8d4a475f38482f880d3d1206ef9fbd90c66,dcc3e75ae3b4f4ea5170f48e85345b83620c5536,RECONSTRUCTED_FROM_OFFICIAL_PRIMARY_TIMETABLE,OLGIATE MOLGORA FS,CAPRINO Piazza Marconi,,RECONSTRUCTED_TIMETABLE_COLUMN_ID_NOT_OPERATOR_TRIP_ID,PUBLISHED_PAGE_ORIENTATION_NOT_NECESSARILY_TRIP_ENDPOINTS
PDF20260903:D185:P02:C05,D185,2,5,OLGIATE MOLGORA→BRIVIO→CISANO→CELANA,OLGIATE MOLGORA,CELANA,123456,A,True,2026-09-03,2026-06-09,2026-09-13,16:35,17:15,40,9,SCHEDULED_PUBLISHED_TIME_NOT_OBSERVED_RUNTIME,https://www.leccotrasporti.it/percorsi/estivo/linea-d185.pdf,31f2da4a8f6539bbb08da8b7ec08b8d4a475f38482f880d3d1206ef9fbd90c66,dcc3e75ae3b4f4ea5170f48e85345b83620c5536,RECONSTRUCTED_FROM_OFFICIAL_PRIMARY_TIMETABLE,OLGIATE MOLGORA FS,CAPRINO Piazza Marconi,,RECONSTRUCTED_TIMETABLE_COLUMN_ID_NOT_OPERATOR_TRIP_ID,PUBLISHED_PAGE_ORIENTATION_NOT_NECESSARILY_TRIP_ENDPOINTS
PDF20260903:D185:P02:C06,D185,2,6,OLGIATE MOLGORA→BRIVIO→CISANO→CELANA,OLGIATE MOLGORA,CELANA,12345,A,True,2026-09-03,2026-06-09,2026-09-13,18:05,18:45,40,9,SCHEDULED_PUBLISHED_TIME_NOT_OBSERVED_RUNTIME,https://www.leccotrasporti.it/percorsi/estivo/linea-d185.pdf,31f2da4a8f6539bbb08da8b7ec08b8d4a475f38482f880d3d1206ef9fbd90c66,dcc3e75ae3b4f4ea5170f48e85345b83620c5536,RECONSTRUCTED_FROM_OFFICIAL_PRIMARY_TIMETABLE,OLGIATE MOLGORA FS,CAPRINO Piazza Marconi,,RECONSTRUCTED_TIMETABLE_COLUMN_ID_NOT_OPERATOR_TRIP_ID,PUBLISHED_PAGE_ORIENTATION_NOT_NECESSARILY_TRIP_ENDPOINTS
PDF20260903:D185:P02:C07,D185,2,7,OLGIATE MOLGORA→BRIVIO→CISANO→CELANA,OLGIATE MOLGORA,CELANA,12345,A,True,2026-09-03,2026-06-09,2026-09-13,19:35,20:05,30,9,SCHEDULED_PUBLISHED_TIME_NOT_OBSERVED_RUNTIME,https://www.leccotrasporti.it/percorsi/estivo/linea-d185.pdf,31f2da4a8f6539bbb08da8b7ec08b8d4a475f38482f880d3d1206ef9fbd90c66,dcc3e75ae3b4f4ea5170f48e85345b83620c5536,RECONSTRUCTED_FROM_OFFICIAL_PRIMARY_TIMETABLE,OLGIATE MOLGORA FS,CAPRINO Piazza Marconi,,RECONSTRUCTED_TIMETABLE_COLUMN_ID_NOT_OPERATOR_TRIP_ID,PUBLISHED_PAGE_ORIENTATION_NOT_NECESSARILY_TRIP_ENDPOINTS
