source_anchor_id,source_kind,source_record_id,source_name,municipality,lon,lat,graph_node_id,snap_distance_m,snap_status,evidence_status,physical_status,candidate_status,highway,road_uncertainty_flags,route_ready,epoch_id,routing_anchor_id,collapse_reason
existing:EX_001,EXISTING_PHYSICAL_STOP_CLUSTER,100005,Brivio - s.s. briantea,Brivio,9.422710000,45.734640000,n:532851.78:5064657.22,36.159248926,ROUTE_READY_LE_75M,FACT,EXISTING_OFFICIAL_STOP_CLUSTER,NOT_PROPOSED,,,true,gate-d-2026-09-03-834d5caa0bfd,existing:EX_001,UNIQUE_GRAPH_NODE
existing:EX_002,EXISTING_PHYSICAL_STOP_CLUSTER,300063,Brivio - capolinea,Brivio,9.445700000,45.741333000,n:534678.16:5065404.73,6.130956667,ROUTE_READY_LE_75M,FACT,EXISTING_OFFICIAL_STOP_CLUSTER,NOT_PROPOSED,,,true,gate-d-2026-09-03-834d5caa0bfd,existing:EX_002,UNIQUE_GRAPH_NODE
existing:EX_003,EXISTING_PHYSICAL_STOP_CLUSTER,L00086,Brivio - beverate (cariplo),Brivio,9.423083000,45.740517000,n:532908.34:5065306.79,5.133888196,ROUTE_READY_LE_75M,FACT,EXISTING_OFFICIAL_STOP_CLUSTER,NOT_PROPOSED,,,true,gate-d-2026-09-03-834d5caa0bfd,existing:EX_003,UNIQUE_GRAPH_NODE
existing:EX_004,EXISTING_PHYSICAL_STOP_CLUSTER,300087,Brivio - vaccarezza,Brivio,9.436083000,45.736850000,n:533924.18:5064904.08,2.731631695,ROUTE_READY_LE_75M,FACT,EXISTING_OFFICIAL_STOP_CLUSTER,NOT_PROPOSED,,,true,gate-d-2026-09-03-834d5caa0bfd,existing:EX_004,UNIQUE_GRAPH_NODE
existing:EX_005,EXISTING_PHYSICAL_STOP_CLUSTER,L00089,Calco - via statale (edicola),Calco,9.415133000,45.723817000,n:532307.89:5063449.27,4.753781980,ROUTE_READY_LE_75M,FACT,EXISTING_OFFICIAL_STOP_CLUSTER,NOT_PROPOSED,,,true,gate-d-2026-09-03-834d5caa0bfd,existing:EX_005,UNIQUE_GRAPH_NODE
existing:EX_006,EXISTING_PHYSICAL_STOP_CLUSTER,300207,S.Maria Hoe' - paese,Santa Maria Hoè,9.387230000,45.738470000,n:530138.79:5065052.68,17.349430444,ROUTE_READY_LE_75M,FACT,EXISTING_OFFICIAL_STOP_CLUSTER,NOT_PROPOSED,,,true,gate-d-2026-09-03-834d5caa0bfd,existing:EX_006,UNIQUE_GRAPH_NODE
existing:EX_007,EXISTING_PHYSICAL_STOP_CLUSTER,300397,Calco - via virgilio,Calco,9.414950000,45.724950000,n:532282.82:5063572.95,6.612103668,ROUTE_READY_LE_75M,FACT,EXISTING_OFFICIAL_STOP_CLUSTER,NOT_PROPOSED,,,true,gate-d-2026-09-03-834d5caa0bfd,existing:EX_007,COLLAPSED_SAME_FROZEN_GRAPH_NODE
existing:EX_008,EXISTING_PHYSICAL_STOP_CLUSTER,L00398,Brivio - beverate (paese),Brivio,9.428150000,45.737317000,n:533312.71:5064950.82,3.588222979,ROUTE_READY_LE_75M,FACT,EXISTING_OFFICIAL_STOP_CLUSTER,NOT_PROPOSED,,,true,gate-d-2026-09-03-834d5caa0bfd,existing:EX_008,UNIQUE_GRAPH_NODE
existing:EX_009,EXISTING_PHYSICAL_STOP_CLUSTER,L00405,Cisano - sosta,Brivio,9.451383000,45.739967000,n:535120.41:5065256.67,5.497522789,ROUTE_READY_LE_75M,FACT,EXISTING_OFFICIAL_STOP_CLUSTER,NOT_PROPOSED,,,true,gate-d-2026-09-03-834d5caa0bfd,existing:EX_009,UNIQUE_GRAPH_NODE
existing:EX_010,EXISTING_PHYSICAL_STOP_CLUSTER,300406,Brivio - via como (pizzeria),Brivio,9.439367000,45.742417000,n:534184.20:5065526.96,6.905768590,ROUTE_READY_LE_75M,FACT,EXISTING_OFFICIAL_STOP_CLUSTER,NOT_PROPOSED,,,true,gate-d-2026-09-03-834d5caa0bfd,existing:EX_010,UNIQUE_GRAPH_NODE
existing:EX_011,EXISTING_PHYSICAL_STOP_CLUSTER,300407,Olgiate Molgora - stazione f.s.,Olgiate Molgora,9.405760000,45.733710000,n:531565.22:5064543.04,4.338664511,ROUTE_READY_LE_75M,FACT,EXISTING_OFFICIAL_STOP_CLUSTER,NOT_PROPOSED,,,true,gate-d-2026-09-03-834d5caa0bfd,existing:EX_011,UNIQUE_GRAPH_NODE
existing:EX_012,EXISTING_PHYSICAL_STOP_CLUSTER,L00487,Brivio - beverate (quattro strade),Brivio,9.426933000,45.734767000,n:533213.98:5064665.16,3.166124306,ROUTE_READY_LE_75M,FACT,EXISTING_OFFICIAL_STOP_CLUSTER,NOT_PROPOSED,,,true,gate-d-2026-09-03-834d5caa0bfd,existing:EX_012,UNIQUE_GRAPH_NODE
existing:EX_013,EXISTING_PHYSICAL_STOP_CLUSTER,300863,Monte Marenzo - smalti riva,Brivio,9.443183000,45.772150000,n:534456.02:5068815.70,12.158796528,ROUTE_READY_LE_75M,FACT,EXISTING_OFFICIAL_STOP_CLUSTER,NOT_PROPOSED,,,true,gate-d-2026-09-03-834d5caa0bfd,existing:EX_013,UNIQUE_GRAPH_NODE
existing:EX_014,EXISTING_PHYSICAL_STOP_CLUSTER,300527,Airuno - elettroadda,Brivio,9.423283000,45.741333000,n:532929.94:5065402.33,6.978211387,ROUTE_READY_LE_75M,FACT,EXISTING_OFFICIAL_STOP_CLUSTER,NOT_PROPOSED,,,true,gate-d-2026-09-03-834d5caa0bfd,existing:EX_014,UNIQUE_GRAPH_NODE
existing:EX_015,EXISTING_PHYSICAL_STOP_CLUSTER,300528,Calco - arlate - (provinciale),Calco,9.443967000,45.723500000,n:534549.56:5063427.02,4.211454497,ROUTE_READY_LE_75M,FACT,EXISTING_OFFICIAL_STOP_CLUSTER,NOT_PROPOSED,,,true,gate-d-2026-09-03-834d5caa0bfd,existing:EX_015,UNIQUE_GRAPH_NODE
existing:EX_016,EXISTING_PHYSICAL_STOP_CLUSTER,300634,Calco - via Nazionale,Calco,9.417783000,45.729600000,n:532499.08:5064091.41,8.201610561,ROUTE_READY_LE_75M,FACT,EXISTING_OFFICIAL_STOP_CLUSTER,NOT_PROPOSED,,,true,gate-d-2026-09-03-834d5caa0bfd,existing:EX_016,UNIQUE_GRAPH_NODE
existing:EX_017,EXISTING_PHYSICAL_STOP_CLUSTER,L00638,Olginate - fornasette,Brivio,9.424833000,45.768533000,n:533027.18:5068353.33,65.097966889,ROUTE_READY_LE_75M,FACT,EXISTING_OFFICIAL_STOP_CLUSTER,NOT_PROPOSED,,,true,gate-d-2026-09-03-834d5caa0bfd,existing:EX_017,UNIQUE_GRAPH_NODE
existing:EX_018,EXISTING_PHYSICAL_STOP_CLUSTER,300728,Olgiate Molgora - via statale,Olgiate Molgora,9.400417000,45.728633000,n:531145.24:5063989.14,17.695633661,ROUTE_READY_LE_75M,FACT,EXISTING_OFFICIAL_STOP_CLUSTER,NOT_PROPOSED,,,true,gate-d-2026-09-03-834d5caa0bfd,existing:EX_018,UNIQUE_GRAPH_NODE
existing:EX_019,EXISTING_PHYSICAL_STOP_CLUSTER,L00729,Calco - via virgilio (pensilina asf),Calco,9.410183000,45.724950000,n:531927.07:5063574.22,9.583088534,ROUTE_READY_LE_75M,FACT,EXISTING_OFFICIAL_STOP_CLUSTER,NOT_PROPOSED,,,true,gate-d-2026-09-03-834d5caa0bfd,existing:EX_019,UNIQUE_GRAPH_NODE
existing:EX_020,EXISTING_PHYSICAL_STOP_CLUSTER,300743,Calco - arlate (cimitero),Calco,9.440970000,45.723770000,n:534316.06:5063448.92,3.071360947,ROUTE_READY_LE_75M,FACT,EXISTING_OFFICIAL_STOP_CLUSTER,NOT_PROPOSED,,,true,gate-d-2026-09-03-834d5caa0bfd,existing:EX_020,UNIQUE_GRAPH_NODE
existing:EX_021,EXISTING_PHYSICAL_STOP_CLUSTER,300746,Merate - sartirana (cimitero),Calco,9.423840000,45.719860000,n:532984.63:5063005.09,5.061190030,ROUTE_READY_LE_75M,FACT,EXISTING_OFFICIAL_STOP_CLUSTER,NOT_PROPOSED,,,true,gate-d-2026-09-03-834d5caa0bfd,existing:EX_021,UNIQUE_GRAPH_NODE
existing:EX_022,EXISTING_PHYSICAL_STOP_CLUSTER,300782,S.Maria Hoe',Santa Maria Hoè,9.373817000,45.744283000,n:529070.45:5065704.08,8.113051451,ROUTE_READY_LE_75M,FACT,EXISTING_OFFICIAL_STOP_CLUSTER,NOT_PROPOSED,,,true,gate-d-2026-09-03-834d5caa0bfd,existing:EX_022,UNIQUE_GRAPH_NODE
existing:EX_023,EXISTING_PHYSICAL_STOP_CLUSTER,300803,Olgiate Molgora - monticello scarpone,Olgiate Molgora,9.390270000,45.731330000,n:530369.50:5064267.88,5.233262208,ROUTE_READY_LE_75M,FACT,EXISTING_OFFICIAL_STOP_CLUSTER,NOT_PROPOSED,,,true,gate-d-2026-09-03-834d5caa0bfd,existing:EX_023,UNIQUE_GRAPH_NODE
existing:EX_024,EXISTING_PHYSICAL_STOP_CLUSTER,L00804,Rovagnate - la pesa,La Valletta Brianza,9.374867000,45.737217000,n:529163.04:5064915.90,3.703048354,ROUTE_READY_LE_75M,FACT,EXISTING_OFFICIAL_STOP_CLUSTER,NOT_PROPOSED,,,true,gate-d-2026-09-03-834d5caa0bfd,existing:EX_024,UNIQUE_GRAPH_NODE
existing:EX_025,EXISTING_PHYSICAL_STOP_CLUSTER,L00904,S.Maria Hoe' - tremonte/ via trento,Santa Maria Hoè,9.378400000,45.742600000,n:529433.28:5065516.42,3.611756409,ROUTE_READY_LE_75M,FACT,EXISTING_OFFICIAL_STOP_CLUSTER,NOT_PROPOSED,,,true,gate-d-2026-09-03-834d5caa0bfd,existing:EX_025,UNIQUE_GRAPH_NODE
existing:EX_026,EXISTING_PHYSICAL_STOP_CLUSTER,300871,S.Maria Hoe' - alduno,Santa Maria Hoè,9.382200000,45.735000000,n:529728.92:5064673.60,7.048733372,ROUTE_READY_LE_75M,FACT,EXISTING_OFFICIAL_STOP_CLUSTER,NOT_PROPOSED,,,true,gate-d-2026-09-03-834d5caa0bfd,existing:EX_026,UNIQUE_GRAPH_NODE
existing:EX_027,EXISTING_PHYSICAL_STOP_CLUSTER,L00872,Perego - s.s. 342/via s.caterina,La Valletta Brianza,9.362667000,45.738483000,n:528193.74:5065060.08,20.854202261,ROUTE_READY_LE_75M,FACT,EXISTING_OFFICIAL_STOP_CLUSTER,NOT_PROPOSED,,,true,gate-d-2026-09-03-834d5caa0bfd,existing:EX_027,UNIQUE_GRAPH_NODE
existing:EX_028,EXISTING_PHYSICAL_STOP_CLUSTER,300873,Hoe',Santa Maria Hoè,9.367717000,45.748667000,n:528608.79:5066182.66,9.446353676,ROUTE_READY_LE_75M,FACT,EXISTING_OFFICIAL_STOP_CLUSTER,NOT_PROPOSED,,,true,gate-d-2026-09-03-834d5caa0bfd,existing:EX_028,UNIQUE_GRAPH_NODE
existing:EX_029,EXISTING_PHYSICAL_STOP_CLUSTER,300878,Rovagnate - semaforo,La Valletta Brianza,9.369383000,45.737167000,n:528732.80:5064951.92,40.214879794,ROUTE_READY_LE_75M,FACT,EXISTING_OFFICIAL_STOP_CLUSTER,NOT_PROPOSED,,,true,gate-d-2026-09-03-834d5caa0bfd,existing:EX_029,UNIQUE_GRAPH_NODE
existing:EX_030,EXISTING_PHYSICAL_STOP_CLUSTER,300879,Rovagnate - vinicola ghezzi,La Valletta Brianza,9.364717000,45.739700000,n:528374.99:5065189.62,2.880115000,ROUTE_READY_LE_75M,FACT,EXISTING_OFFICIAL_STOP_CLUSTER,NOT_PROPOSED,,,true,gate-d-2026-09-03-834d5caa0bfd,existing:EX_030,UNIQUE_GRAPH_NODE
existing:EX_031,EXISTING_PHYSICAL_STOP_CLUSTER,300886,Imbersago - arlate (fiorista),Calco,9.444600000,45.718483000,n:534603.14:5062862.41,4.338066972,ROUTE_READY_LE_75M,FACT,EXISTING_OFFICIAL_STOP_CLUSTER,NOT_PROPOSED,,,true,gate-d-2026-09-03-834d5caa0bfd,existing:EX_031,UNIQUE_GRAPH_NODE
existing:EX_032,EXISTING_PHYSICAL_STOP_CLUSTER,300902,S.Maria Hoe' - alpino,Santa Maria Hoè,9.374617000,45.743617000,n:529138.47:5065631.58,2.896223775,ROUTE_READY_LE_75M,FACT,EXISTING_OFFICIAL_STOP_CLUSTER,NOT_PROPOSED,,,true,gate-d-2026-09-03-834d5caa0bfd,existing:EX_032,UNIQUE_GRAPH_NODE
existing:EX_033,EXISTING_PHYSICAL_STOP_CLUSTER,300903,S.Maria Hoe' - tremonte/via leopardi,Santa Maria Hoè,9.380960000,45.741180000,n:529637.88:5065358.95,3.693282293,ROUTE_READY_LE_75M,FACT,EXISTING_OFFICIAL_STOP_CLUSTER,NOT_PROPOSED,,,true,gate-d-2026-09-03-834d5caa0bfd,existing:EX_033,UNIQUE_GRAPH_NODE
existing:EX_034,EXISTING_PHYSICAL_STOP_CLUSTER,300908,Calolziocorte - gerola capolinea arrivo,Brivio,9.443630000,45.772780000,n:534486.96:5068902.57,6.544467615,ROUTE_READY_LE_75M,FACT,EXISTING_OFFICIAL_STOP_CLUSTER,NOT_PROPOSED,,,true,gate-d-2026-09-03-834d5caa0bfd,existing:EX_034,UNIQUE_GRAPH_NODE
existing:EX_035,EXISTING_PHYSICAL_STOP_CLUSTER,300956,"Calco - via nazionale, 85",Olgiate Molgora,9.419670000,45.736600000,n:532651.30:5064867.56,1.596687618,ROUTE_READY_LE_75M,FACT,EXISTING_OFFICIAL_STOP_CLUSTER,NOT_PROPOSED,,,true,gate-d-2026-09-03-834d5caa0bfd,existing:EX_035,UNIQUE_GRAPH_NODE
existing:EX_036,EXISTING_PHYSICAL_STOP_CLUSTER,L00063,Brivio - capolinea,Brivio,9.445850000,45.742450000,n:534674.07:5065528.61,8.965309601,ROUTE_READY_LE_75M,FACT,EXISTING_OFFICIAL_STOP_CLUSTER,NOT_PROPOSED,,,true,gate-d-2026-09-03-834d5caa0bfd,existing:EX_036,UNIQUE_GRAPH_NODE
existing:EX_037,EXISTING_PHYSICAL_STOP_CLUSTER,L00207,S.Maria Hoe' - paese,Santa Maria Hoè,9.387917000,45.738233000,n:530166.34:5065037.27,12.295759408,ROUTE_READY_LE_75M,FACT,EXISTING_OFFICIAL_STOP_CLUSTER,NOT_PROPOSED,,,true,gate-d-2026-09-03-834d5caa0bfd,existing:EX_037,UNIQUE_GRAPH_NODE
existing:EX_038,EXISTING_PHYSICAL_STOP_CLUSTER,L00397,Calco - via virgilio,Calco,9.414367000,45.724950000,n:532282.82:5063572.95,38.839478615,ROUTE_READY_LE_75M,FACT,EXISTING_OFFICIAL_STOP_CLUSTER,NOT_PROPOSED,,,true,gate-d-2026-09-03-834d5caa0bfd,existing:EX_007,COLLAPSED_SAME_FROZEN_GRAPH_NODE
existing:EX_039,EXISTING_PHYSICAL_STOP_CLUSTER,L00407,Olgiate Molgora (stazione f.s.),Olgiate Molgora,9.404410000,45.729170000,n:531469.30:5064033.74,3.825434085,ROUTE_READY_LE_75M,FACT,EXISTING_OFFICIAL_STOP_CLUSTER,NOT_PROPOSED,,,true,gate-d-2026-09-03-834d5caa0bfd,existing:EX_039,UNIQUE_GRAPH_NODE
existing:EX_040,EXISTING_PHYSICAL_STOP_CLUSTER,L00504,Monte Marenzo - bisone via industriale,Brivio,9.445683000,45.766183000,n:534661.16:5068133.30,33.145092116,ROUTE_READY_LE_75M,FACT,EXISTING_OFFICIAL_STOP_CLUSTER,NOT_PROPOSED,,,true,gate-d-2026-09-03-834d5caa0bfd,existing:EX_040,UNIQUE_GRAPH_NODE
existing:EX_041,EXISTING_PHYSICAL_STOP_CLUSTER,L00871,S.Maria Hoe' - alduno,Santa Maria Hoè,9.382517000,45.734700000,n:529766.29:5064648.93,8.586912389,ROUTE_READY_LE_75M,FACT,EXISTING_OFFICIAL_STOP_CLUSTER,NOT_PROPOSED,,,true,gate-d-2026-09-03-834d5caa0bfd,existing:EX_041,UNIQUE_GRAPH_NODE
existing:EX_042,EXISTING_PHYSICAL_STOP_CLUSTER,L00878,Rovagnate - semaforo,La Valletta Brianza,9.370467000,45.737133000,n:528782.93:5064911.12,38.804681357,ROUTE_READY_LE_75M,FACT,EXISTING_OFFICIAL_STOP_CLUSTER,NOT_PROPOSED,,,true,gate-d-2026-09-03-834d5caa0bfd,existing:EX_042,UNIQUE_GRAPH_NODE
existing:EX_043,EXISTING_PHYSICAL_STOP_CLUSTER,L00956,Calco - via nazionale (peugeot),Olgiate Molgora,9.419310000,45.736100000,n:532637.53:5064842.40,33.574017632,ROUTE_READY_LE_75M,FACT,EXISTING_OFFICIAL_STOP_CLUSTER,NOT_PROPOSED,,,true,gate-d-2026-09-03-834d5caa0bfd,existing:EX_043,UNIQUE_GRAPH_NODE
rail:S01514,HUB_RAIL,S01514,Olgiate-Calco-Brivio,Olgiate Molgora,9.403662947,45.729187766,n:531394.95:5064038.66,13.740745065,ROUTE_READY_LE_75M,FACT,OFFICIAL_RAIL_STATION,NOT_PROPOSED,,,true,gate-d-2026-09-03-834d5caa0bfd,rail:S01514,UNIQUE_GRAPH_NODE
P2S_0001,PROPOSED_STOP,P2S_0001,P2S_0001,Olgiate Molgora,9.394058570,45.704783368,n:530675.54:5061329.08,5.884207487,ROUTE_READY_LE_75M,PROPOSED_STOP/FIELD_CHECK_PENDING,FIELD_CHECK_PENDING,HYPOTHESIS_NOT_RECOMMENDATION,residential,missing_lanes|missing_maxheight|missing_maxweight|missing_maxwidth|missing_width,true,gate-d-2026-09-03-834d5caa0bfd,P2S_0001,UNIQUE_GRAPH_NODE
P2S_0002,PROPOSED_STOP,P2S_0002,P2S_0002,Olgiate Molgora,9.394746492,45.707278748,n:530741.10:5061601.85,14.230880314,ROUTE_READY_LE_75M,PROPOSED_STOP/FIELD_CHECK_PENDING,FIELD_CHECK_PENDING,HYPOTHESIS_NOT_RECOMMENDATION,service,missing_lanes|missing_maxheight|missing_maxweight|missing_maxwidth|missing_width,true,gate-d-2026-09-03-834d5caa0bfd,P2S_0002,UNIQUE_GRAPH_NODE
P2S_0003,PROPOSED_STOP,P2S_0003,P2S_0003,Olgiate Molgora,9.389006250,45.708158550,n:530266.47:5061705.36,15.959129967,ROUTE_READY_LE_75M,PROPOSED_STOP/FIELD_CHECK_PENDING,FIELD_CHECK_PENDING,HYPOTHESIS_NOT_RECOMMENDATION,service,missing_lanes|missing_maxheight|missing_maxweight|missing_maxwidth|missing_width,true,gate-d-2026-09-03-834d5caa0bfd,P2S_0003,UNIQUE_GRAPH_NODE
P2S_0004,PROPOSED_STOP,P2S_0004,P2S_0004,Olgiate Molgora,9.392429518,45.709804062,n:530535.73:5061883.50,9.938328996,ROUTE_READY_LE_75M,PROPOSED_STOP/FIELD_CHECK_PENDING,FIELD_CHECK_PENDING,HYPOTHESIS_NOT_RECOMMENDATION,unclassified,missing_lanes|missing_maxheight|missing_maxweight|missing_maxwidth|missing_width,true,gate-d-2026-09-03-834d5caa0bfd,P2S_0004,UNIQUE_GRAPH_NODE
P2S_0005,PROPOSED_STOP,P2S_0005,P2S_0005,La Valletta Brianza,9.385915585,45.710267862,n:530041.95:5061933.41,5.619983791,ROUTE_READY_LE_75M,PROPOSED_STOP/FIELD_CHECK_PENDING,FIELD_CHECK_PENDING,HYPOTHESIS_NOT_RECOMMENDATION,unclassified,missing_maxheight|missing_maxweight|missing_maxwidth|missing_width,true,gate-d-2026-09-03-834d5caa0bfd,P2S_0005,UNIQUE_GRAPH_NODE
P2S_0006,PROPOSED_STOP,P2S_0006,P2S_0006,Olgiate Molgora,9.396418991,45.710408450,n:530853.90:5061948.22,1.724391994,ROUTE_READY_LE_75M,PROPOSED_STOP/FIELD_CHECK_PENDING,FIELD_CHECK_PENDING,HYPOTHESIS_NOT_RECOMMENDATION,unclassified,missing_lanes|missing_maxheight|missing_maxweight|missing_maxwidth|missing_width,true,gate-d-2026-09-03-834d5caa0bfd,P2S_0006,UNIQUE_GRAPH_NODE
P2S_0007,PROPOSED_STOP,P2S_0007,P2S_0007,La Valletta Brianza,9.382892360,45.711321024,n:529774.78:5062063.32,32.638550592,ROUTE_READY_LE_75M,PROPOSED_STOP/FIELD_CHECK_PENDING,FIELD_CHECK_PENDING,HYPOTHESIS_NOT_RECOMMENDATION,unclassified,missing_maxheight|missing_maxweight|missing_maxwidth|missing_width,true,gate-d-2026-09-03-834d5caa0bfd,P2S_0007,UNIQUE_GRAPH_NODE
P2S_0008,PROPOSED_STOP,P2S_0008,P2S_0008,Olgiate Molgora,9.396193185,45.713031075,n:530830.52:5062227.14,14.489655805,ROUTE_READY_LE_75M,PROPOSED_STOP/FIELD_CHECK_PENDING,FIELD_CHECK_PENDING,HYPOTHESIS_NOT_RECOMMENDATION,residential,missing_lanes|missing_maxheight|missing_maxweight|missing_maxwidth|missing_width,true,gate-d-2026-09-03-834d5caa0bfd,P2S_0008,UNIQUE_GRAPH_NODE
P2S_0009,PROPOSED_STOP,P2S_0009,P2S_0009,Olgiate Molgora,9.392608766,45.713343828,n:530557.16:5062272.83,0.945285054,ROUTE_READY_LE_75M,PROPOSED_STOP/FIELD_CHECK_PENDING,FIELD_CHECK_PENDING,HYPOTHESIS_NOT_RECOMMENDATION,residential,missing_lanes|missing_maxheight|missing_maxweight|missing_maxwidth|missing_width,true,gate-d-2026-09-03-834d5caa0bfd,P2S_0009,UNIQUE_GRAPH_NODE
P2S_0010,PROPOSED_STOP,P2S_0010,P2S_0010,La Valletta Brianza,9.380855522,45.713410689,n:529640.67:5062283.22,6.666712459,ROUTE_READY_LE_75M,PROPOSED_STOP/FIELD_CHECK_PENDING,FIELD_CHECK_PENDING,HYPOTHESIS_NOT_RECOMMENDATION,unclassified,missing_maxheight|missing_maxweight|missing_maxwidth|missing_width,true,gate-d-2026-09-03-834d5caa0bfd,P2S_0010,UNIQUE_GRAPH_NODE
P2S_0011,PROPOSED_STOP,P2S_0011,P2S_0011,La Valletta Brianza,9.377382744,45.714761405,n:529373.94:5062424.41,2.787282013,ROUTE_READY_LE_75M,PROPOSED_STOP/FIELD_CHECK_PENDING,FIELD_CHECK_PENDING,HYPOTHESIS_NOT_RECOMMENDATION,unclassified,missing_maxheight|missing_maxweight|missing_maxwidth|missing_width,true,gate-d-2026-09-03-834d5caa0bfd,P2S_0011,UNIQUE_GRAPH_NODE
P2S_0012,PROPOSED_STOP,P2S_0012,P2S_0012,Olgiate Molgora,9.399618161,45.714742930,n:531107.57:5062432.70,5.645186241,ROUTE_READY_LE_75M,PROPOSED_STOP/FIELD_CHECK_PENDING,FIELD_CHECK_PENDING,HYPOTHESIS_NOT_RECOMMENDATION,service,missing_lanes|missing_maxheight|missing_maxweight|missing_maxwidth|missing_width,true,gate-d-2026-09-03-834d5caa0bfd,P2S_0012,UNIQUE_GRAPH_NODE
P2S_0013,PROPOSED_STOP,P2S_0013,P2S_0013,La Valletta Brianza,9.373871256,45.716447689,n:529099.45:5062605.42,6.597419137,ROUTE_READY_LE_75M,PROPOSED_STOP/FIELD_CHECK_PENDING,FIELD_CHECK_PENDING,HYPOTHESIS_NOT_RECOMMENDATION,unclassified,missing_maxheight|missing_maxweight|missing_maxwidth|missing_width,true,gate-d-2026-09-03-834d5caa0bfd,P2S_0013,UNIQUE_GRAPH_NODE
P2S_0014,PROPOSED_STOP,P2S_0014,P2S_0014,Olgiate Molgora,9.398057519,45.716596579,n:530977.41:5062635.71,2.591501214,ROUTE_READY_LE_75M,PROPOSED_STOP/FIELD_CHECK_PENDING,FIELD_CHECK_PENDING,HYPOTHESIS_NOT_RECOMMENDATION,residential,missing_maxheight|missing_maxweight|missing_maxwidth|missing_width,true,gate-d-2026-09-03-834d5caa0bfd,P2S_0014,UNIQUE_GRAPH_NODE
P2S_0015,PROPOSED_STOP,P2S_0015,P2S_0015,Olgiate Molgora,9.394987053,45.716706338,n:530732.54:5062644.97,8.584526168,ROUTE_READY_LE_75M,PROPOSED_STOP/FIELD_CHECK_PENDING,FIELD_CHECK_PENDING,HYPOTHESIS_NOT_RECOMMENDATION,service,missing_lanes|missing_maxheight|missing_maxweight|missing_maxwidth|missing_width,true,gate-d-2026-09-03-834d5caa0bfd,P2S_0015,UNIQUE_GRAPH_NODE
P2S_0016,PROPOSED_STOP,P2S_0016,P2S_0016,Calco,9.407859699,45.717348752,n:531742.09:5062724.62,0.158979965,ROUTE_READY_LE_75M,PROPOSED_STOP/FIELD_CHECK_PENDING,FIELD_CHECK_PENDING,HYPOTHESIS_NOT_RECOMMENDATION,unclassified,missing_maxheight|missing_maxweight|missing_maxwidth|missing_width,true,gate-d-2026-09-03-834d5caa0bfd,P2S_0016,UNIQUE_GRAPH_NODE
P2S_0017,PROPOSED_STOP,P2S_0017,P2S_0017,Olgiate Molgora,9.389448624,45.717537994,n:530311.42:5062739.22,2.529167353,ROUTE_READY_LE_75M,PROPOSED_STOP/FIELD_CHECK_PENDING,FIELD_CHECK_PENDING,HYPOTHESIS_NOT_RECOMMENDATION,unclassified,missing_maxheight|missing_maxweight|missing_maxwidth|missing_width,true,gate-d-2026-09-03-834d5caa0bfd,P2S_0017,UNIQUE_GRAPH_NODE
P2S_0018,PROPOSED_STOP,P2S_0018,P2S_0018,Olgiate Molgora,9.393260237,45.718319983,n:530610.94:5062818.38,10.259703889,ROUTE_READY_LE_75M,PROPOSED_STOP/FIELD_CHECK_PENDING,FIELD_CHECK_PENDING,HYPOTHESIS_NOT_RECOMMENDATION,residential,missing_maxheight|missing_maxweight|missing_maxwidth|missing_width,true,gate-d-2026-09-03-834d5caa0bfd,P2S_0018,UNIQUE_GRAPH_NODE
P2S_0019,PROPOSED_STOP,P2S_0019,P2S_0019,La Valletta Brianza,9.374400277,45.718479943,n:529137.62:5062842.36,4.755391797,ROUTE_READY_LE_75M,PROPOSED_STOP/FIELD_CHECK_PENDING,FIELD_CHECK_PENDING,HYPOTHESIS_NOT_RECOMMENDATION,unclassified,missing_maxheight|missing_maxweight|missing_maxwidth|missing_width,true,gate-d-2026-09-03-834d5caa0bfd,P2S_0019,UNIQUE_GRAPH_NODE
P2S_0020,PROPOSED_STOP,P2S_0020,P2S_0020,La Valletta Brianza,9.385147081,45.718745431,n:529975.45:5062872.69,2.479443642,ROUTE_READY_LE_75M,PROPOSED_STOP/FIELD_CHECK_PENDING,FIELD_CHECK_PENDING,HYPOTHESIS_NOT_RECOMMENDATION,residential,missing_lanes|missing_maxheight|missing_maxweight|missing_maxwidth|missing_width,true,gate-d-2026-09-03-834d5caa0bfd,P2S_0020,UNIQUE_GRAPH_NODE
P2S_0021,PROPOSED_STOP,P2S_0021,P2S_0021,Calco,9.409847423,45.718816736,n:531903.78:5062927.97,40.223064933,ROUTE_READY_LE_75M,PROPOSED_STOP/FIELD_CHECK_PENDING,FIELD_CHECK_PENDING,HYPOTHESIS_NOT_RECOMMENDATION,primary,missing_maxheight|missing_maxweight|missing_maxwidth|missing_width,true,gate-d-2026-09-03-834d5caa0bfd,P2S_0021,UNIQUE_GRAPH_NODE
P2S_0022,PROPOSED_STOP,P2S_0022,P2S_0022,Olgiate Molgora,9.404194445,45.718951230,n:531454.77:5062904.19,3.108956204,ROUTE_READY_LE_75M,PROPOSED_STOP/FIELD_CHECK_PENDING,FIELD_CHECK_PENDING,HYPOTHESIS_NOT_RECOMMENDATION,unclassified,conditional_access=destination|missing_maxheight|missing_maxweight|missing_maxwidth|missing_width,true,gate-d-2026-09-03-834d5caa0bfd,P2S_0022,UNIQUE_GRAPH_NODE
P2S_0023,PROPOSED_STOP,P2S_0023,P2S_0023,Olgiate Molgora,9.397001507,45.718980701,n:530898.59:5062899.94,3.151789262,ROUTE_READY_LE_75M,PROPOSED_STOP/FIELD_CHECK_PENDING,FIELD_CHECK_PENDING,HYPOTHESIS_NOT_RECOMMENDATION,service,missing_lanes|missing_maxheight|missing_maxweight|missing_maxwidth|missing_width,true,gate-d-2026-09-03-834d5caa0bfd,P2S_0023,UNIQUE_GRAPH_NODE
P2S_0024,PROPOSED_STOP,P2S_0024,P2S_0024,Calco,9.413150609,45.719211883,n:532151.37:5062935.94,2.512296722,ROUTE_READY_LE_75M,PROPOSED_STOP/FIELD_CHECK_PENDING,FIELD_CHECK_PENDING,HYPOTHESIS_NOT_RECOMMENDATION,residential,missing_lanes|missing_maxheight|missing_maxweight|missing_maxwidth|missing_width,true,gate-d-2026-09-03-834d5caa0bfd,P2S_0024,UNIQUE_GRAPH_NODE
P2S_0025,PROPOSED_STOP,P2S_0025,P2S_0025,Olgiate Molgora,9.401297845,45.719573869,n:531227.14:5062969.85,2.930107232,ROUTE_READY_LE_75M,PROPOSED_STOP/FIELD_CHECK_PENDING,FIELD_CHECK_PENDING,HYPOTHESIS_NOT_RECOMMENDATION,residential,missing_lanes|missing_maxheight|missing_maxweight|missing_maxwidth|missing_width,true,gate-d-2026-09-03-834d5caa0bfd,P2S_0025,UNIQUE_GRAPH_NODE
P2S_0026,PROPOSED_STOP,P2S_0026,P2S_0026,Calco,9.421342734,45.719622970,n:532789.68:5062983.78,1.044358420,ROUTE_READY_LE_75M,PROPOSED_STOP/FIELD_CHECK_PENDING,FIELD_CHECK_PENDING,HYPOTHESIS_NOT_RECOMMENDATION,service,missing_lanes|missing_maxheight|missing_maxweight|missing_maxwidth|missing_width,true,gate-d-2026-09-03-834d5caa0bfd,P2S_0026,UNIQUE_GRAPH_NODE
P2S_0027,PROPOSED_STOP,P2S_0027,P2S_0027,Calco,9.451619639,45.719541395,n:535138.40:5062985.84,7.837679808,ROUTE_READY_LE_75M,PROPOSED_STOP/FIELD_CHECK_PENDING,FIELD_CHECK_PENDING,HYPOTHESIS_NOT_RECOMMENDATION,unclassified,missing_lanes|missing_maxheight|missing_maxweight|missing_maxwidth|missing_width,true,gate-d-2026-09-03-834d5caa0bfd,P2S_0027,UNIQUE_GRAPH_NODE
P2S_0028,PROPOSED_STOP,P2S_0028,P2S_0028,Olgiate Molgora,9.394442672,45.720455804,n:530696.98:5063064.65,0.933286622,ROUTE_READY_LE_75M,PROPOSED_STOP/FIELD_CHECK_PENDING,FIELD_CHECK_PENDING,HYPOTHESIS_NOT_RECOMMENDATION,unclassified,missing_maxheight|missing_maxweight|missing_maxwidth|missing_width,true,gate-d-2026-09-03-834d5caa0bfd,P2S_0028,UNIQUE_GRAPH_NODE
P2S_0029,PROPOSED_STOP,P2S_0029,P2S_0029,La Valletta Brianza,9.380349842,45.720655602,n:529603.02:5063077.77,5.335212862,ROUTE_READY_LE_75M,PROPOSED_STOP/FIELD_CHECK_PENDING,FIELD_CHECK_PENDING,HYPOTHESIS_NOT_RECOMMENDATION,service,missing_lanes|missing_maxheight|missing_maxweight|missing_maxwidth|missing_width,true,gate-d-2026-09-03-834d5caa0bfd,P2S_0029,UNIQUE_GRAPH_NODE
P2S_0030,PROPOSED_STOP,P2S_0030,P2S_0030,La Valletta Brianza,9.375153482,45.721034927,n:529194.69:5063121.78,0.062376360,ROUTE_READY_LE_75M,PROPOSED_STOP/FIELD_CHECK_PENDING,FIELD_CHECK_PENDING,HYPOTHESIS_NOT_RECOMMENDATION,unclassified,missing_lanes|missing_maxheight|missing_maxweight|missing_maxwidth|missing_width,true,gate-d-2026-09-03-834d5caa0bfd,P2S_0030,UNIQUE_GRAPH_NODE
P2S_0031,PROPOSED_STOP,P2S_0031,P2S_0031,Calco,9.407745464,45.720999562,n:531730.21:5063129.96,0.814378145,ROUTE_READY_LE_75M,PROPOSED_STOP/FIELD_CHECK_PENDING,FIELD_CHECK_PENDING,HYPOTHESIS_NOT_RECOMMENDATION,service,missing_lanes|missing_maxheight|missing_maxweight|missing_maxwidth|missing_width,true,gate-d-2026-09-03-834d5caa0bfd,P2S_0031,UNIQUE_GRAPH_NODE
P2S_0032,PROPOSED_STOP,P2S_0032,P2S_0032,Calco,9.434799024,45.721034146,n:533835.00:5063149.77,4.792970679,ROUTE_READY_LE_75M,PROPOSED_STOP/FIELD_CHECK_PENDING,FIELD_CHECK_PENDING,HYPOTHESIS_NOT_RECOMMENDATION,service,missing_lanes|missing_maxheight|missing_maxweight|missing_maxwidth|missing_width,true,gate-d-2026-09-03-834d5caa0bfd,P2S_0032,UNIQUE_GRAPH_NODE
P2S_0033,PROPOSED_STOP,P2S_0033,P2S_0033,Olgiate Molgora,9.400085039,45.721413913,n:531119.90:5063162.44,18.257180164,ROUTE_READY_LE_75M,PROPOSED_STOP/FIELD_CHECK_PENDING,FIELD_CHECK_PENDING,HYPOTHESIS_NOT_RECOMMENDATION,residential,missing_lanes|missing_maxheight|missing_maxweight|missing_maxwidth|missing_width,true,gate-d-2026-09-03-834d5caa0bfd,P2S_0033,UNIQUE_GRAPH_NODE
P2S_0034,PROPOSED_STOP,P2S_0034,P2S_0034,Calco,9.402940085,45.721895991,n:531350.14:5063164.02,64.224430798,ROUTE_READY_LE_75M,PROPOSED_STOP/FIELD_CHECK_PENDING,FIELD_CHECK_PENDING,HYPOTHESIS_NOT_RECOMMENDATION,unclassified,missing_lanes|missing_maxheight|missing_maxweight|missing_maxwidth|missing_width,true,gate-d-2026-09-03-834d5caa0bfd,P2S_0034,UNIQUE_GRAPH_NODE
P2S_0035,PROPOSED_STOP,P2S_0035,P2S_0035,Calco,9.427474217,45.721831892,n:533265.75:5063230.97,0.261660390,ROUTE_READY_LE_75M,PROPOSED_STOP/FIELD_CHECK_PENDING,FIELD_CHECK_PENDING,HYPOTHESIS_NOT_RECOMMENDATION,service,missing_lanes|missing_maxheight|missing_maxweight|missing_maxwidth|missing_width,true,gate-d-2026-09-03-834d5caa0bfd,P2S_0035,UNIQUE_GRAPH_NODE
P2S_0036,PROPOSED_STOP,P2S_0036,P2S_0036,Calco,9.415487408,45.722053410,n:532331.47:5063249.77,1.524281283,ROUTE_READY_LE_75M,PROPOSED_STOP/FIELD_CHECK_PENDING,FIELD_CHECK_PENDING,HYPOTHESIS_NOT_RECOMMENDATION,residential,missing_lanes|missing_maxheight|missing_maxweight|missing_maxwidth|missing_width,true,gate-d-2026-09-03-834d5caa0bfd,P2S_0036,UNIQUE_GRAPH_NODE
P2S_0037,PROPOSED_STOP,P2S_0037,P2S_0037,La Valletta Brianza,9.377492458,45.722571293,n:529360.27:5063300.10,17.001259068,ROUTE_READY_LE_75M,PROPOSED_STOP/FIELD_CHECK_PENDING,FIELD_CHECK_PENDING,HYPOTHESIS_NOT_RECOMMENDATION,unclassified,missing_lanes|missing_maxheight|missing_maxweight|missing_maxwidth|missing_width,true,gate-d-2026-09-03-834d5caa0bfd,P2S_0037,UNIQUE_GRAPH_NODE
P2S_0038,PROPOSED_STOP,P2S_0038,P2S_0038,Olgiate Molgora,9.394785075,45.722591963,n:530717.93:5063296.67,6.499986200,ROUTE_READY_LE_75M,PROPOSED_STOP/FIELD_CHECK_PENDING,FIELD_CHECK_PENDING,HYPOTHESIS_NOT_RECOMMENDATION,unclassified,missing_lanes|missing_maxheight|missing_maxweight|missing_maxwidth|missing_width,true,gate-d-2026-09-03-834d5caa0bfd,P2S_0038,UNIQUE_GRAPH_NODE
P2S_0039,PROPOSED_STOP,P2S_0039,P2S_0039,Calco,9.421428242,45.723055821,n:532799.29:5063360.61,5.921603027,ROUTE_READY_LE_75M,PROPOSED_STOP/FIELD_CHECK_PENDING,FIELD_CHECK_PENDING,HYPOTHESIS_NOT_RECOMMENDATION,service,missing_lanes|missing_maxheight|missing_maxweight|missing_maxwidth|missing_width,true,gate-d-2026-09-03-834d5caa0bfd,P2S_0039,UNIQUE_GRAPH_NODE
P2S_0040,PROPOSED_STOP,P2S_0040,P2S_0040,Olgiate Molgora,9.388638638,45.723330803,n:530247.16:5063383.16,4.540140252,ROUTE_READY_LE_75M,PROPOSED_STOP/FIELD_CHECK_PENDING,FIELD_CHECK_PENDING,HYPOTHESIS_NOT_RECOMMENDATION,service,missing_lanes|missing_maxheight|missing_maxweight|missing_maxwidth|missing_width,true,gate-d-2026-09-03-834d5caa0bfd,P2S_0040,UNIQUE_GRAPH_NODE
P2S_0041,PROPOSED_STOP,P2S_0041,P2S_0041,Calco,9.431166155,45.723269567,n:533549.76:5063392.75,2.588422429,ROUTE_READY_LE_75M,PROPOSED_STOP/FIELD_CHECK_PENDING,FIELD_CHECK_PENDING,HYPOTHESIS_NOT_RECOMMENDATION,service,missing_lanes|missing_maxheight|missing_maxweight|missing_maxwidth|missing_width,true,gate-d-2026-09-03-834d5caa0bfd,P2S_0041,UNIQUE_GRAPH_NODE
P2S_0042,PROPOSED_STOP,P2S_0042,P2S_0042,Calco,9.417522908,45.723448480,n:532515.89:5063400.24,26.139117997,ROUTE_READY_LE_75M,PROPOSED_STOP/FIELD_CHECK_PENDING,FIELD_CHECK_PENDING,HYPOTHESIS_NOT_RECOMMENDATION,unclassified,missing_lanes|missing_maxheight|missing_maxweight|missing_maxwidth|missing_width,true,gate-d-2026-09-03-834d5caa0bfd,P2S_0042,UNIQUE_GRAPH_NODE
P2S_0043,PROPOSED_STOP,P2S_0043,P2S_0043,La Valletta Brianza,9.364602618,45.723762321,n:528370.01:5063423.36,3.228521804,ROUTE_READY_LE_75M,PROPOSED_STOP/FIELD_CHECK_PENDING,FIELD_CHECK_PENDING,HYPOTHESIS_NOT_RECOMMENDATION,service,missing_lanes|missing_maxheight|missing_maxweight|missing_maxwidth|missing_width,true,gate-d-2026-09-03-834d5caa0bfd,P2S_0043,UNIQUE_GRAPH_NODE
P2S_0044,PROPOSED_STOP,P2S_0044,P2S_0044,Olgiate Molgora,9.398544357,45.723779253,n:531015.18:5063440.53,5.383863609,ROUTE_READY_LE_75M,PROPOSED_STOP/FIELD_CHECK_PENDING,FIELD_CHECK_PENDING,HYPOTHESIS_NOT_RECOMMENDATION,residential,missing_lanes|missing_maxheight|missing_maxweight|missing_maxwidth|missing_width,true,gate-d-2026-09-03-834d5caa0bfd,P2S_0044,UNIQUE_GRAPH_NODE
P2S_0045,PROPOSED_STOP,P2S_0045,P2S_0045,Calco,9.427081050,45.724031700,n:533230.21:5063478.67,5.231111542,ROUTE_READY_LE_75M,PROPOSED_STOP/FIELD_CHECK_PENDING,FIELD_CHECK_PENDING,HYPOTHESIS_NOT_RECOMMENDATION,service,missing_lanes|missing_maxheight|missing_maxweight|missing_maxwidth|missing_width,true,gate-d-2026-09-03-834d5caa0bfd,P2S_0045,UNIQUE_GRAPH_NODE
P2S_0046,PROPOSED_STOP,P2S_0046,P2S_0046,Olgiate Molgora,9.402492167,45.724244910,n:531318.16:5063490.12,2.601055207,ROUTE_READY_LE_75M,PROPOSED_STOP/FIELD_CHECK_PENDING,FIELD_CHECK_PENDING,HYPOTHESIS_NOT_RECOMMENDATION,service,missing_lanes|missing_maxheight|missing_maxweight|missing_maxwidth|missing_width,true,gate-d-2026-09-03-834d5caa0bfd,P2S_0046,UNIQUE_GRAPH_NODE
P2S_0047,PROPOSED_STOP,P2S_0047,P2S_0047,La Valletta Brianza,9.382763728,45.724420723,n:529784.16:5063500.87,0.921909328,ROUTE_READY_LE_75M,PROPOSED_STOP/FIELD_CHECK_PENDING,FIELD_CHECK_PENDING,HYPOTHESIS_NOT_RECOMMENDATION,service,missing_lanes|missing_maxheight|missing_maxweight|missing_maxwidth|missing_width,true,gate-d-2026-09-03-834d5caa0bfd,P2S_0047,UNIQUE_GRAPH_NODE
P2S_0048,PROPOSED_STOP,P2S_0048,P2S_0048,Calco,9.434388906,45.724458748,n:533802.59:5063525.44,0.290393223,ROUTE_READY_LE_75M,PROPOSED_STOP/FIELD_CHECK_PENDING,FIELD_CHECK_PENDING,HYPOTHESIS_NOT_RECOMMENDATION,service,missing_lanes|missing_maxheight|missing_maxweight|missing_maxwidth|missing_width,true,gate-d-2026-09-03-834d5caa0bfd,P2S_0048,UNIQUE_GRAPH_NODE
P2S_0049,PROPOSED_STOP,P2S_0049,P2S_0049,La Valletta Brianza,9.386078034,45.724806354,n:530035.30:5063551.69,10.158929715,ROUTE_READY_LE_75M,PROPOSED_STOP/FIELD_CHECK_PENDING,FIELD_CHECK_PENDING,HYPOTHESIS_NOT_RECOMMENDATION,service,missing_lanes|missing_maxheight|missing_maxweight|missing_maxwidth|missing_width,true,gate-d-2026-09-03-834d5caa0bfd,P2S_0049,UNIQUE_GRAPH_NODE
P2S_0050,PROPOSED_STOP,P2S_0050,P2S_0050,La Valletta Brianza,9.375401300,45.725325257,n:529213.73:5063607.88,9.599279118,ROUTE_READY_LE_75M,PROPOSED_STOP/FIELD_CHECK_PENDING,FIELD_CHECK_PENDING,HYPOTHESIS_NOT_RECOMMENDATION,unclassified,missing_lanes|missing_maxheight|missing_maxweight|missing_maxwidth|missing_width,true,gate-d-2026-09-03-834d5caa0bfd,P2S_0050,UNIQUE_GRAPH_NODE
P2S_0051,PROPOSED_STOP,P2S_0051,P2S_0051,Olgiate Molgora,9.392558912,45.725301939,n:530547.27:5063600.94,1.451984676,ROUTE_READY_LE_75M,PROPOSED_STOP/FIELD_CHECK_PENDING,FIELD_CHECK_PENDING,HYPOTHESIS_NOT_RECOMMENDATION,tertiary,missing_maxheight|missing_maxweight|missing_maxwidth|missing_width,true,gate-d-2026-09-03-834d5caa0bfd,P2S_0051,UNIQUE_GRAPH_NODE
P2S_0052,PROPOSED_STOP,P2S_0052,P2S_0052,Calco,9.431750739,45.725235140,n:533601.70:5063620.67,11.310417002,ROUTE_READY_LE_75M,PROPOSED_STOP/FIELD_CHECK_PENDING,FIELD_CHECK_PENDING,HYPOTHESIS_NOT_RECOMMENDATION,service,missing_lanes|missing_maxheight|missing_maxweight|missing_maxwidth|missing_width,true,gate-d-2026-09-03-834d5caa0bfd,P2S_0052,UNIQUE_GRAPH_NODE
P2S_0053,PROPOSED_STOP,P2S_0053,P2S_0053,La Valletta Brianza,9.363085118,45.725617342,n:528251.53:5063629.42,3.318143797,ROUTE_READY_LE_75M,PROPOSED_STOP/FIELD_CHECK_PENDING,FIELD_CHECK_PENDING,HYPOTHESIS_NOT_RECOMMENDATION,service,missing_lanes|missing_maxheight|missing_maxweight|missing_maxwidth|missing_width,true,gate-d-2026-09-03-834d5caa0bfd,P2S_0053,UNIQUE_GRAPH_NODE
P2S_0054,PROPOSED_STOP,P2S_0054,P2S_0054,Calco,9.439480245,45.725404767,n:534203.06:5063624.46,9.737348184,ROUTE_READY_LE_75M,PROPOSED_STOP/FIELD_CHECK_PENDING,FIELD_CHECK_PENDING,HYPOTHESIS_NOT_RECOMMENDATION,unclassified,missing_lanes|missing_maxheight|missing_maxweight|missing_maxwidth|missing_width,true,gate-d-2026-09-03-834d5caa0bfd,P2S_0054,UNIQUE_GRAPH_NODE
P2S_0055,PROPOSED_STOP,P2S_0055,P2S_0055,Calco,9.443319519,45.725394158,n:534512.66:5063639.49,17.188748511,ROUTE_READY_LE_75M,PROPOSED_STOP/FIELD_CHECK_PENDING,FIELD_CHECK_PENDING,HYPOTHESIS_NOT_RECOMMENDATION,service,missing_lanes|missing_maxheight|missing_maxweight|missing_maxwidth|missing_width,true,gate-d-2026-09-03-834d5caa0bfd,P2S_0055,UNIQUE_GRAPH_NODE
P2S_0056,PROPOSED_STOP,P2S_0056,P2S_0056,Olgiate Molgora,9.396621971,45.726256997,n:530862.52:5063709.67,0.322276968,ROUTE_READY_LE_75M,PROPOSED_STOP/FIELD_CHECK_PENDING,FIELD_CHECK_PENDING,HYPOTHESIS_NOT_RECOMMENDATION,residential,missing_lanes|missing_maxheight|missing_maxweight|missing_maxwidth|missing_width,true,gate-d-2026-09-03-834d5caa0bfd,P2S_0056,UNIQUE_GRAPH_NODE
P2S_0057,PROPOSED_STOP,P2S_0057,P2S_0057,La Valletta Brianza,9.383246500,45.726393300,n:529816.28:5063710.78,10.686970902,ROUTE_READY_LE_75M,PROPOSED_STOP/FIELD_CHECK_PENDING,FIELD_CHECK_PENDING,HYPOTHESIS_NOT_RECOMMENDATION,service,missing_lanes|missing_maxheight|missing_maxweight|missing_maxwidth|missing_width,true,gate-d-2026-09-03-834d5caa0bfd,P2S_0057,UNIQUE_GRAPH_NODE
P2S_0058,PROPOSED_STOP,P2S_0058,P2S_0058,Calco,9.427293792,45.726571339,n:533255.66:5063754.14,7.386240396,ROUTE_READY_LE_75M,PROPOSED_STOP/FIELD_CHECK_PENDING,FIELD_CHECK_PENDING,HYPOTHESIS_NOT_RECOMMENDATION,service,missing_lanes|missing_maxheight|missing_maxweight|missing_maxwidth|missing_width,true,gate-d-2026-09-03-834d5caa0bfd,P2S_0058,UNIQUE_GRAPH_NODE
P2S_0059,PROPOSED_STOP,P2S_0059,P2S_0059,Calco,9.419884776,45.726670599,n:532665.68:5063771.89,9.475232086,ROUTE_READY_LE_75M,PROPOSED_STOP/FIELD_CHECK_PENDING,FIELD_CHECK_PENDING,HYPOTHESIS_NOT_RECOMMENDATION,unclassified,missing_lanes|missing_maxheight|missing_maxweight|missing_maxwidth,true,gate-d-2026-09-03-834d5caa0bfd,P2S_0059,UNIQUE_GRAPH_NODE
P2S_0060,PROPOSED_STOP,P2S_0060,P2S_0060,La Valletta Brianza,9.378959421,45.727176699,n:529485.67:5063812.74,7.484933542,ROUTE_READY_LE_75M,PROPOSED_STOP/FIELD_CHECK_PENDING,FIELD_CHECK_PENDING,HYPOTHESIS_NOT_RECOMMENDATION,service,missing_lanes|missing_maxheight|missing_maxweight|missing_maxwidth|missing_width,true,gate-d-2026-09-03-834d5caa0bfd,P2S_0060,UNIQUE_GRAPH_NODE
P2S_0061,PROPOSED_STOP,P2S_0061,P2S_0061,Calco,9.441331871,45.727155413,n:534341.38:5063837.53,9.525586051,ROUTE_READY_LE_75M,PROPOSED_STOP/FIELD_CHECK_PENDING,FIELD_CHECK_PENDING,HYPOTHESIS_NOT_RECOMMENDATION,residential,missing_lanes|missing_maxheight|missing_maxweight|missing_maxwidth|missing_width,true,gate-d-2026-09-03-834d5caa0bfd,P2S_0061,UNIQUE_GRAPH_NODE
P2S_0062,PROPOSED_STOP,P2S_0062,P2S_0062,Calco,9.436821343,45.727314486,n:533967.82:5063859.74,27.213641888,ROUTE_READY_LE_75M,PROPOSED_STOP/FIELD_CHECK_PENDING,FIELD_CHECK_PENDING,HYPOTHESIS_NOT_RECOMMENDATION,unclassified,missing_lanes|missing_maxheight|missing_maxweight|missing_maxwidth|missing_width,true,gate-d-2026-09-03-834d5caa0bfd,P2S_0062,UNIQUE_GRAPH_NODE
P2S_0063,PROPOSED_STOP,P2S_0063,P2S_0063,La Valletta Brianza,9.372557226,45.727710814,n:528985.23:5063872.75,10.965496481,ROUTE_READY_LE_75M,PROPOSED_STOP/FIELD_CHECK_PENDING,FIELD_CHECK_PENDING,HYPOTHESIS_NOT_RECOMMENDATION,unclassified,missing_lanes|missing_maxheight|missing_maxweight|missing_maxwidth|missing_width,true,gate-d-2026-09-03-834d5caa0bfd,P2S_0063,UNIQUE_GRAPH_NODE
P2S_0064,PROPOSED_STOP,P2S_0064,P2S_0064,Olgiate Molgora,9.399356920,45.727766545,n:531073.30:5063874.33,4.566861321,ROUTE_READY_LE_75M,PROPOSED_STOP/FIELD_CHECK_PENDING,FIELD_CHECK_PENDING,HYPOTHESIS_NOT_RECOMMENDATION,residential,missing_lanes|missing_maxheight|missing_maxweight|missing_maxwidth|missing_width,true,gate-d-2026-09-03-834d5caa0bfd,P2S_0064,UNIQUE_GRAPH_NODE
P2S_0065,PROPOSED_STOP,P2S_0065,P2S_0065,La Valletta Brianza,9.387008784,45.727856585,n:530113.29:5063882.84,1.227216182,ROUTE_READY_LE_75M,PROPOSED_STOP/FIELD_CHECK_PENDING,FIELD_CHECK_PENDING,HYPOTHESIS_NOT_RECOMMENDATION,service,missing_lanes|missing_maxheight|missing_maxweight|missing_maxwidth|missing_width,true,gate-d-2026-09-03-834d5caa0bfd,P2S_0065,UNIQUE_GRAPH_NODE
P2S_0066,PROPOSED_STOP,P2S_0066,P2S_0066,La Valletta Brianza,9.359235620,45.728323392,n:527952.40:5063922.33,3.496601329,ROUTE_READY_LE_75M,PROPOSED_STOP/FIELD_CHECK_PENDING,FIELD_CHECK_PENDING,HYPOTHESIS_NOT_RECOMMENDATION,service,missing_lanes|missing_maxheight|missing_maxweight|missing_maxwidth|missing_width,true,gate-d-2026-09-03-834d5caa0bfd,P2S_0066,UNIQUE_GRAPH_NODE
P2S_0067,PROPOSED_STOP,P2S_0067,P2S_0067,Brivio,9.433322908,45.728410419,n:533698.16:5063970.12,19.768515205,ROUTE_READY_LE_75M,PROPOSED_STOP/FIELD_CHECK_PENDING,FIELD_CHECK_PENDING,HYPOTHESIS_NOT_RECOMMENDATION,unclassified,missing_lanes|missing_maxheight|missing_maxweight|missing_maxwidth|missing_width,true,gate-d-2026-09-03-834d5caa0bfd,P2S_0067,UNIQUE_GRAPH_NODE
P2S_0068,PROPOSED_STOP,P2S_0068,P2S_0068,Calco,9.444340219,45.728416615,n:534574.45:5063964.23,5.207209599,ROUTE_READY_LE_75M,PROPOSED_STOP/FIELD_CHECK_PENDING,FIELD_CHECK_PENDING,HYPOTHESIS_NOT_RECOMMENDATION,unclassified,missing_lanes|missing_maxheight|missing_maxweight|missing_maxwidth|missing_width,true,gate-d-2026-09-03-834d5caa0bfd,P2S_0068,UNIQUE_GRAPH_NODE
P2S_0069,PROPOSED_STOP,P2S_0069,P2S_0069,La Valletta Brianza,9.381801201,45.728676651,n:529712.25:5063957.24,16.540541094,ROUTE_READY_LE_75M,PROPOSED_STOP/FIELD_CHECK_PENDING,FIELD_CHECK_PENDING,HYPOTHESIS_NOT_RECOMMENDATION,service,missing_lanes|missing_maxheight|missing_maxweight|missing_maxwidth|missing_width,true,gate-d-2026-09-03-834d5caa0bfd,P2S_0069,UNIQUE_GRAPH_NODE
P2S_0070,PROPOSED_STOP,P2S_0070,P2S_0070,Calco,9.421910682,45.728539484,n:532834.30:5063977.48,6.622005155,ROUTE_READY_LE_75M,PROPOSED_STOP/FIELD_CHECK_PENDING,FIELD_CHECK_PENDING,HYPOTHESIS_NOT_RECOMMENDATION,residential,missing_lanes|missing_maxheight|missing_maxweight|missing_maxwidth|missing_width,true,gate-d-2026-09-03-834d5caa0bfd,P2S_0070,UNIQUE_GRAPH_NODE
P2S_0071,PROPOSED_STOP,P2S_0071,P2S_0071,Olgiate Molgora,9.391389153,45.728928735,n:530453.87:5064008.69,3.876986840,ROUTE_READY_LE_75M,PROPOSED_STOP/FIELD_CHECK_PENDING,FIELD_CHECK_PENDING,HYPOTHESIS_NOT_RECOMMENDATION,service,missing_lanes|missing_maxheight|missing_maxweight|missing_maxwidth|missing_width,true,gate-d-2026-09-03-834d5caa0bfd,P2S_0071,UNIQUE_GRAPH_NODE
P2S_0072,PROPOSED_STOP,P2S_0072,P2S_0072,La Valletta Brianza,9.355621681,45.729396605,n:527672.52:5064040.01,4.282365846,ROUTE_READY_LE_75M,PROPOSED_STOP/FIELD_CHECK_PENDING,FIELD_CHECK_PENDING,HYPOTHESIS_NOT_RECOMMENDATION,service,missing_lanes|missing_maxheight|missing_maxweight|missing_maxwidth|missing_width,true,gate-d-2026-09-03-834d5caa0bfd,P2S_0072,UNIQUE_GRAPH_NODE
P2S_0073,PROPOSED_STOP,P2S_0073,P2S_0073,Olgiate Molgora,9.396753100,45.729350000,n:530873.52:5064049.60,4.816238785,ROUTE_READY_LE_75M,PROPOSED_STOP/FIELD_CHECK_PENDING,FIELD_CHECK_PENDING,HYPOTHESIS_NOT_RECOMMENDATION,residential,missing_lanes|missing_maxheight|missing_maxweight|missing_maxwidth|missing_width,true,gate-d-2026-09-03-834d5caa0bfd,P2S_0073,UNIQUE_GRAPH_NODE
P2S_0074,PROPOSED_STOP,P2S_0074,P2S_0074,La Valletta Brianza,9.384720645,45.729507999,n:529943.42:5064064.35,9.085776479,ROUTE_READY_LE_75M,PROPOSED_STOP/FIELD_CHECK_PENDING,FIELD_CHECK_PENDING,HYPOTHESIS_NOT_RECOMMENDATION,service,missing_lanes|missing_maxheight|missing_maxweight|missing_maxwidth|missing_width,true,gate-d-2026-09-03-834d5caa0bfd,P2S_0074,UNIQUE_GRAPH_NODE
P2S_0075,PROPOSED_STOP,P2S_0075,P2S_0075,La Valletta Brianza,9.378471991,45.729697522,n:529462.31:5064080.87,14.691297096,ROUTE_READY_LE_75M,PROPOSED_STOP/FIELD_CHECK_PENDING,FIELD_CHECK_PENDING,HYPOTHESIS_NOT_RECOMMENDATION,residential,missing_lanes|missing_maxheight|missing_maxweight|missing_maxwidth|missing_width,true,gate-d-2026-09-03-834d5caa0bfd,P2S_0075,UNIQUE_GRAPH_NODE
P2S_0076,PROPOSED_STOP,P2S_0076,P2S_0076,Brivio,9.429854899,45.729550988,n:533465.71:5064074.30,24.420663713,ROUTE_READY_LE_75M,PROPOSED_STOP/FIELD_CHECK_PENDING,FIELD_CHECK_PENDING,HYPOTHESIS_NOT_RECOMMENDATION,unclassified,missing_lanes|missing_maxheight|missing_maxweight|missing_maxwidth|missing_width,true,gate-d-2026-09-03-834d5caa0bfd,P2S_0076,UNIQUE_GRAPH_NODE
P2S_0077,PROPOSED_STOP,P2S_0077,P2S_0077,La Valletta Brianza,9.350076654,45.730238079,n:527237.90:5064133.74,1.821478631,ROUTE_READY_LE_75M,PROPOSED_STOP/FIELD_CHECK_PENDING,FIELD_CHECK_PENDING,HYPOTHESIS_NOT_RECOMMENDATION,unclassified,missing_lanes|missing_maxheight|missing_maxweight|missing_maxwidth|missing_width,true,gate-d-2026-09-03-834d5caa0bfd,P2S_0077,UNIQUE_GRAPH_NODE
P2S_0078,PROPOSED_STOP,P2S_0078,P2S_0078,Calco,9.441061087,45.730140766,n:534315.96:5064153.01,6.882416354,ROUTE_READY_LE_75M,PROPOSED_STOP/FIELD_CHECK_PENDING,FIELD_CHECK_PENDING,HYPOTHESIS_NOT_RECOMMENDATION,tertiary,missing_lanes|missing_maxheight|missing_maxweight|missing_maxwidth|missing_width,true,gate-d-2026-09-03-834d5caa0bfd,P2S_0078,UNIQUE_GRAPH_NODE
P2S_0079,PROPOSED_STOP,P2S_0079,P2S_0079,La Valletta Brianza,9.370711218,45.730431224,n:528842.89:5064164.89,1.456366418,ROUTE_READY_LE_75M,PROPOSED_STOP/FIELD_CHECK_PENDING,FIELD_CHECK_PENDING,HYPOTHESIS_NOT_RECOMMENDATION,unclassified,missing_lanes|missing_maxheight|missing_maxweight|missing_maxwidth|missing_width,true,gate-d-2026-09-03-834d5caa0bfd,P2S_0079,UNIQUE_GRAPH_NODE
P2S_0080,PROPOSED_STOP,P2S_0080,P2S_0080,La Valletta Brianza,9.346436359,45.730579428,n:526946.21:5064173.08,9.109306061,ROUTE_READY_LE_75M,PROPOSED_STOP/FIELD_CHECK_PENDING,FIELD_CHECK_PENDING,HYPOTHESIS_NOT_RECOMMENDATION,unclassified,missing_lanes|missing_maxheight|missing_maxweight|missing_maxwidth|missing_width,true,gate-d-2026-09-03-834d5caa0bfd,P2S_0080,UNIQUE_GRAPH_NODE
P2S_0081,PROPOSED_STOP,P2S_0081,P2S_0081,Calco,9.415361975,45.730467670,n:532316.55:5064184.60,1.791879493,ROUTE_READY_LE_75M,PROPOSED_STOP/FIELD_CHECK_PENDING,FIELD_CHECK_PENDING,HYPOTHESIS_NOT_RECOMMENDATION,service,missing_lanes|missing_maxheight|missing_maxweight|missing_maxwidth|missing_width,true,gate-d-2026-09-03-834d5caa0bfd,P2S_0081,UNIQUE_GRAPH_NODE
P2S_0082,PROPOSED_STOP,P2S_0082,P2S_0082,La Valletta Brianza,9.382219619,45.730640573,n:529740.66:5064196.31,4.914601721,ROUTE_READY_LE_75M,PROPOSED_STOP/FIELD_CHECK_PENDING,FIELD_CHECK_PENDING,HYPOTHESIS_NOT_RECOMMENDATION,service,missing_lanes|missing_maxheight|missing_maxweight|missing_maxwidth|missing_width,true,gate-d-2026-09-03-834d5caa0bfd,P2S_0082,UNIQUE_GRAPH_NODE
P2S_0083,PROPOSED_STOP,P2S_0083,P2S_0083,Olgiate Molgora,9.394174174,45.730743998,n:530635.70:5064214.52,34.531306893,ROUTE_READY_LE_75M,PROPOSED_STOP/FIELD_CHECK_PENDING,FIELD_CHECK_PENDING,HYPOTHESIS_NOT_RECOMMENDATION,primary,missing_maxheight|missing_maxweight|missing_maxwidth|missing_width,true,gate-d-2026-09-03-834d5caa0bfd,P2S_0083,UNIQUE_GRAPH_NODE
P2S_0084,PROPOSED_STOP,P2S_0084,P2S_0084,La Valletta Brianza,9.361693800,45.731054600,n:528145.87:5064231.91,4.111575425,ROUTE_READY_LE_75M,PROPOSED_STOP/FIELD_CHECK_PENDING,FIELD_CHECK_PENDING,HYPOTHESIS_NOT_RECOMMENDATION,residential,missing_lanes|missing_maxheight|missing_maxweight|missing_maxwidth|missing_width,true,gate-d-2026-09-03-834d5caa0bfd,P2S_0084,UNIQUE_GRAPH_NODE
P2S_0085,PROPOSED_STOP,P2S_0085,P2S_0085,Calco,9.446179500,45.730913773,n:534716.45:5064245.27,2.484803662,ROUTE_READY_LE_75M,PROPOSED_STOP/FIELD_CHECK_PENDING,FIELD_CHECK_PENDING,HYPOTHESIS_NOT_RECOMMENDATION,residential,missing_lanes|missing_maxheight|missing_maxweight|missing_maxwidth|missing_width,true,gate-d-2026-09-03-834d5caa0bfd,P2S_0085,UNIQUE_GRAPH_NODE
P2S_0086,PROPOSED_STOP,P2S_0086,P2S_0086,Olgiate Molgora,9.401113077,45.731143135,n:531240.07:5064288.01,45.504044201,ROUTE_READY_LE_75M,PROPOSED_STOP/FIELD_CHECK_PENDING,FIELD_CHECK_PENDING,HYPOTHESIS_NOT_RECOMMENDATION,residential,missing_lanes|missing_maxheight|missing_maxweight|missing_maxwidth|missing_width,true,gate-d-2026-09-03-834d5caa0bfd,P2S_0086,UNIQUE_GRAPH_NODE
P2S_0087,PROPOSED_STOP,P2S_0087,P2S_0087,La Valletta Brianza,9.374211690,45.731293932,n:529109.83:5064267.15,8.584882406,ROUTE_READY_LE_75M,PROPOSED_STOP/FIELD_CHECK_PENDING,FIELD_CHECK_PENDING,HYPOTHESIS_NOT_RECOMMENDATION,service,missing_lanes|missing_maxheight|missing_maxweight|missing_maxwidth|missing_width,true,gate-d-2026-09-03-834d5caa0bfd,P2S_0087,UNIQUE_GRAPH_NODE
P2S_0088,PROPOSED_STOP,P2S_0088,P2S_0088,Brivio,9.426766154,45.731153426,n:533190.34:5064273.46,16.570830803,ROUTE_READY_LE_75M,PROPOSED_STOP/FIELD_CHECK_PENDING,FIELD_CHECK_PENDING,HYPOTHESIS_NOT_RECOMMENDATION,unclassified,missing_lanes|missing_maxheight|missing_maxweight|missing_maxwidth|missing_width,true,gate-d-2026-09-03-834d5caa0bfd,P2S_0088,UNIQUE_GRAPH_NODE
P2S_0089,PROPOSED_STOP,P2S_0089,P2S_0089,Calco,9.419580470,45.731321503,n:532650.92:5064288.76,8.563942906,ROUTE_READY_LE_75M,PROPOSED_STOP/FIELD_CHECK_PENDING,FIELD_CHECK_PENDING,HYPOTHESIS_NOT_RECOMMENDATION,primary,missing_maxheight|missing_maxweight|missing_maxwidth|missing_width,true,gate-d-2026-09-03-834d5caa0bfd,P2S_0089,UNIQUE_GRAPH_NODE
P2S_0090,PROPOSED_STOP,P2S_0090,P2S_0090,La Valletta Brianza,9.354975063,45.731834281,n:527620.14:5064313.82,1.266741887,ROUTE_READY_LE_75M,PROPOSED_STOP/FIELD_CHECK_PENDING,FIELD_CHECK_PENDING,HYPOTHESIS_NOT_RECOMMENDATION,unclassified,missing_maxheight|missing_maxweight|missing_maxwidth|missing_width,true,gate-d-2026-09-03-834d5caa0bfd,P2S_0090,UNIQUE_GRAPH_NODE
P2S_0091,PROPOSED_STOP,P2S_0091,P2S_0091,La Valletta Brianza,9.364185826,45.732232500,n:528321.01:5064353.59,16.660408095,ROUTE_READY_LE_75M,PROPOSED_STOP/FIELD_CHECK_PENDING,FIELD_CHECK_PENDING,HYPOTHESIS_NOT_RECOMMENDATION,unclassified,missing_lanes|missing_maxheight|missing_maxweight|missing_maxwidth|missing_width,true,gate-d-2026-09-03-834d5caa0bfd,P2S_0091,UNIQUE_GRAPH_NODE
P2S_0092,PROPOSED_STOP,P2S_0092,P2S_0092,La Valletta Brianza,9.368348178,45.732250984,n:528638.19:5064373.82,22.730915802,ROUTE_READY_LE_75M,PROPOSED_STOP/FIELD_CHECK_PENDING,FIELD_CHECK_PENDING,HYPOTHESIS_NOT_RECOMMENDATION,unclassified,missing_lanes|missing_maxheight|missing_maxweight|missing_maxwidth|missing_width,true,gate-d-2026-09-03-834d5caa0bfd,P2S_0092,UNIQUE_GRAPH_NODE
P2S_0093,PROPOSED_STOP,P2S_0093,P2S_0093,La Valletta Brianza,9.347830114,45.732391944,n:527064.83:5064371.57,3.087835304,ROUTE_READY_LE_75M,PROPOSED_STOP/FIELD_CHECK_PENDING,FIELD_CHECK_PENDING,HYPOTHESIS_NOT_RECOMMENDATION,unclassified,missing_lanes|missing_maxheight|missing_maxweight|missing_maxwidth|missing_width,true,gate-d-2026-09-03-834d5caa0bfd,P2S_0093,UNIQUE_GRAPH_NODE
P2S_0094,PROPOSED_STOP,P2S_0094,P2S_0094,Brivio,9.443677720,45.732191544,n:534530.73:5064398.37,14.289804629,ROUTE_READY_LE_75M,PROPOSED_STOP/FIELD_CHECK_PENDING,FIELD_CHECK_PENDING,HYPOTHESIS_NOT_RECOMMENDATION,residential,missing_lanes|missing_maxheight|missing_maxweight|missing_maxwidth|missing_width,true,gate-d-2026-09-03-834d5caa0bfd,P2S_0094,UNIQUE_GRAPH_NODE
P2S_0095,PROPOSED_STOP,P2S_0095,P2S_0095,Olgiate Molgora,9.396552309,45.732453656,n:530854.09:5064398.13,0.553503497,ROUTE_READY_LE_75M,PROPOSED_STOP/FIELD_CHECK_PENDING,FIELD_CHECK_PENDING,HYPOTHESIS_NOT_RECOMMENDATION,residential,missing_maxheight|missing_maxweight|missing_maxwidth|missing_width,true,gate-d-2026-09-03-834d5caa0bfd,P2S_0095,UNIQUE_GRAPH_NODE
P2S_0096,PROPOSED_STOP,P2S_0096,P2S_0096,Brivio,9.423494285,45.732556975,n:532960.02:5064419.59,10.307881199,ROUTE_READY_LE_75M,PROPOSED_STOP/FIELD_CHECK_PENDING,FIELD_CHECK_PENDING,HYPOTHESIS_NOT_RECOMMENDATION,unclassified,missing_lanes|missing_maxheight|missing_maxweight|missing_maxwidth|missing_width,true,gate-d-2026-09-03-834d5caa0bfd,P2S_0096,UNIQUE_GRAPH_NODE
P2S_0097,PROPOSED_STOP,P2S_0097,P2S_0097,La Valletta Brianza,9.357634104,45.733009817,n:527858.93:5064427.63,38.268697348,ROUTE_READY_LE_75M,PROPOSED_STOP/FIELD_CHECK_PENDING,FIELD_CHECK_PENDING,HYPOTHESIS_NOT_RECOMMENDATION,residential,missing_lanes|missing_maxheight|missing_maxweight|missing_maxwidth|missing_width,true,gate-d-2026-09-03-834d5caa0bfd,P2S_0097,UNIQUE_GRAPH_NODE
P2S_0098,PROPOSED_STOP,P2S_0098,P2S_0098,Olgiate Molgora,9.404049036,45.733089340,n:531437.77:5064473.44,1.925478770,ROUTE_READY_LE_75M,PROPOSED_STOP/FIELD_CHECK_PENDING,FIELD_CHECK_PENDING,HYPOTHESIS_NOT_RECOMMENDATION,residential,missing_lanes|missing_maxheight|missing_maxweight|missing_maxwidth|missing_width,true,gate-d-2026-09-03-834d5caa0bfd,P2S_0098,UNIQUE_GRAPH_NODE
P2S_0099,PROPOSED_STOP,P2S_0099,P2S_0099,Brivio,9.435343484,45.733316509,n:533870.67:5064508.82,1.277853306,ROUTE_READY_LE_75M,PROPOSED_STOP/FIELD_CHECK_PENDING,FIELD_CHECK_PENDING,HYPOTHESIS_NOT_RECOMMENDATION,service,missing_lanes|missing_maxheight|missing_maxweight|missing_maxwidth|missing_width,true,gate-d-2026-09-03-834d5caa0bfd,P2S_0099,UNIQUE_GRAPH_NODE
P2S_0100,PROPOSED_STOP,P2S_0100,P2S_0100,Brivio,9.432027293,45.733804849,n:533614.28:5064556.84,6.138785618,ROUTE_READY_LE_75M,PROPOSED_STOP/FIELD_CHECK_PENDING,FIELD_CHECK_PENDING,HYPOTHESIS_NOT_RECOMMENDATION,service,missing_lanes|missing_maxheight|missing_maxweight|missing_maxwidth|missing_width,true,gate-d-2026-09-03-834d5caa0bfd,P2S_0100,UNIQUE_GRAPH_NODE
P2S_0101,PROPOSED_STOP,P2S_0101,P2S_0101,Olgiate Molgora,9.393044773,45.734058832,n:530565.96:5064577.63,14.054210777,ROUTE_READY_LE_75M,PROPOSED_STOP/FIELD_CHECK_PENDING,FIELD_CHECK_PENDING,HYPOTHESIS_NOT_RECOMMENDATION,service,missing_lanes|missing_maxheight|missing_maxweight|missing_maxwidth|missing_width,true,gate-d-2026-09-03-834d5caa0bfd,P2S_0101,UNIQUE_GRAPH_NODE
P2S_0102,PROPOSED_STOP,P2S_0102,P2S_0102,La Valletta Brianza,9.352941110,45.734210392,n:527460.89:5064584.71,7.128062874,ROUTE_READY_LE_75M,PROPOSED_STOP/FIELD_CHECK_PENDING,FIELD_CHECK_PENDING,HYPOTHESIS_NOT_RECOMMENDATION,residential,missing_lanes|missing_maxheight|missing_maxweight|missing_maxwidth|missing_width,true,gate-d-2026-09-03-834d5caa0bfd,P2S_0102,UNIQUE_GRAPH_NODE
P2S_0103,PROPOSED_STOP,P2S_0103,P2S_0103,La Valletta Brianza,9.380282162,45.734126577,n:529582.19:5064576.20,5.036052212,ROUTE_READY_LE_75M,PROPOSED_STOP/FIELD_CHECK_PENDING,FIELD_CHECK_PENDING,HYPOTHESIS_NOT_RECOMMENDATION,residential,missing_lanes|missing_maxheight|missing_maxweight|missing_maxwidth|missing_width,true,gate-d-2026-09-03-834d5caa0bfd,P2S_0103,UNIQUE_GRAPH_NODE
P2S_0104,PROPOSED_STOP,P2S_0104,P2S_0104,La Valletta Brianza,9.370799074,45.734185645,n:528856.81:5064601.09,21.335626595,ROUTE_READY_LE_75M,PROPOSED_STOP/FIELD_CHECK_PENDING,FIELD_CHECK_PENDING,HYPOTHESIS_NOT_RECOMMENDATION,residential,missing_lanes|missing_maxheight|missing_maxweight|missing_maxwidth|missing_width,true,gate-d-2026-09-03-834d5caa0bfd,P2S_0104,UNIQUE_GRAPH_NODE
P2S_0105,PROPOSED_STOP,P2S_0105,P2S_0105,Brivio,9.429263691,45.734240873,n:533396.89:5064610.16,0.758746367,ROUTE_READY_LE_75M,PROPOSED_STOP/FIELD_CHECK_PENDING,FIELD_CHECK_PENDING,HYPOTHESIS_NOT_RECOMMENDATION,primary,missing_maxheight|missing_maxweight|missing_maxwidth|missing_width,true,gate-d-2026-09-03-834d5caa0bfd,P2S_0105,UNIQUE_GRAPH_NODE
P2S_0106,PROPOSED_STOP,P2S_0106,P2S_0106,La Valletta Brianza,9.349088860,45.734575808,n:527159.45:5064613.98,3.014021637,ROUTE_READY_LE_75M,PROPOSED_STOP/FIELD_CHECK_PENDING,FIELD_CHECK_PENDING,HYPOTHESIS_NOT_RECOMMENDATION,tertiary,missing_maxheight|missing_maxweight|missing_maxwidth|missing_width,true,gate-d-2026-09-03-834d5caa0bfd,P2S_0106,UNIQUE_GRAPH_NODE
P2S_0107,PROPOSED_STOP,P2S_0107,P2S_0107,Olgiate Molgora,9.410178188,45.734477019,n:531893.53:5064624.64,19.487890257,ROUTE_READY_LE_75M,PROPOSED_STOP/FIELD_CHECK_PENDING,FIELD_CHECK_PENDING,HYPOTHESIS_NOT_RECOMMENDATION,residential,missing_lanes|missing_maxheight|missing_maxweight|missing_maxwidth|missing_width,true,gate-d-2026-09-03-834d5caa0bfd,P2S_0107,UNIQUE_GRAPH_NODE
P2S_0108,PROPOSED_STOP,P2S_0108,P2S_0108,La Valletta Brianza,9.361324330,45.734860516,n:528107.40:5064656.13,5.263095718,ROUTE_READY_LE_75M,PROPOSED_STOP/FIELD_CHECK_PENDING,FIELD_CHECK_PENDING,HYPOTHESIS_NOT_RECOMMENDATION,service,missing_lanes|missing_maxheight|missing_maxweight|missing_maxwidth|missing_width,true,gate-d-2026-09-03-834d5caa0bfd,P2S_0108,UNIQUE_GRAPH_NODE
P2S_0109,PROPOSED_STOP,P2S_0109,P2S_0109,Brivio,9.445290906,45.734620498,n:534645.67:5064661.22,2.485985021,ROUTE_READY_LE_75M,PROPOSED_STOP/FIELD_CHECK_PENDING,FIELD_CHECK_PENDING,HYPOTHESIS_NOT_RECOMMENDATION,residential,missing_lanes|missing_maxheight|missing_maxweight|missing_maxwidth|missing_width,true,gate-d-2026-09-03-834d5caa0bfd,P2S_0109,UNIQUE_GRAPH_NODE
P2S_0110,PROPOSED_STOP,P2S_0110,P2S_0110,La Valletta Brianza,9.367052663,45.735031723,n:528548.21:5064679.22,10.358923183,ROUTE_READY_LE_75M,PROPOSED_STOP/FIELD_CHECK_PENDING,FIELD_CHECK_PENDING,HYPOTHESIS_NOT_RECOMMENDATION,service,missing_lanes|missing_maxheight|missing_maxweight|missing_maxwidth|missing_width,true,gate-d-2026-09-03-834d5caa0bfd,P2S_0110,UNIQUE_GRAPH_NODE
P2S_0111,PROPOSED_STOP,P2S_0111,P2S_0111,Olgiate Molgora,9.397268156,45.734941494,n:530905.15:5064672.96,3.512694506,ROUTE_READY_LE_75M,PROPOSED_STOP/FIELD_CHECK_PENDING,FIELD_CHECK_PENDING,HYPOTHESIS_NOT_RECOMMENDATION,unclassified,missing_lanes|missing_maxheight|missing_maxweight|missing_maxwidth|missing_width,true,gate-d-2026-09-03-834d5caa0bfd,P2S_0111,UNIQUE_GRAPH_NODE
P2S_0112,PROPOSED_STOP,P2S_0112,P2S_0112,Brivio,9.437565263,45.735064115,n:534044.21:5064703.95,1.632359740,ROUTE_READY_LE_75M,PROPOSED_STOP/FIELD_CHECK_PENDING,FIELD_CHECK_PENDING,HYPOTHESIS_NOT_RECOMMENDATION,service,missing_lanes|missing_maxheight|missing_maxweight|missing_maxwidth|missing_width,true,gate-d-2026-09-03-834d5caa0bfd,P2S_0112,UNIQUE_GRAPH_NODE
P2S_0113,PROPOSED_STOP,P2S_0113,P2S_0113,La Valletta Brianza,9.345568386,45.735409142,n:526913.75:5064725.37,33.041448045,ROUTE_READY_LE_75M,PROPOSED_STOP/FIELD_CHECK_PENDING,FIELD_CHECK_PENDING,HYPOTHESIS_NOT_RECOMMENDATION,residential,missing_lanes|missing_maxheight|missing_maxweight|missing_maxwidth|missing_width,true,gate-d-2026-09-03-834d5caa0bfd,P2S_0113,UNIQUE_GRAPH_NODE
P2S_0114,PROPOSED_STOP,P2S_0114,P2S_0114,La Valletta Brianza,9.377247917,45.735537979,n:529354.08:5064728.48,6.707388826,ROUTE_READY_LE_75M,PROPOSED_STOP/FIELD_CHECK_PENDING,FIELD_CHECK_PENDING,HYPOTHESIS_NOT_RECOMMENDATION,residential,missing_lanes|missing_maxheight|missing_maxweight|missing_maxwidth|missing_width,true,gate-d-2026-09-03-834d5caa0bfd,P2S_0114,UNIQUE_GRAPH_NODE
P2S_0115,PROPOSED_STOP,P2S_0115,P2S_0115,La Valletta Brianza,9.356294899,45.735779281,n:527719.87:5064748.49,4.673321369,ROUTE_READY_LE_75M,PROPOSED_STOP/FIELD_CHECK_PENDING,FIELD_CHECK_PENDING,HYPOTHESIS_NOT_RECOMMENDATION,service,missing_lanes|missing_maxheight|missing_maxweight|missing_maxwidth|missing_width,true,gate-d-2026-09-03-834d5caa0bfd,P2S_0115,UNIQUE_GRAPH_NODE
P2S_0116,PROPOSED_STOP,P2S_0116,P2S_0116,Olgiate Molgora,9.413371752,45.735611685,n:532160.57:5064755.91,0.136751355,ROUTE_READY_LE_75M,PROPOSED_STOP/FIELD_CHECK_PENDING,FIELD_CHECK_PENDING,HYPOTHESIS_NOT_RECOMMENDATION,service,missing_lanes|missing_maxheight|missing_maxweight|missing_maxwidth|missing_width,true,gate-d-2026-09-03-834d5caa0bfd,P2S_0116,UNIQUE_GRAPH_NODE
P2S_0117,PROPOSED_STOP,P2S_0117,P2S_0117,Santa Maria Hoè,9.383732793,45.735729278,n:529849.77:5064754.28,5.671100151,ROUTE_READY_LE_75M,PROPOSED_STOP/FIELD_CHECK_PENDING,FIELD_CHECK_PENDING,HYPOTHESIS_NOT_RECOMMENDATION,residential,missing_lanes|missing_maxheight|missing_maxweight|missing_maxwidth|missing_width,true,gate-d-2026-09-03-834d5caa0bfd,P2S_0117,UNIQUE_GRAPH_NODE
P2S_0118,PROPOSED_STOP,P2S_0118,P2S_0118,Brivio,9.441154050,45.735833050,n:534325.75:5064775.80,16.719404257,ROUTE_READY_LE_75M,PROPOSED_STOP/FIELD_CHECK_PENDING,FIELD_CHECK_PENDING,HYPOTHESIS_NOT_RECOMMENDATION,service,missing_lanes|missing_maxheight|missing_maxweight|missing_maxwidth|missing_width,true,gate-d-2026-09-03-834d5caa0bfd,P2S_0118,UNIQUE_GRAPH_NODE
P2S_0119,PROPOSED_STOP,P2S_0119,P2S_0119,La Valletta Brianza,9.363834662,45.736125600,n:528306.16:5064794.26,0.024590930,ROUTE_READY_LE_75M,PROPOSED_STOP/FIELD_CHECK_PENDING,FIELD_CHECK_PENDING,HYPOTHESIS_NOT_RECOMMENDATION,residential,missing_lanes|missing_maxheight|missing_maxweight|missing_maxwidth|missing_width,true,gate-d-2026-09-03-834d5caa0bfd,P2S_0119,UNIQUE_GRAPH_NODE
P2S_0120,PROPOSED_STOP,P2S_0120,P2S_0120,Olgiate Molgora,9.390316994,45.736209225,n:530366.70:5064808.16,5.126182233,ROUTE_READY_LE_75M,PROPOSED_STOP/FIELD_CHECK_PENDING,FIELD_CHECK_PENDING,HYPOTHESIS_NOT_RECOMMENDATION,service,missing_lanes|missing_maxheight|missing_maxweight|missing_maxwidth|missing_width,true,gate-d-2026-09-03-834d5caa0bfd,P2S_0120,UNIQUE_GRAPH_NODE
P2S_0121,PROPOSED_STOP,P2S_0121,P2S_0121,La Valletta Brianza,9.342454240,45.736481410,n:526638.46:5064829.57,5.189693752,ROUTE_READY_LE_75M,PROPOSED_STOP/FIELD_CHECK_PENDING,FIELD_CHECK_PENDING,HYPOTHESIS_NOT_RECOMMENDATION,service,missing_lanes|missing_maxheight|missing_maxweight|missing_maxwidth|missing_width,true,gate-d-2026-09-03-834d5caa0bfd,P2S_0121,UNIQUE_GRAPH_NODE
P2S_0122,PROPOSED_STOP,P2S_0122,P2S_0122,Olgiate Molgora,9.402643420,45.736370658,n:531324.60:5064836.20,0.777878396,ROUTE_READY_LE_75M,PROPOSED_STOP/FIELD_CHECK_PENDING,FIELD_CHECK_PENDING,HYPOTHESIS_NOT_RECOMMENDATION,service,missing_lanes|missing_maxheight|missing_maxweight|missing_maxwidth|missing_width,true,gate-d-2026-09-03-834d5caa0bfd,P2S_0122,UNIQUE_GRAPH_NODE
P2S_0123,PROPOSED_STOP,P2S_0123,P2S_0123,Olgiate Molgora,9.408351592,45.736518614,n:531770.74:5064857.31,2.995609910,ROUTE_READY_LE_75M,PROPOSED_STOP/FIELD_CHECK_PENDING,FIELD_CHECK_PENDING,HYPOTHESIS_NOT_RECOMMENDATION,unclassified,missing_lanes|missing_maxheight|missing_maxweight|missing_maxwidth|missing_width,true,gate-d-2026-09-03-834d5caa0bfd,P2S_0123,UNIQUE_GRAPH_NODE
P2S_0124,PROPOSED_STOP,P2S_0124,P2S_0124,Brivio,9.447797771,45.736655206,n:534836.01:5064882.55,4.269916875,ROUTE_READY_LE_75M,PROPOSED_STOP/FIELD_CHECK_PENDING,FIELD_CHECK_PENDING,HYPOTHESIS_NOT_RECOMMENDATION,residential,missing_lanes|missing_maxheight|missing_maxweight|missing_maxwidth|missing_width,true,gate-d-2026-09-03-834d5caa0bfd,P2S_0124,UNIQUE_GRAPH_NODE
P2S_0125,PROPOSED_STOP,P2S_0125,P2S_0125,Brivio,9.437987990,45.737214209,n:534073.83:5064935.08,9.087112085,ROUTE_READY_LE_75M,PROPOSED_STOP/FIELD_CHECK_PENDING,FIELD_CHECK_PENDING,HYPOTHESIS_NOT_RECOMMENDATION,unclassified,missing_lanes|missing_maxheight|missing_maxweight|missing_maxwidth|missing_width,true,gate-d-2026-09-03-834d5caa0bfd,P2S_0125,UNIQUE_GRAPH_NODE
P2S_0126,PROPOSED_STOP,P2S_0126,P2S_0126,Olgiate Molgora,9.399834355,45.737678133,n:531109.98:5064980.83,3.968002932,ROUTE_READY_LE_75M,PROPOSED_STOP/FIELD_CHECK_PENDING,FIELD_CHECK_PENDING,HYPOTHESIS_NOT_RECOMMENDATION,service,missing_lanes|missing_maxheight|missing_maxweight|missing_maxwidth|missing_width,true,gate-d-2026-09-03-834d5caa0bfd,P2S_0126,UNIQUE_GRAPH_NODE
P2S_0127,PROPOSED_STOP,P2S_0127,P2S_0127,La Valletta Brianza,9.358396716,45.737865767,n:527883.14:5064985.66,0.900527861,ROUTE_READY_LE_75M,PROPOSED_STOP/FIELD_CHECK_PENDING,FIELD_CHECK_PENDING,HYPOTHESIS_NOT_RECOMMENDATION,tertiary,missing_maxheight|missing_maxweight|missing_maxwidth|missing_width,true,gate-d-2026-09-03-834d5caa0bfd,P2S_0127,UNIQUE_GRAPH_NODE
P2S_0128,PROPOSED_STOP,P2S_0128,P2S_0128,Olgiate Molgora,9.416282723,45.737840714,n:532391.62:5065006.68,6.311536900,ROUTE_READY_LE_75M,PROPOSED_STOP/FIELD_CHECK_PENDING,FIELD_CHECK_PENDING,HYPOTHESIS_NOT_RECOMMENDATION,unclassified,missing_lanes|missing_maxheight|missing_maxweight|missing_maxwidth|missing_width,true,gate-d-2026-09-03-834d5caa0bfd,P2S_0128,UNIQUE_GRAPH_NODE
P2S_0129,PROPOSED_STOP,P2S_0129,P2S_0129,Santa Maria Hoè,9.383138608,45.738023411,n:529806.56:5065012.40,0.515307772,ROUTE_READY_LE_75M,PROPOSED_STOP/FIELD_CHECK_PENDING,FIELD_CHECK_PENDING,HYPOTHESIS_NOT_RECOMMENDATION,service,missing_lanes|missing_maxheight|missing_maxweight|missing_maxwidth|missing_width,true,gate-d-2026-09-03-834d5caa0bfd,P2S_0129,UNIQUE_GRAPH_NODE
P2S_0130,PROPOSED_STOP,P2S_0130,P2S_0130,Olgiate Molgora,9.405599916,45.738266579,n:531551.55:5065046.07,3.222096530,ROUTE_READY_LE_75M,PROPOSED_STOP/FIELD_CHECK_PENDING,FIELD_CHECK_PENDING,HYPOTHESIS_NOT_RECOMMENDATION,residential,missing_lanes|missing_maxheight|missing_maxweight|missing_maxwidth|missing_width,true,gate-d-2026-09-03-834d5caa0bfd,P2S_0130,UNIQUE_GRAPH_NODE
P2S_0131,PROPOSED_STOP,P2S_0131,P2S_0131,La Valletta Brianza,9.352021101,45.738469216,n:527383.19:5065051.81,3.027404923,ROUTE_READY_LE_75M,PROPOSED_STOP/FIELD_CHECK_PENDING,FIELD_CHECK_PENDING,HYPOTHESIS_NOT_RECOMMENDATION,tertiary,missing_maxheight|missing_maxweight|missing_maxwidth|missing_width,true,gate-d-2026-09-03-834d5caa0bfd,P2S_0131,UNIQUE_GRAPH_NODE
P2S_0132,PROPOSED_STOP,P2S_0132,P2S_0132,Santa Maria Hoè,9.378224387,45.738430932,n:529415.35:5065060.15,10.201946422,ROUTE_READY_LE_75M,PROPOSED_STOP/FIELD_CHECK_PENDING,FIELD_CHECK_PENDING,HYPOTHESIS_NOT_RECOMMENDATION,service,conditional_access=destination|missing_lanes|missing_maxheight|missing_maxweight|missing_maxwidth|missing_width,true,gate-d-2026-09-03-834d5caa0bfd,P2S_0132,UNIQUE_GRAPH_NODE
P2S_0133,PROPOSED_STOP,P2S_0133,P2S_0133,Brivio,9.444276189,45.738335795,n:534563.32:5065071.63,0.271218817,ROUTE_READY_LE_75M,PROPOSED_STOP/FIELD_CHECK_PENDING,FIELD_CHECK_PENDING,HYPOTHESIS_NOT_RECOMMENDATION,unclassified,missing_lanes|missing_maxheight|missing_maxweight|missing_maxwidth|missing_width,true,gate-d-2026-09-03-834d5caa0bfd,P2S_0133,UNIQUE_GRAPH_NODE
P2S_0134,PROPOSED_STOP,P2S_0134,P2S_0134,Olgiate Molgora,9.410885733,45.738612467,n:531950.53:5065081.31,16.346697359,ROUTE_READY_LE_75M,PROPOSED_STOP/FIELD_CHECK_PENDING,FIELD_CHECK_PENDING,HYPOTHESIS_NOT_RECOMMENDATION,unclassified,missing_lanes|missing_maxheight|missing_maxweight|missing_maxwidth|missing_width,true,gate-d-2026-09-03-834d5caa0bfd,P2S_0134,UNIQUE_GRAPH_NODE
P2S_0135,PROPOSED_STOP,P2S_0135,P2S_0135,Olgiate Molgora,9.392018550,45.738737845,n:530497.19:5065097.93,3.079842787,ROUTE_READY_LE_75M,PROPOSED_STOP/FIELD_CHECK_PENDING,FIELD_CHECK_PENDING,HYPOTHESIS_NOT_RECOMMENDATION,service,missing_lanes|missing_maxheight|missing_maxweight|missing_maxwidth|missing_width,true,gate-d-2026-09-03-834d5caa0bfd,P2S_0135,UNIQUE_GRAPH_NODE
P2S_0136,PROPOSED_STOP,P2S_0136,P2S_0136,Brivio,9.432708646,45.738730531,n:533660.64:5065110.36,2.334324717,ROUTE_READY_LE_75M,PROPOSED_STOP/FIELD_CHECK_PENDING,FIELD_CHECK_PENDING,HYPOTHESIS_NOT_RECOMMENDATION,service,missing_lanes|missing_maxheight|missing_maxweight|missing_maxwidth|missing_width,true,gate-d-2026-09-03-834d5caa0bfd,P2S_0136,UNIQUE_GRAPH_NODE
P2S_0137,PROPOSED_STOP,P2S_0137,P2S_0137,Brivio,9.429420850,45.738890150,n:533407.00:5065131.09,4.370717552,ROUTE_READY_LE_75M,PROPOSED_STOP/FIELD_CHECK_PENDING,FIELD_CHECK_PENDING,HYPOTHESIS_NOT_RECOMMENDATION,service,missing_lanes|missing_maxheight|missing_maxweight|missing_maxwidth|missing_width,true,gate-d-2026-09-03-834d5caa0bfd,P2S_0137,UNIQUE_GRAPH_NODE
P2S_0138,PROPOSED_STOP,P2S_0138,P2S_0138,La Valletta Brianza,9.371276440,45.739278612,n:528883.28:5065147.22,0.238576641,ROUTE_READY_LE_75M,PROPOSED_STOP/FIELD_CHECK_PENDING,FIELD_CHECK_PENDING,HYPOTHESIS_NOT_RECOMMENDATION,service,missing_maxheight|missing_maxweight|missing_maxwidth|missing_width,true,gate-d-2026-09-03-834d5caa0bfd,P2S_0138,UNIQUE_GRAPH_NODE
P2S_0139,PROPOSED_STOP,P2S_0139,P2S_0139,La Valletta Brianza,9.349336927,45.739577871,n:527166.94:5065179.92,11.985231044,ROUTE_READY_LE_75M,PROPOSED_STOP/FIELD_CHECK_PENDING,FIELD_CHECK_PENDING,HYPOTHESIS_NOT_RECOMMENDATION,tertiary,missing_maxheight|missing_maxweight|missing_maxwidth|missing_width,true,gate-d-2026-09-03-834d5caa0bfd,P2S_0139,UNIQUE_GRAPH_NODE
P2S_0140,PROPOSED_STOP,P2S_0140,P2S_0140,Santa Maria Hoè,9.388661978,45.739979492,n:530237.88:5065237.31,6.189793770,ROUTE_READY_LE_75M,PROPOSED_STOP/FIELD_CHECK_PENDING,FIELD_CHECK_PENDING,HYPOTHESIS_NOT_RECOMMENDATION,unclassified,missing_lanes|missing_maxheight|missing_maxweight|missing_maxwidth|missing_width,true,gate-d-2026-09-03-834d5caa0bfd,P2S_0140,UNIQUE_GRAPH_NODE
P2S_0141,PROPOSED_STOP,P2S_0141,P2S_0141,La Valletta Brianza,9.356690950,45.740159800,n:527743.73:5065241.69,4.972918842,ROUTE_READY_LE_75M,PROPOSED_STOP/FIELD_CHECK_PENDING,FIELD_CHECK_PENDING,HYPOTHESIS_NOT_RECOMMENDATION,residential,missing_lanes|missing_maxheight|missing_maxweight|missing_maxwidth,true,gate-d-2026-09-03-834d5caa0bfd,P2S_0141,UNIQUE_GRAPH_NODE
P2S_0142,PROPOSED_STOP,P2S_0142,P2S_0142,Olgiate Molgora,9.400070821,45.740431963,n:531123.51:5065280.24,5.968740352,ROUTE_READY_LE_75M,PROPOSED_STOP/FIELD_CHECK_PENDING,FIELD_CHECK_PENDING,HYPOTHESIS_NOT_RECOMMENDATION,unclassified,missing_lanes|missing_maxheight|missing_maxweight|missing_maxwidth|missing_width,true,gate-d-2026-09-03-834d5caa0bfd,P2S_0142,UNIQUE_GRAPH_NODE
P2S_0143,PROPOSED_STOP,P2S_0143,P2S_0143,Olgiate Molgora,9.396273805,45.740582792,n:530826.37:5065301.49,1.103717327,ROUTE_READY_LE_75M,PROPOSED_STOP/FIELD_CHECK_PENDING,FIELD_CHECK_PENDING,HYPOTHESIS_NOT_RECOMMENDATION,service,missing_lanes|missing_maxheight|missing_maxweight|missing_maxwidth|missing_width,true,gate-d-2026-09-03-834d5caa0bfd,P2S_0143,UNIQUE_GRAPH_NODE
P2S_0144,PROPOSED_STOP,P2S_0144,P2S_0144,La Valletta Brianza,9.344479013,45.741216919,n:526802.35:5065350.97,5.025429062,ROUTE_READY_LE_75M,PROPOSED_STOP/FIELD_CHECK_PENDING,FIELD_CHECK_PENDING,HYPOTHESIS_NOT_RECOMMENDATION,tertiary,missing_lanes|missing_maxheight|missing_maxweight|missing_maxwidth|missing_width,true,gate-d-2026-09-03-834d5caa0bfd,P2S_0144,UNIQUE_GRAPH_NODE
P2S_0145,PROPOSED_STOP,P2S_0145,P2S_0145,Santa Maria Hoè,9.383528510,45.741167092,n:529832.40:5065368.17,7.377861711,ROUTE_READY_LE_75M,PROPOSED_STOP/FIELD_CHECK_PENDING,FIELD_CHECK_PENDING,HYPOTHESIS_NOT_RECOMMENDATION,residential,missing_lanes|missing_maxheight|missing_maxweight|missing_maxwidth|missing_width,true,gate-d-2026-09-03-834d5caa0bfd,P2S_0145,UNIQUE_GRAPH_NODE
P2S_0146,PROPOSED_STOP,P2S_0146,P2S_0146,La Valletta Brianza,9.353491158,45.741636666,n:527531.08:5065379.64,39.861940222,ROUTE_READY_LE_75M,PROPOSED_STOP/FIELD_CHECK_PENDING,FIELD_CHECK_PENDING,HYPOTHESIS_NOT_RECOMMENDATION,primary,missing_maxheight|missing_maxweight|missing_maxwidth|missing_width,true,gate-d-2026-09-03-834d5caa0bfd,P2S_0146,UNIQUE_GRAPH_NODE
P2S_0147,PROPOSED_STOP,P2S_0147,P2S_0147,Brivio,9.427089065,45.741488077,n:533224.66:5065416.57,2.243300549,ROUTE_READY_LE_75M,PROPOSED_STOP/FIELD_CHECK_PENDING,FIELD_CHECK_PENDING,HYPOTHESIS_NOT_RECOMMENDATION,service,missing_lanes|missing_maxheight|missing_maxweight|missing_maxwidth|missing_width,true,gate-d-2026-09-03-834d5caa0bfd,P2S_0147,UNIQUE_GRAPH_NODE
P2S_0148,PROPOSED_STOP,P2S_0148,P2S_0148,La Valletta Brianza,9.340610737,45.742413061,n:526509.65:5065484.28,13.271589632,ROUTE_READY_LE_75M,PROPOSED_STOP/FIELD_CHECK_PENDING,FIELD_CHECK_PENDING,HYPOTHESIS_NOT_RECOMMENDATION,tertiary,missing_lanes|missing_maxheight|missing_maxweight|missing_maxwidth|missing_width,true,gate-d-2026-09-03-834d5caa0bfd,P2S_0148,UNIQUE_GRAPH_NODE
P2S_0149,PROPOSED_STOP,P2S_0149,P2S_0149,Brivio,9.430686318,45.742348847,n:533501.50:5065510.16,2.401308231,ROUTE_READY_LE_75M,PROPOSED_STOP/FIELD_CHECK_PENDING,FIELD_CHECK_PENDING,HYPOTHESIS_NOT_RECOMMENDATION,unclassified,missing_lanes|missing_maxheight|missing_maxweight|missing_maxwidth|missing_width,true,gate-d-2026-09-03-834d5caa0bfd,P2S_0149,UNIQUE_GRAPH_NODE
P2S_0150,PROPOSED_STOP,P2S_0150,P2S_0150,Santa Maria Hoè,9.380600233,45.742791868,n:529597.84:5065547.84,11.448736597,ROUTE_READY_LE_75M,PROPOSED_STOP/FIELD_CHECK_PENDING,FIELD_CHECK_PENDING,HYPOTHESIS_NOT_RECOMMENDATION,residential,missing_lanes|missing_maxheight|missing_maxweight|missing_maxwidth|missing_width,true,gate-d-2026-09-03-834d5caa0bfd,P2S_0150,UNIQUE_GRAPH_NODE
P2S_0151,PROPOSED_STOP,P2S_0151,P2S_0151,La Valletta Brianza,9.364322232,45.742861602,n:528342.35:5065536.23,6.805358618,ROUTE_READY_LE_75M,PROPOSED_STOP/FIELD_CHECK_PENDING,FIELD_CHECK_PENDING,HYPOTHESIS_NOT_RECOMMENDATION,tertiary,missing_maxheight|missing_maxweight|missing_maxwidth|missing_width,true,gate-d-2026-09-03-834d5caa0bfd,P2S_0151,UNIQUE_GRAPH_NODE
P2S_0152,PROPOSED_STOP,P2S_0152,P2S_0152,La Valletta Brianza,9.350146653,45.742948012,n:527236.03:5065548.13,2.006714027,ROUTE_READY_LE_75M,PROPOSED_STOP/FIELD_CHECK_PENDING,FIELD_CHECK_PENDING,HYPOTHESIS_NOT_RECOMMENDATION,primary,missing_maxheight|missing_maxweight|missing_maxwidth|missing_width,true,gate-d-2026-09-03-834d5caa0bfd,P2S_0152,UNIQUE_GRAPH_NODE
P2S_0153,PROPOSED_STOP,P2S_0153,P2S_0153,Santa Maria Hoè,9.387946849,45.742970100,n:530199.54:5065585.48,30.472365411,ROUTE_READY_LE_75M,PROPOSED_STOP/FIELD_CHECK_PENDING,FIELD_CHECK_PENDING,HYPOTHESIS_NOT_RECOMMENDATION,unclassified,missing_lanes|missing_maxheight|missing_maxweight|missing_maxwidth|missing_width,true,gate-d-2026-09-03-834d5caa0bfd,P2S_0153,UNIQUE_GRAPH_NODE
P2S_0154,PROPOSED_STOP,P2S_0154,P2S_0154,Brivio,9.448429703,45.743526575,n:534879.85:5065661.70,12.171691438,ROUTE_READY_LE_75M,PROPOSED_STOP/FIELD_CHECK_PENDING,FIELD_CHECK_PENDING,HYPOTHESIS_NOT_RECOMMENDATION,service,missing_lanes|missing_maxheight|missing_maxweight|missing_maxwidth|missing_width,true,gate-d-2026-09-03-834d5caa0bfd,P2S_0154,UNIQUE_GRAPH_NODE
P2S_0155,PROPOSED_STOP,P2S_0155,P2S_0155,Santa Maria Hoè,9.370095346,45.744046684,n:528791.15:5065675.99,2.047177679,ROUTE_READY_LE_75M,PROPOSED_STOP/FIELD_CHECK_PENDING,FIELD_CHECK_PENDING,HYPOTHESIS_NOT_RECOMMENDATION,unclassified,missing_lanes|missing_maxheight|missing_maxweight|missing_maxwidth|missing_width,true,gate-d-2026-09-03-834d5caa0bfd,P2S_0155,UNIQUE_GRAPH_NODE
P2S_0156,PROPOSED_STOP,P2S_0156,P2S_0156,Brivio,9.443444220,45.744070672,n:534491.48:5065710.45,4.047764368,ROUTE_READY_LE_75M,PROPOSED_STOP/FIELD_CHECK_PENDING,FIELD_CHECK_PENDING,HYPOTHESIS_NOT_RECOMMENDATION,service,missing_lanes|missing_maxheight|missing_maxweight|missing_maxwidth|missing_width,true,gate-d-2026-09-03-834d5caa0bfd,P2S_0156,UNIQUE_GRAPH_NODE
P2S_0157,PROPOSED_STOP,P2S_0157,P2S_0157,La Valletta Brianza,9.362703655,45.744683514,n:528220.39:5065730.94,15.205110181,ROUTE_READY_LE_75M,PROPOSED_STOP/FIELD_CHECK_PENDING,FIELD_CHECK_PENDING,HYPOTHESIS_NOT_RECOMMENDATION,tertiary,missing_lanes|missing_maxheight|missing_maxweight|missing_maxwidth|missing_width,true,gate-d-2026-09-03-834d5caa0bfd,P2S_0157,UNIQUE_GRAPH_NODE
P2S_0158,PROPOSED_STOP,P2S_0158,P2S_0158,Brivio,9.427019193,45.744491878,n:533210.67:5065730.53,18.638867532,ROUTE_READY_LE_75M,PROPOSED_STOP/FIELD_CHECK_PENDING,FIELD_CHECK_PENDING,HYPOTHESIS_NOT_RECOMMENDATION,service,missing_lanes|missing_maxheight|missing_maxweight|missing_maxwidth|missing_width,true,gate-d-2026-09-03-834d5caa0bfd,P2S_0158,UNIQUE_GRAPH_NODE
P2S_0159,PROPOSED_STOP,P2S_0159,P2S_0159,La Valletta Brianza,9.347453847,45.744819339,n:527016.79:5065759.92,12.056953135,ROUTE_READY_LE_75M,PROPOSED_STOP/FIELD_CHECK_PENDING,FIELD_CHECK_PENDING,HYPOTHESIS_NOT_RECOMMENDATION,primary,missing_maxheight|missing_maxweight|missing_maxwidth|missing_width,true,gate-d-2026-09-03-834d5caa0bfd,P2S_0159,UNIQUE_GRAPH_NODE
P2S_0160,PROPOSED_STOP,P2S_0160,P2S_0160,Brivio,9.430368745,45.744598501,n:533479.44:5065758.22,3.697105981,ROUTE_READY_LE_75M,PROPOSED_STOP/FIELD_CHECK_PENDING,FIELD_CHECK_PENDING,HYPOTHESIS_NOT_RECOMMENDATION,unclassified,missing_lanes|missing_maxheight|missing_maxweight|missing_maxwidth|missing_width,true,gate-d-2026-09-03-834d5caa0bfd,P2S_0160,UNIQUE_GRAPH_NODE
P2S_0161,PROPOSED_STOP,P2S_0161,P2S_0161,Brivio,9.438346343,45.745387116,n:534090.29:5065852.99,7.253529334,ROUTE_READY_LE_75M,PROPOSED_STOP/FIELD_CHECK_PENDING,FIELD_CHECK_PENDING,HYPOTHESIS_NOT_RECOMMENDATION,service,missing_lanes|missing_maxheight|missing_maxweight|missing_maxwidth|missing_width,true,gate-d-2026-09-03-834d5caa0bfd,P2S_0161,UNIQUE_GRAPH_NODE
P2S_0162,PROPOSED_STOP,P2S_0162,P2S_0162,Santa Maria Hoè,9.388210305,45.745575940,n:530196.95:5065853.47,0.636653336,ROUTE_READY_LE_75M,PROPOSED_STOP/FIELD_CHECK_PENDING,FIELD_CHECK_PENDING,HYPOTHESIS_NOT_RECOMMENDATION,unclassified,missing_lanes|missing_maxheight|missing_maxweight|missing_maxwidth|missing_width,true,gate-d-2026-09-03-834d5caa0bfd,P2S_0162,UNIQUE_GRAPH_NODE
P2S_0163,PROPOSED_STOP,P2S_0163,P2S_0163,La Valletta Brianza,9.344128005,45.746156661,n:526769.25:5065901.19,1.293312352,ROUTE_READY_LE_75M,PROPOSED_STOP/FIELD_CHECK_PENDING,FIELD_CHECK_PENDING,HYPOTHESIS_NOT_RECOMMENDATION,primary,missing_maxheight|missing_maxweight|missing_maxwidth|missing_width,true,gate-d-2026-09-03-834d5caa0bfd,P2S_0163,UNIQUE_GRAPH_NODE
P2S_0164,PROPOSED_STOP,P2S_0164,P2S_0164,Santa Maria Hoè,9.376550855,45.746139772,n:529287.78:5065913.31,3.095783746,ROUTE_READY_LE_75M,PROPOSED_STOP/FIELD_CHECK_PENDING,FIELD_CHECK_PENDING,HYPOTHESIS_NOT_RECOMMENDATION,residential,missing_lanes|missing_maxheight|missing_maxweight|missing_maxwidth|missing_width,true,gate-d-2026-09-03-834d5caa0bfd,P2S_0164,UNIQUE_GRAPH_NODE
P2S_0165,PROPOSED_STOP,P2S_0165,P2S_0165,La Valletta Brianza,9.337018830,45.746647089,n:526213.75:5065954.48,1.300195334,ROUTE_READY_LE_75M,PROPOSED_STOP/FIELD_CHECK_PENDING,FIELD_CHECK_PENDING,HYPOTHESIS_NOT_RECOMMENDATION,residential,missing_lanes|missing_maxheight|missing_maxweight|missing_maxwidth|missing_width,true,gate-d-2026-09-03-834d5caa0bfd,P2S_0165,UNIQUE_GRAPH_NODE
P2S_0166,PROPOSED_STOP,P2S_0166,P2S_0166,Santa Maria Hoè,9.360407264,45.747129376,n:528033.72:5066023.86,8.254994469,ROUTE_READY_LE_75M,PROPOSED_STOP/FIELD_CHECK_PENDING,FIELD_CHECK_PENDING,HYPOTHESIS_NOT_RECOMMENDATION,service,missing_lanes|missing_maxheight|missing_maxweight|missing_maxwidth|missing_width,true,gate-d-2026-09-03-834d5caa0bfd,P2S_0166,UNIQUE_GRAPH_NODE
P2S_0167,PROPOSED_STOP,P2S_0167,P2S_0167,Brivio,9.442907139,45.746843972,n:534438.13:5066019.51,13.680107128,ROUTE_READY_LE_75M,PROPOSED_STOP/FIELD_CHECK_PENDING,FIELD_CHECK_PENDING,HYPOTHESIS_NOT_RECOMMENDATION,service,missing_lanes|missing_maxheight|missing_maxweight|missing_maxwidth|missing_width,true,gate-d-2026-09-03-834d5caa0bfd,P2S_0167,UNIQUE_GRAPH_NODE
P2S_0168,PROPOSED_STOP,P2S_0168,P2S_0168,Brivio,9.425318246,45.747128133,n:533083.09:5066042.93,2.660124123,ROUTE_READY_LE_75M,PROPOSED_STOP/FIELD_CHECK_PENDING,FIELD_CHECK_PENDING,HYPOTHESIS_NOT_RECOMMENDATION,service,missing_lanes|missing_maxheight|missing_maxweight|missing_maxwidth|missing_width,true,gate-d-2026-09-03-834d5caa0bfd,P2S_0168,UNIQUE_GRAPH_NODE
P2S_0169,PROPOSED_STOP,P2S_0169,P2S_0169,La Valletta Brianza,9.340828385,45.747504965,n:526515.56:5066049.33,4.835308933,ROUTE_READY_LE_75M,PROPOSED_STOP/FIELD_CHECK_PENDING,FIELD_CHECK_PENDING,HYPOTHESIS_NOT_RECOMMENDATION,primary,missing_maxheight|missing_maxweight|missing_maxwidth|missing_width,true,gate-d-2026-09-03-834d5caa0bfd,P2S_0169,UNIQUE_GRAPH_NODE
P2S_0170,PROPOSED_STOP,P2S_0170,P2S_0170,Brivio,9.437923612,45.747506401,n:534062.83:5066074.23,13.366583289,ROUTE_READY_LE_75M,PROPOSED_STOP/FIELD_CHECK_PENDING,FIELD_CHECK_PENDING,HYPOTHESIS_NOT_RECOMMENDATION,unclassified,missing_lanes|missing_maxheight|missing_maxweight|missing_maxwidth|missing_width,true,gate-d-2026-09-03-834d5caa0bfd,P2S_0170,UNIQUE_GRAPH_NODE
P2S_0171,PROPOSED_STOP,P2S_0171,P2S_0171,Santa Maria Hoè,9.386581947,45.748212873,n:530060.75:5066145.58,8.665244719,ROUTE_READY_LE_75M,PROPOSED_STOP/FIELD_CHECK_PENDING,FIELD_CHECK_PENDING,HYPOTHESIS_NOT_RECOMMENDATION,unclassified,missing_lanes|missing_maxheight|missing_maxweight|missing_maxwidth|missing_width,true,gate-d-2026-09-03-834d5caa0bfd,P2S_0171,UNIQUE_GRAPH_NODE
P2S_0172,PROPOSED_STOP,P2S_0172,P2S_0172,La Valletta Brianza,9.335626662,45.748391735,n:526119.13:5066145.62,13.369829185,ROUTE_READY_LE_75M,PROPOSED_STOP/FIELD_CHECK_PENDING,FIELD_CHECK_PENDING,HYPOTHESIS_NOT_RECOMMENDATION,residential,missing_maxheight|missing_maxweight|missing_maxwidth|missing_width,true,gate-d-2026-09-03-834d5caa0bfd,P2S_0172,UNIQUE_GRAPH_NODE
P2S_0173,PROPOSED_STOP,P2S_0173,P2S_0173,Santa Maria Hoè,9.373342359,45.748307695,n:529050.93:5066151.64,11.386818695,ROUTE_READY_LE_75M,PROPOSED_STOP/FIELD_CHECK_PENDING,FIELD_CHECK_PENDING,HYPOTHESIS_NOT_RECOMMENDATION,residential,missing_lanes|missing_maxheight|missing_maxweight|missing_maxwidth|missing_width,true,gate-d-2026-09-03-834d5caa0bfd,P2S_0173,UNIQUE_GRAPH_NODE
P2S_0174,PROPOSED_STOP,P2S_0174,P2S_0174,La Valletta Brianza,9.348250632,45.749113856,n:527083.34:5066224.38,8.577764892,ROUTE_READY_LE_75M,PROPOSED_STOP/FIELD_CHECK_PENDING,FIELD_CHECK_PENDING,HYPOTHESIS_NOT_RECOMMENDATION,residential,missing_lanes|missing_maxheight|missing_maxweight|missing_maxwidth|missing_width,true,gate-d-2026-09-03-834d5caa0bfd,P2S_0174,UNIQUE_GRAPH_NODE
P2S_0175,PROPOSED_STOP,P2S_0175,P2S_0175,Brivio,9.440339600,45.749034523,n:534251.86:5066253.36,5.263162181,ROUTE_READY_LE_75M,PROPOSED_STOP/FIELD_CHECK_PENDING,FIELD_CHECK_PENDING,HYPOTHESIS_NOT_RECOMMENDATION,tertiary,missing_lanes|missing_maxheight|missing_maxweight|missing_maxwidth|missing_width,true,gate-d-2026-09-03-834d5caa0bfd,P2S_0175,UNIQUE_GRAPH_NODE
P2S_0176,PROPOSED_STOP,P2S_0176,P2S_0176,Santa Maria Hoè,9.361532264,45.750211789,n:528131.67:5066394.95,38.310533927,ROUTE_READY_LE_75M,PROPOSED_STOP/FIELD_CHECK_PENDING,FIELD_CHECK_PENDING,HYPOTHESIS_NOT_RECOMMENDATION,tertiary,missing_maxheight|missing_maxweight|missing_maxwidth|missing_width,true,gate-d-2026-09-03-834d5caa0bfd,P2S_0176,UNIQUE_GRAPH_NODE
P2S_0177,PROPOSED_STOP,P2S_0177,P2S_0177,Brivio,9.443535413,45.749939393,n:534498.38:5066366.91,6.608132246,ROUTE_READY_LE_75M,PROPOSED_STOP/FIELD_CHECK_PENDING,FIELD_CHECK_PENDING,HYPOTHESIS_NOT_RECOMMENDATION,service,missing_lanes|missing_maxheight|missing_maxweight|missing_maxwidth|missing_width,true,gate-d-2026-09-03-834d5caa0bfd,P2S_0177,UNIQUE_GRAPH_NODE
P2S_0178,PROPOSED_STOP,P2S_0178,P2S_0178,Santa Maria Hoè,9.355142757,45.750421721,n:527623.31:5066379.43,0.432679116,ROUTE_READY_LE_75M,PROPOSED_STOP/FIELD_CHECK_PENDING,FIELD_CHECK_PENDING,HYPOTHESIS_NOT_RECOMMENDATION,service,missing_lanes|missing_maxheight|missing_maxweight|missing_maxwidth|missing_width,true,gate-d-2026-09-03-834d5caa0bfd,P2S_0178,UNIQUE_GRAPH_NODE
P2S_0179,PROPOSED_STOP,P2S_0179,P2S_0179,Brivio,9.438438336,45.751277159,n:534107.31:5066509.93,6.996663983,ROUTE_READY_LE_75M,PROPOSED_STOP/FIELD_CHECK_PENDING,FIELD_CHECK_PENDING,HYPOTHESIS_NOT_RECOMMENDATION,unclassified,missing_lanes|missing_maxheight|missing_maxweight|missing_maxwidth|missing_width,true,gate-d-2026-09-03-834d5caa0bfd,P2S_0179,UNIQUE_GRAPH_NODE
P2S_0180,PROPOSED_STOP,P2S_0180,P2S_0180,Brivio,9.441055651,45.753294645,n:534278.94:5066717.12,28.648929064,ROUTE_READY_LE_75M,PROPOSED_STOP/FIELD_CHECK_PENDING,FIELD_CHECK_PENDING,HYPOTHESIS_NOT_RECOMMENDATION,unclassified,missing_lanes|missing_maxheight|missing_maxweight|missing_maxwidth|missing_width,true,gate-d-2026-09-03-834d5caa0bfd,P2S_0180,UNIQUE_GRAPH_NODE
