decision_stratum_id,passenger_equivalent_service_count,representative_service_identity_id,representative_plan_id,all_service_identity_ids_json,all_representative_plan_ids_json,topology_family_aliases_json,practical_tiebreak_invoked,practical_tiebreak_rule,public_population_coverage_share_5min,public_population_coverage_share_8min,public_population_coverage_share_10min,public_worst_municipality_coverage_share_5min,public_worst_municipality_coverage_share_8min,public_worst_municipality_coverage_share_10min,public_structurally_addressable_worker_od_mass_upper_bound,stress_min_connection_match_share,span_minutes,annual_service_days,uniform_headway_min,stress_max_unmatched_connection_event_count,stress_worst_route_weighted_mean_gap_min,stress_max_incomplete_route_count,stress_max_fleet_recovery15,public_route_count,exact_annual_bus_km,public_explicit_field_check_pending_count,public_explicit_proposed_stop_count,public_explicit_existing_stop_count,robust_frontier_classes,primary_selected,runner_up_selected,minimum_public_pattern_departures_per_service_day,minimum_public_pattern_departures_per_year,population_access_auc_5_10,worst_municipality_access_auc_5_10,resident_access_service_opportunity_index,worst_municipality_access_service_opportunity_index,territorial_worker_od_service_opportunity_upper_bound,accessibility_utility_is_passenger_trip_count,accessibility_utility_is_modal_share,weighted_composite_score_used,accessibility_utility_frontier_member
P2STRATUM_0847b7be11011c49,1,P2SERVICE_9b424c4cc2355f00,P2PLAN_419e6fd66e5554c2,"[""P2SERVICE_9b424c4cc2355f00""]","[""P2PLAN_419e6fd66e5554c2""]","[""blank_slate"",""single_compact_loop""]",false,RELIABILITY_INCOMPLETE_ROUTES_THEN_FLEET__SIMPLICITY_ROUTE_COUNT__BUS_KM__FIELD_CHECKS_PROPOSED_STOPS__EXISTING_STOP_CONTINUITY,0.052721762669,0.137326479142,0.188415932881,0.0,0.006505370732,0.009189912991,139.0,0.9936708860759493,960,260,20,1,16.626576251291834,1,2,1,103801.37221,0,0,2,ROBUST_PASSENGER_UNRESTRICTED;ROBUST_PASSENGER_FREQUENT_30,false,false,48,12480,0.12216295494790001,0.0050906679642,1524.593677749792,63.531536193216006,1734720.0,false,false,false,true
P2STRATUM_0dc31cac1abc1426,1,P2SERVICE_e0449b649cc8139f,P2PLAN_b9e9845d1c48cf7f,"[""P2SERVICE_e0449b649cc8139f""]","[""P2PLAN_b9e9845d1c48cf7f""]","[""blank_slate"",""single_compact_loop""]",false,RELIABILITY_INCOMPLETE_ROUTES_THEN_FLEET__SIMPLICITY_ROUTE_COUNT__BUS_KM__FIELD_CHECKS_PROPOSED_STOPS__EXISTING_STOP_CONTINUITY,0.089500296527,0.202591291596,0.257446122229,0.033694851388,0.055548320348,0.063137253657,1234.0,0.9893617021276596,960,365,60,1,32.407145393894226,1,1,1,87776.91067,1,1,3,ROBUST_PASSENGER_UNRESTRICTED,false,false,16,5840,0.1796349592019,0.050510066321799996,1049.068161739096,294.97878731931195,7206560.0,false,false,false,true
P2STRATUM_0e59e8db26f9d919,1,P2SERVICE_4e7f524485025064,P2PLAN_56111dfce332aa17,"[""P2SERVICE_4e7f524485025064""]","[""P2PLAN_56111dfce332aa17""]","[""blank_slate"",""single_compact_loop""]",false,RELIABILITY_INCOMPLETE_ROUTES_THEN_FLEET__SIMPLICITY_ROUTE_COUNT__BUS_KM__FIELD_CHECKS_PROPOSED_STOPS__EXISTING_STOP_CONTINUITY,0.07116275898,0.201605561666,0.300731020634,0.0,0.0,0.000465712767,375.0,0.9841269841269841,960,365,30,2,22.92622339364612,1,2,1,110012.148389,1,1,2,ROBUST_PASSENGER_UNRESTRICTED;ROBUST_PASSENGER_FREQUENT_30,false,false,32,11680,0.18229781265380002,9.31425534e-05,2129.238451796384,1.087905023712,4380000.0,false,false,false,true
P2STRATUM_117121b864d76629,1,P2SERVICE_d3ba896091bf5160,P2PLAN_0acd243442e38824,"[""P2SERVICE_d3ba896091bf5160""]","[""P2PLAN_0acd243442e38824""]","[""blank_slate"",""single_compact_loop""]",false,RELIABILITY_INCOMPLETE_ROUTES_THEN_FLEET__SIMPLICITY_ROUTE_COUNT__BUS_KM__FIELD_CHECKS_PROPOSED_STOPS__EXISTING_STOP_CONTINUITY,0.050395480412,0.124184246283,0.182836849837,0.0,5.0341214e-05,0.009189912991,221.0,0.9726775956284153,1110,260,20,5,18.35078854023645,1,2,1,96110.241928,1,1,1,ROBUST_PASSENGER_UNRESTRICTED;ROBUST_PASSENGER_FREQUENT_30,false,false,55,14300,0.1137781372325,0.0018631532052,1627.0273624247502,26.64309083436,3160300.0,false,false,false,true
P2STRATUM_13a9c7f764de9879,1,P2SERVICE_d432f889862a7a0f,P2PLAN_2cebed4b1ff22cc0,"[""P2SERVICE_d432f889862a7a0f""]","[""P2PLAN_2cebed4b1ff22cc0""]","[""blank_slate"",""single_compact_loop""]",false,RELIABILITY_INCOMPLETE_ROUTES_THEN_FLEET__SIMPLICITY_ROUTE_COUNT__BUS_KM__FIELD_CHECKS_PROPOSED_STOPS__EXISTING_STOP_CONTINUITY,0.069467514842,0.167197901645,0.242930055834,0.033694851388,0.055548320348,0.063137253657,641.0,0.9727891156462585,1110,260,30,4,21.55732899978161,1,2,1,105742.391477,1,1,2,ROBUST_PASSENGER_UNRESTRICTED;ROBUST_PASSENGER_FREQUENT_30,false,false,37,9620,0.1530252164419,0.050510066321799996,1472.102582171078,485.90683801571595,6166420.0,false,false,false,true
P2STRATUM_16ccb474eaa1f422,1,P2SERVICE_eb8531f42b46e5bd,P2PLAN_cfad0a929373bc35,"[""P2SERVICE_eb8531f42b46e5bd""]","[""P2PLAN_cfad0a929373bc35""]","[""hybrid_interlined"",""two_radial_out_and_back_feeders""]",false,RELIABILITY_INCOMPLETE_ROUTES_THEN_FLEET__SIMPLICITY_ROUTE_COUNT__BUS_KM__FIELD_CHECKS_PROPOSED_STOPS__EXISTING_STOP_CONTINUITY,0.07449182533,0.181798054319,0.21381531406,0.0,0.0,0.0,221.0,0.9819004524886877,1110,365,15,8,16.597620523831615,2,4,2,104691.825788,1,1,1,ROBUST_PASSENGER_UNRESTRICTED;ROBUST_PASSENGER_FREQUENT_30,false,false,74,27010,0.15600963757050001,0.0,4213.820310779205,0.0,5969210.0,false,false,false,true
P2STRATUM_18554c9de247d896,1,P2SERVICE_ca8dd1208524dfa0,P2PLAN_3034250503b87235,"[""P2SERVICE_ca8dd1208524dfa0""]","[""P2PLAN_3034250503b87235""]","[""hybrid_interlined"",""two_radial_out_and_back_feeders""]",false,RELIABILITY_INCOMPLETE_ROUTES_THEN_FLEET__SIMPLICITY_ROUTE_COUNT__BUS_KM__FIELD_CHECKS_PROPOSED_STOPS__EXISTING_STOP_CONTINUITY,0.06956360805,0.158096537257,0.204207321376,0.0,0.000465712767,0.013951238382,90.0,0.9863945578231292,1110,365,30,4,20.77641062861387,2,2,2,103550.849961,1,1,1,ROBUST_PASSENGER_UNRESTRICTED;ROBUST_PASSENGER_FREQUENT_30,false,false,37,13505,0.1407588153187,0.0030231040599,1900.9478008790434,40.8270203289495,1215450.0,false,false,false,true
P2STRATUM_1ad9526ad6c20d95,1,P2SERVICE_9f2da04444e2b35c,P2PLAN_296e01dca19e5860,"[""P2SERVICE_9f2da04444e2b35c""]","[""P2PLAN_296e01dca19e5860""]","[""hybrid_interlined"",""two_radial_out_and_back_feeders""]",false,RELIABILITY_INCOMPLETE_ROUTES_THEN_FLEET__SIMPLICITY_ROUTE_COUNT__BUS_KM__FIELD_CHECKS_PROPOSED_STOPS__EXISTING_STOP_CONTINUITY,0.05483752116,0.153529561677,0.208416350158,0.0,0.0,0.000465712767,0.0,0.9921465968586387,960,260,15,3,17.12756823766387,2,4,2,94807.194527,1,1,1,ROBUST_PASSENGER_UNRESTRICTED;ROBUST_PASSENGER_FREQUENT_30,false,false,64,16640,0.1348993072181,9.31425534e-05,2244.7244721091843,1.5498920885760001,0.0,false,false,false,true
P2STRATUM_1c13b4ff658bbba7,1,P2SERVICE_9fcf338149062512,P2PLAN_07b3709044a1562c,"[""P2SERVICE_9fcf338149062512""]","[""P2PLAN_07b3709044a1562c""]","[""blank_slate"",""single_compact_loop""]",false,RELIABILITY_INCOMPLETE_ROUTES_THEN_FLEET__SIMPLICITY_ROUTE_COUNT__BUS_KM__FIELD_CHECKS_PROPOSED_STOPS__EXISTING_STOP_CONTINUITY,0.080372653546,0.185898617437,0.248125028858,0.0,0.006505370732,0.009189912991,490.0,0.9727891156462585,1110,260,30,4,20.553082156831614,1,2,1,108006.144471,0,0,3,ROBUST_PASSENGER_UNRESTRICTED;ROBUST_PASSENGER_FREQUENT_30,false,false,37,9620,0.1666861105539,0.0050906679642,1603.520383528518,48.972225815604006,4713800.0,false,false,false,true
P2STRATUM_1c3007b3d0514ca9,1,P2SERVICE_e53b93a34970bbe2,P2PLAN_896a66417fb49dfb,"[""P2SERVICE_e53b93a34970bbe2""]","[""P2PLAN_896a66417fb49dfb""]","[""blank_slate"",""single_compact_loop""]",false,RELIABILITY_INCOMPLETE_ROUTES_THEN_FLEET__SIMPLICITY_ROUTE_COUNT__BUS_KM__FIELD_CHECKS_PROPOSED_STOPS__EXISTING_STOP_CONTINUITY,0.068897859842,0.172124806725,0.259135154709,0.0,0.017816214136,0.115619645938,134.0,0.9727891156462585,1110,260,30,4,21.46897466733162,1,2,1,107244.129985,0,0,2,ROBUST_PASSENGER_UNRESTRICTED;ROBUST_PASSENGER_FREQUENT_30,false,false,37,9620,0.1585587922569,0.0320320362556,1525.335581511378,308.148188778872,1289080.0,false,false,false,true
P2STRATUM_1cbd249f8a094481,1,P2SERVICE_c2985762eddf9144,P2PLAN_a92692f05958cba8,"[""P2SERVICE_c2985762eddf9144""]","[""P2PLAN_a92692f05958cba8""]","[""blank_slate"",""single_compact_loop""]",false,RELIABILITY_INCOMPLETE_ROUTES_THEN_FLEET__SIMPLICITY_ROUTE_COUNT__BUS_KM__FIELD_CHECKS_PROPOSED_STOPS__EXISTING_STOP_CONTINUITY,0.095795133313,0.252397441406,0.364011177271,0.034857470318,0.131290820698,0.175453129957,567.0,0.9908256880733946,1110,365,60,1,32.23915631821894,1,1,1,108954.452169,1,1,3,ROBUST_PASSENGER_UNRESTRICTED,false,false,19,6935,0.22773949615109998,0.11119327743579999,1579.3734058078783,771.125379017273,3932145.0,false,false,false,true
P2STRATUM_20506960e8a7e43c,1,P2SERVICE_d41b8f330c3af6a0,P2PLAN_459dac1ab082696a,"[""P2SERVICE_d41b8f330c3af6a0""]","[""P2PLAN_459dac1ab082696a""]","[""hybrid_interlined"",""two_radial_out_and_back_feeders""]",false,RELIABILITY_INCOMPLETE_ROUTES_THEN_FLEET__SIMPLICITY_ROUTE_COUNT__BUS_KM__FIELD_CHECKS_PROPOSED_STOPS__EXISTING_STOP_CONTINUITY,0.054041232219,0.126931299645,0.183037387245,5.0341214e-05,5.0341214e-05,0.010743097632,356.0,0.984375,960,365,30,4,20.77641062861387,2,2,2,104519.066535,1,1,1,ROBUST_PASSENGER_UNRESTRICTED;ROBUST_PASSENGER_FREQUENT_30,false,false,32,11680,0.1162854969372,0.0021888924976,1358.214604226496,25.566264371968,4158080.0,false,false,false,true
P2STRATUM_294f60d856a81d68,1,P2SERVICE_9ac24bdb2ac93864,P2PLAN_0aac7503dc88e8d1,"[""P2SERVICE_9ac24bdb2ac93864""]","[""P2PLAN_0aac7503dc88e8d1""]","[""blank_slate"",""single_compact_loop""]",false,RELIABILITY_INCOMPLETE_ROUTES_THEN_FLEET__SIMPLICITY_ROUTE_COUNT__BUS_KM__FIELD_CHECKS_PROPOSED_STOPS__EXISTING_STOP_CONTINUITY,0.095674794311,0.223651318187,0.314206133096,0.0,5.0341214e-05,5.0341214e-05,733.0,0.9920634920634921,960,260,30,1,24.64200558596387,1,2,1,111003.362047,1,1,3,ROBUST_PASSENGER_UNRESTRICTED;ROBUST_PASSENGER_FREQUENT_30,false,false,32,8320,0.203369324006,3.52388498e-05,1692.0327757299199,0.29318723033599997,6098560.0,false,false,false,true
P2STRATUM_3210f3ae6236296b,1,P2SERVICE_5a77c5fa953b7786,P2PLAN_394fa5ef462feff0,"[""P2SERVICE_5a77c5fa953b7786""]","[""P2PLAN_394fa5ef462feff0""]","[""blank_slate"",""single_compact_loop""]",false,RELIABILITY_INCOMPLETE_ROUTES_THEN_FLEET__SIMPLICITY_ROUTE_COUNT__BUS_KM__FIELD_CHECKS_PROPOSED_STOPS__EXISTING_STOP_CONTINUITY,0.077946993066,0.176712697266,0.228335808863,0.0,0.000465712767,0.009189912991,221.0,0.9727891156462585,1110,312,30,4,20.569426802581614,1,2,1,110455.583005,2,2,1,ROBUST_PASSENGER_UNRESTRICTED;ROBUST_PASSENGER_FREQUENT_30,false,false,37,11544,0.1574076083254,0.0020708389817,1817.1134305084174,23.905765204744803,2551224.0,false,false,false,true
P2STRATUM_41a91051d4b40a26,1,P2SERVICE_4943f6c057dd1069,P2PLAN_5e40b78d68a95118,"[""P2SERVICE_4943f6c057dd1069""]","[""P2PLAN_5e40b78d68a95118""]","[""blank_slate"",""single_compact_loop""]",false,RELIABILITY_INCOMPLETE_ROUTES_THEN_FLEET__SIMPLICITY_ROUTE_COUNT__BUS_KM__FIELD_CHECKS_PROPOSED_STOPS__EXISTING_STOP_CONTINUITY,0.07116275898,0.201605561666,0.300731020634,0.0,0.0,0.000465712767,375.0,0.9862068965517241,1110,312,30,2,20.767315188181612,1,2,1,108731.185018,1,1,2,ROBUST_PASSENGER_UNRESTRICTED;ROBUST_PASSENGER_FREQUENT_30,false,false,37,11544,0.18229781265380002,9.31425534e-05,2104.4459492754672,1.0752376364496001,4329000.0,false,false,false,true
P2STRATUM_41b2b6c71261b45c,1,P2SERVICE_64a4b941a4afa074,P2PLAN_c2a278ffcd6900e8,"[""P2SERVICE_64a4b941a4afa074""]","[""P2PLAN_c2a278ffcd6900e8""]","[""blank_slate"",""single_compact_loop""]",false,RELIABILITY_INCOMPLETE_ROUTES_THEN_FLEET__SIMPLICITY_ROUTE_COUNT__BUS_KM__FIELD_CHECKS_PROPOSED_STOPS__EXISTING_STOP_CONTINUITY,0.09851741113,0.234141220948,0.278320318096,0.0,0.0,0.0,221.0,0.9873417721518988,960,312,20,2,16.09326380733738,1,2,1,106227.265997,2,2,2,ROBUST_PASSENGER_UNRESTRICTED;ROBUST_PASSENGER_FREQUENT_30,false,false,48,14976,0.20228989743219997,0.0,3029.493503944627,0.0,3309696.0,false,false,false,true
P2STRATUM_4426fe3b1b0953ff,1,P2SERVICE_6cfff35ffab9e51b,P2PLAN_168cba6e1c0d8790,"[""P2SERVICE_6cfff35ffab9e51b""]","[""P2PLAN_168cba6e1c0d8790""]","[""hybrid_interlined"",""two_radial_out_and_back_feeders""]",false,RELIABILITY_INCOMPLETE_ROUTES_THEN_FLEET__SIMPLICITY_ROUTE_COUNT__BUS_KM__FIELD_CHECKS_PROPOSED_STOPS__EXISTING_STOP_CONTINUITY,0.081677995931,0.205999545234,0.268511581943,0.0,0.0,0.0,447.0,0.9874213836477987,960,260,20,4,16.13366974339657,2,4,2,104866.195949,0,0,2,ROBUST_PASSENGER_UNRESTRICTED;ROBUST_PASSENGER_FREQUENT_30,false,false,48,12480,0.1812054877849,0.0,2261.444487555552,0.0,5578560.0,false,false,false,true
P2STRATUM_49c88e7f121d59e6,1,P2SERVICE_a958f7873ed24089,P2PLAN_1a6ac4355ace8793,"[""P2SERVICE_a958f7873ed24089""]","[""P2PLAN_1a6ac4355ace8793""]","[""blank_slate"",""single_compact_loop""]",false,RELIABILITY_INCOMPLETE_ROUTES_THEN_FLEET__SIMPLICITY_ROUTE_COUNT__BUS_KM__FIELD_CHECKS_PROPOSED_STOPS__EXISTING_STOP_CONTINUITY,0.073553829665,0.17792427326,0.237261308075,0.0,0.000465712767,0.013951238382,134.0,0.9727891156462585,1110,312,30,4,20.73647481753162,1,2,1,105417.65718,2,2,1,ROBUST_PASSENGER_UNRESTRICTED;ROBUST_PASSENGER_FREQUENT_30,false,false,37,11544,0.15848054714450002,0.0030231040599,1829.4994362361083,34.8987132674856,1546896.0,false,false,false,true
P2STRATUM_4a56ffe115348014,1,P2SERVICE_2ff161ec7350a932,P2PLAN_9c6117821141b0e9,"[""P2SERVICE_2ff161ec7350a932""]","[""P2PLAN_9c6117821141b0e9""]","[""blank_slate"",""single_compact_loop""]",false,RELIABILITY_INCOMPLETE_ROUTES_THEN_FLEET__SIMPLICITY_ROUTE_COUNT__BUS_KM__FIELD_CHECKS_PROPOSED_STOPS__EXISTING_STOP_CONTINUITY,0.045296573172,0.114396599319,0.157293423644,5.0341214e-05,0.001838235294,0.011016508985,245.0,0.984375,960,365,30,2,20.331167627531617,1,2,1,108764.501465,1,1,1,ROBUST_PASSENGER_UNRESTRICTED;ROBUST_PASSENGER_FREQUENT_30,false,false,32,11680,0.1022459563399,0.0031375218082,1194.232770050032,36.646254719775996,2861600.0,false,false,false,true
P2STRATUM_4c8545961925c90a,1,P2SERVICE_9a39b1ce88769ce6,P2PLAN_3f292cde48930271,"[""P2SERVICE_9a39b1ce88769ce6""]","[""P2PLAN_3f292cde48930271""]","[""blank_slate"",""single_compact_loop""]",false,RELIABILITY_INCOMPLETE_ROUTES_THEN_FLEET__SIMPLICITY_ROUTE_COUNT__BUS_KM__FIELD_CHECKS_PROPOSED_STOPS__EXISTING_STOP_CONTINUITY,0.063693868975,0.140955820367,0.17857677038,0.0,0.0,0.0,643.0,0.9817351598173516,1110,312,15,4,16.79116075896278,1,2,1,104243.940431,1,1,1,ROBUST_PASSENGER_UNRESTRICTED;ROBUST_PASSENGER_FREQUENT_30,false,false,74,23088,0.125301424952,0.0,2892.959299291776,0.0,14845584.0,false,false,false,true
P2STRATUM_4ef12028e8195953,1,P2SERVICE_ce4b2bcfb36a43e8,P2PLAN_4543223edb046c62,"[""P2SERVICE_ce4b2bcfb36a43e8""]","[""P2PLAN_4543223edb046c62""]","[""blank_slate"",""single_compact_loop""]",false,RELIABILITY_INCOMPLETE_ROUTES_THEN_FLEET__SIMPLICITY_ROUTE_COUNT__BUS_KM__FIELD_CHECKS_PROPOSED_STOPS__EXISTING_STOP_CONTINUITY,0.081179345927,0.20256526837,0.296334373215,0.034222283209,0.131290820698,0.1719969483,567.0,0.9920634920634921,960,260,30,1,25.72016049646387,1,2,1,109240.178511,0,0,3,ROBUST_PASSENGER_UNRESTRICTED;ROBUST_PASSENGER_FREQUENT_30,false,false,32,8320,0.1849033126061,0.1103114849717,1538.3955608827519,917.791554964544,4717440.0,false,false,false,true
P2STRATUM_515f6971131eb958,1,P2SERVICE_4110c52a15320a2e,P2PLAN_6508ce433ac6d513,"[""P2SERVICE_4110c52a15320a2e""]","[""P2PLAN_6508ce433ac6d513""]","[""blank_slate"",""single_compact_loop""]",false,RELIABILITY_INCOMPLETE_ROUTES_THEN_FLEET__SIMPLICITY_ROUTE_COUNT__BUS_KM__FIELD_CHECKS_PROPOSED_STOPS__EXISTING_STOP_CONTINUITY,0.055990090942,0.158428724316,0.212977207792,0.0,5.0341214e-05,5.0341214e-05,221.0,0.9726775956284153,1110,260,20,5,17.82501186078645,1,2,1,100428.474932,1,1,2,ROBUST_PASSENGER_UNRESTRICTED;ROBUST_PASSENGER_FREQUENT_30,false,false,55,14300,0.138606830999,3.52388498e-05,1982.0776832857,0.50391555214,3160300.0,false,false,false,true
P2STRATUM_55ca1b25dbee01e9,1,P2SERVICE_32367ed31984e3fa,P2PLAN_6558b24032c04856,"[""P2SERVICE_32367ed31984e3fa""]","[""P2PLAN_6558b24032c04856""]","[""blank_slate"",""single_compact_loop""]",false,RELIABILITY_INCOMPLETE_ROUTES_THEN_FLEET__SIMPLICITY_ROUTE_COUNT__BUS_KM__FIELD_CHECKS_PROPOSED_STOPS__EXISTING_STOP_CONTINUITY,0.088034123665,0.190938038621,0.250227822014,0.023017925773,0.050908041569,0.063137253657,90.0,0.9873417721518988,960,260,20,2,16.696094165121597,1,3,1,109947.967958,1,1,3,ROBUST_PASSENGER_UNRESTRICTED;ROBUST_PASSENGER_FREQUENT_30,false,false,48,12480,0.1719248208128,0.0449868492478,2145.621763743744,561.435878612544,1123200.0,false,false,false,true
P2STRATUM_589971f82442a882,1,P2SERVICE_ac14638fd058ee3c,P2PLAN_7c811f5fd7a4b0a3,"[""P2SERVICE_ac14638fd058ee3c""]","[""P2PLAN_7c811f5fd7a4b0a3""]","[""blank_slate"",""single_compact_loop""]",false,RELIABILITY_INCOMPLETE_ROUTES_THEN_FLEET__SIMPLICITY_ROUTE_COUNT__BUS_KM__FIELD_CHECKS_PROPOSED_STOPS__EXISTING_STOP_CONTINUITY,0.08020850393,0.182972398272,0.263106451939,0.0,0.002260418981,0.020638447805,753.0,0.9908256880733946,1110,365,60,1,32.18893940681894,1,1,1,101441.825,3,3,1,ROBUST_PASSENGER_UNRESTRICTED,false,false,19,6935,0.1681700407028,0.0052578990515,1166.259232273918,36.4635299221525,5222055.0,false,false,false,true
P2STRATUM_5bd7c84ae84ff304,1,P2SERVICE_117a81152e241bdf,P2PLAN_c45826f2e31efbdb,"[""P2SERVICE_117a81152e241bdf""]","[""P2PLAN_c45826f2e31efbdb""]","[""blank_slate"",""single_compact_loop""]",false,RELIABILITY_INCOMPLETE_ROUTES_THEN_FLEET__SIMPLICITY_ROUTE_COUNT__BUS_KM__FIELD_CHECKS_PROPOSED_STOPS__EXISTING_STOP_CONTINUITY,0.048909513855,0.14153850532,0.224048708529,0.0,0.019833047594,0.093473095134,753.0,0.9908256880733946,1110,365,60,1,24.842076715681618,1,1,1,107259.77235,2,2,1,ROBUST_PASSENGER_UNRESTRICTED,false,false,19,6935,0.1302518485223,0.0286111428238,903.2965695021505,198.418275483053,5222055.0,false,false,false,true
P2STRATUM_5c9076a44439c51f,1,P2SERVICE_2cd80a1175d24055,P2PLAN_02d05e32f74774dd,"[""P2SERVICE_2cd80a1175d24055""]","[""P2PLAN_02d05e32f74774dd""]","[""blank_slate"",""single_compact_loop""]",false,RELIABILITY_INCOMPLETE_ROUTES_THEN_FLEET__SIMPLICITY_ROUTE_COUNT__BUS_KM__FIELD_CHECKS_PROPOSED_STOPS__EXISTING_STOP_CONTINUITY,0.069467514842,0.167197901645,0.242930055834,0.033694851388,0.055548320348,0.063137253657,641.0,0.984375,960,312,30,2,22.911224758146123,1,2,1,109743.454939,1,1,2,ROBUST_PASSENGER_UNRESTRICTED;ROBUST_PASSENGER_FREQUENT_30,false,false,32,9984,0.1530252164419,0.050510066321799996,1527.8037609559296,504.2925021568511,6399744.0,false,false,false,true
P2STRATUM_605ac8232fb56a85,1,P2SERVICE_94c90443b6c8b686,P2PLAN_ce88678e4093d45d,"[""P2SERVICE_94c90443b6c8b686""]","[""P2PLAN_ce88678e4093d45d""]","[""blank_slate"",""single_compact_loop""]",false,RELIABILITY_INCOMPLETE_ROUTES_THEN_FLEET__SIMPLICITY_ROUTE_COUNT__BUS_KM__FIELD_CHECKS_PROPOSED_STOPS__EXISTING_STOP_CONTINUITY,0.06319969283,0.166724548334,0.203069918834,0.0,0.0,0.0,490.0,0.9947368421052631,960,260,15,1,16.299616738049583,1,2,1,94833.463096,1,1,1,ROBUST_PASSENGER_UNRESTRICTED;ROBUST_PASSENGER_FREQUENT_30,false,false,64,16640,0.14293616578280002,0.0,2378.4577986257923,0.0,8153600.0,false,false,false,true
P2STRATUM_60b88b785a1ff4e5,1,P2SERVICE_a011b15def66e0ea,P2PLAN_6dbe7616bb3e9151,"[""P2SERVICE_a011b15def66e0ea""]","[""P2PLAN_6dbe7616bb3e9151""]","[""blank_slate"",""single_compact_loop""]",false,RELIABILITY_INCOMPLETE_ROUTES_THEN_FLEET__SIMPLICITY_ROUTE_COUNT__BUS_KM__FIELD_CHECKS_PROPOSED_STOPS__EXISTING_STOP_CONTINUITY,0.077922907049,0.197092455187,0.253408341817,0.0,0.0,0.0,221.0,0.9873417721518988,960,365,20,2,16.510214562641835,1,2,1,107836.15449,0,0,2,ROBUST_PASSENGER_UNRESTRICTED;ROBUST_PASSENGER_FREQUENT_30,false,false,48,17520,0.1726047680716,0.0,3024.0355366144317,0.0,3871920.0,false,false,false,true
P2STRATUM_62a4d28c79ae595f,1,P2SERVICE_514cbd6838f4229b,P2PLAN_1ed385aac063e524,"[""P2SERVICE_514cbd6838f4229b""]","[""P2PLAN_1ed385aac063e524""]","[""blank_slate"",""single_compact_loop""]",false,RELIABILITY_INCOMPLETE_ROUTES_THEN_FLEET__SIMPLICITY_ROUTE_COUNT__BUS_KM__FIELD_CHECKS_PROPOSED_STOPS__EXISTING_STOP_CONTINUITY,0.080335421758,0.204655275342,0.247658135595,0.0,0.0,0.0,221.0,0.9894736842105263,960,365,15,2,17.125361709799584,1,2,1,105908.9021,1,1,1,ROBUST_PASSENGER_UNRESTRICTED;ROBUST_PASSENGER_FREQUENT_30,false,false,64,23360,0.1759598913174,0.0,4110.423061174464,0.0,5162560.0,false,false,false,true
P2STRATUM_62b01d29a3d3008b,1,P2SERVICE_ff8e3f29b9588366,P2PLAN_14c22a06ed9a4859,"[""P2SERVICE_ff8e3f29b9588366""]","[""P2PLAN_14c22a06ed9a4859""]","[""blank_slate"",""single_compact_loop""]",false,RELIABILITY_INCOMPLETE_ROUTES_THEN_FLEET__SIMPLICITY_ROUTE_COUNT__BUS_KM__FIELD_CHECKS_PROPOSED_STOPS__EXISTING_STOP_CONTINUITY,0.06319969283,0.166724548334,0.203069918834,0.0,0.0,0.0,490.0,0.9817351598173516,1110,260,15,4,16.265157432221653,1,2,1,109651.191705,1,1,1,ROBUST_PASSENGER_UNRESTRICTED;ROBUST_PASSENGER_FREQUENT_30,false,false,74,19240,0.14293616578280002,0.0,2750.0918296610726,0.0,9427600.0,false,false,false,true
P2STRATUM_6615c6d7d2ef619a,1,P2SERVICE_cf50ab5e46392e1d,P2PLAN_44296877a0e488df,"[""P2SERVICE_cf50ab5e46392e1d""]","[""P2PLAN_44296877a0e488df""]","[""hybrid_interlined"",""two_radial_out_and_back_feeders""]",false,RELIABILITY_INCOMPLETE_ROUTES_THEN_FLEET__SIMPLICITY_ROUTE_COUNT__BUS_KM__FIELD_CHECKS_PROPOSED_STOPS__EXISTING_STOP_CONTINUITY,0.05483752116,0.153529561677,0.208416350158,0.0,0.0,0.000465712767,0.0,0.9796380090497737,1110,260,15,9,16.59357524452555,2,4,2,109620.818672,1,1,1,ROBUST_PASSENGER_UNRESTRICTED;ROBUST_PASSENGER_FREQUENT_30,false,false,74,19240,0.1348993072181,9.31425534e-05,2595.462670876244,1.7920627274160001,0.0,false,false,false,true
P2STRATUM_697d0351847bf220,1,P2SERVICE_35d42b278265351e,P2PLAN_46f3d8d3f3f99ff3,"[""P2SERVICE_35d42b278265351e""]","[""P2PLAN_46f3d8d3f3f99ff3""]","[""blank_slate"",""single_compact_loop""]",false,RELIABILITY_INCOMPLETE_ROUTES_THEN_FLEET__SIMPLICITY_ROUTE_COUNT__BUS_KM__FIELD_CHECKS_PROPOSED_STOPS__EXISTING_STOP_CONTINUITY,0.050395480412,0.124184246283,0.182836849837,0.0,5.0341214e-05,0.009189912991,221.0,0.9873417721518988,960,312,20,2,18.371699719147013,1,2,1,100653.635182,1,1,1,ROBUST_PASSENGER_UNRESTRICTED;ROBUST_PASSENGER_FREQUENT_30,false,false,48,14976,0.1137781372325,0.0018631532052,1703.94138319392,27.9025824010752,3309696.0,false,false,false,true
P2STRATUM_72be2a212f95346c,1,P2SERVICE_833fb9addc92de21,P2PLAN_246ac789dc137623,"[""P2SERVICE_833fb9addc92de21""]","[""P2PLAN_246ac789dc137623""]","[""blank_slate"",""single_compact_loop""]",false,RELIABILITY_INCOMPLETE_ROUTES_THEN_FLEET__SIMPLICITY_ROUTE_COUNT__BUS_KM__FIELD_CHECKS_PROPOSED_STOPS__EXISTING_STOP_CONTINUITY,0.04676944458,0.121359780663,0.186539274648,0.0,0.0,0.0,643.0,0.9873417721518988,960,365,20,2,16.473691613541835,1,2,1,108882.874294,2,2,0,ROBUST_PASSENGER_UNRESTRICTED;ROBUST_PASSENGER_FREQUENT_30,false,false,48,17520,0.11201857863510001,0.0,1962.565497686952,0.0,11265360.0,false,false,false,true
P2STRATUM_75380d5c7d444178,1,P2SERVICE_cdf1eda34920b797,P2PLAN_7785bcb5c163b7bd,"[""P2SERVICE_cdf1eda34920b797""]","[""P2PLAN_7785bcb5c163b7bd""]","[""blank_slate"",""single_compact_loop""]",false,RELIABILITY_INCOMPLETE_ROUTES_THEN_FLEET__SIMPLICITY_ROUTE_COUNT__BUS_KM__FIELD_CHECKS_PROPOSED_STOPS__EXISTING_STOP_CONTINUITY,0.07279992348,0.178639244681,0.216419586923,0.0,0.0,0.0,356.0,0.9947368421052631,960,260,15,1,16.379667232749583,1,2,1,106530.666511,0,0,2,ROBUST_PASSENGER_UNRESTRICTED;ROBUST_PASSENGER_FREQUENT_30,false,false,64,16640,0.1544435167691,0.0,2569.940119037824,0.0,5923840.0,false,false,false,true
P2STRATUM_875a2657c9c6e14c,1,P2SERVICE_9bee006fac6d0fa9,P2PLAN_cec7e02e6d491ee5,"[""P2SERVICE_9bee006fac6d0fa9""]","[""P2PLAN_cec7e02e6d491ee5""]","[""blank_slate"",""single_compact_loop""]",false,RELIABILITY_INCOMPLETE_ROUTES_THEN_FLEET__SIMPLICITY_ROUTE_COUNT__BUS_KM__FIELD_CHECKS_PROPOSED_STOPS__EXISTING_STOP_CONTINUITY,0.065917856243,0.155349483895,0.204006783968,0.0,0.000465712767,0.009189912991,0.0,0.9817351598173516,1110,260,15,4,17.037241927221654,1,3,1,108900.079113,1,1,1,ROBUST_PASSENGER_UNRESTRICTED;ROBUST_PASSENGER_FREQUENT_30,false,false,74,19240,0.138251455614,0.0020708389817,2659.9580060133603,39.842942007908,0.0,false,false,false,true
P2STRATUM_8b49ebe381ce89a1,1,P2SERVICE_8f5c518d34d9dad5,P2PLAN_49027f5fccbe2799,"[""P2SERVICE_8f5c518d34d9dad5""]","[""P2PLAN_49027f5fccbe2799""]","[""blank_slate"",""single_compact_loop""]",false,RELIABILITY_INCOMPLETE_ROUTES_THEN_FLEET__SIMPLICITY_ROUTE_COUNT__BUS_KM__FIELD_CHECKS_PROPOSED_STOPS__EXISTING_STOP_CONTINUITY,0.063693868975,0.140955820367,0.17857677038,0.0,0.0,0.0,643.0,0.9947368421052631,960,365,15,1,16.825620064790712,1,2,1,105472.039522,1,1,1,ROBUST_PASSENGER_UNRESTRICTED;ROBUST_PASSENGER_FREQUENT_30,false,false,64,23360,0.125301424952,0.0,2927.04128687872,0.0,15020480.0,false,false,false,true
P2STRATUM_8f883fd41230a33a,1,P2SERVICE_2c8b588824bddea3,P2PLAN_9dd6bba7a97bcf9c,"[""P2SERVICE_2c8b588824bddea3""]","[""P2PLAN_9dd6bba7a97bcf9c""]","[""blank_slate"",""single_compact_loop""]",false,RELIABILITY_INCOMPLETE_ROUTES_THEN_FLEET__SIMPLICITY_ROUTE_COUNT__BUS_KM__FIELD_CHECKS_PROPOSED_STOPS__EXISTING_STOP_CONTINUITY,0.060460001139,0.174186053443,0.244271439176,0.0,0.006505370732,0.009189912991,490.0,0.9841269841269841,960,312,30,2,22.41255667694612,1,2,1,107558.568819,2,2,2,ROBUST_PASSENGER_UNRESTRICTED;ROBUST_PASSENGER_FREQUENT_30,false,false,32,9984,0.1540853148984,0.0050906679642,1538.3877839456256,50.8252289545728,4892160.0,false,false,false,true
P2STRATUM_9608294ce7e6a82d,1,P2SERVICE_544babdc478036d3,P2PLAN_0185db16aba79177,"[""P2SERVICE_544babdc478036d3""]","[""P2PLAN_0185db16aba79177""]","[""hybrid_interlined"",""two_radial_out_and_back_feeders""]",false,RELIABILITY_INCOMPLETE_ROUTES_THEN_FLEET__SIMPLICITY_ROUTE_COUNT__BUS_KM__FIELD_CHECKS_PROPOSED_STOPS__EXISTING_STOP_CONTINUITY,0.054041232219,0.126931299645,0.183037387245,5.0341214e-05,5.0341214e-05,0.010743097632,356.0,0.9863945578231292,1110,312,30,4,20.77641062861387,2,2,2,103302.063705,1,1,1,ROBUST_PASSENGER_UNRESTRICTED;ROBUST_PASSENGER_FREQUENT_30,false,false,37,11544,0.1162854969372,0.0021888924976,1342.3997766430368,25.268574992294397,4109664.0,false,false,false,true
P2STRATUM_968d2f671a7486c3,1,P2SERVICE_882dce9fcfa7cc65,P2PLAN_11a0a12ba0b1b799,"[""P2SERVICE_882dce9fcfa7cc65""]","[""P2PLAN_11a0a12ba0b1b799""]","[""blank_slate"",""single_compact_loop""]",false,RELIABILITY_INCOMPLETE_ROUTES_THEN_FLEET__SIMPLICITY_ROUTE_COUNT__BUS_KM__FIELD_CHECKS_PROPOSED_STOPS__EXISTING_STOP_CONTINUITY,0.070148721939,0.189422990515,0.252829648743,0.033694851388,0.055548320348,0.063137253657,641.0,0.9841269841269841,960,260,30,2,22.748855355796124,1,2,1,100626.227404,1,1,2,ROBUST_PASSENGER_UNRESTRICTED;ROBUST_PASSENGER_FREQUENT_30,false,false,32,8320,0.1663220415878,0.050510066321799996,1383.7993860104962,420.243751797376,5333120.0,false,false,false,true
P2STRATUM_9fdacc466f0bca8a,1,P2SERVICE_27fd3b760af19e5f,P2PLAN_c038e6a5b4f14c54,"[""P2SERVICE_27fd3b760af19e5f""]","[""P2PLAN_c038e6a5b4f14c54""]","[""blank_slate"",""single_compact_loop""]",false,RELIABILITY_INCOMPLETE_ROUTES_THEN_FLEET__SIMPLICITY_ROUTE_COUNT__BUS_KM__FIELD_CHECKS_PROPOSED_STOPS__EXISTING_STOP_CONTINUITY,0.055990090942,0.158428724316,0.212977207792,0.0,5.0341214e-05,5.0341214e-05,221.0,0.9873417721518988,960,312,20,2,17.845923039697016,1,2,1,105176.002838,1,1,2,ROBUST_PASSENGER_UNRESTRICTED;ROBUST_PASSENGER_FREQUENT_30,false,false,48,14976,0.138606830999,3.52388498e-05,2075.775901041024,0.5277370146047999,3309696.0,false,false,false,true
P2STRATUM_9fe9d87e81b4ce54,1,P2SERVICE_4c1a2744b41c05ec,P2PLAN_54789cebec451191,"[""P2SERVICE_4c1a2744b41c05ec""]","[""P2PLAN_54789cebec451191""]","[""hybrid_interlined"",""two_radial_out_and_back_feeders""]",false,RELIABILITY_INCOMPLETE_ROUTES_THEN_FLEET__SIMPLICITY_ROUTE_COUNT__BUS_KM__FIELD_CHECKS_PROPOSED_STOPS__EXISTING_STOP_CONTINUITY,0.066999800132,0.184082395339,0.263065498573,0.0,0.0,0.000465712767,134.0,0.9873417721518988,960,260,20,4,16.580338277559033,2,4,2,107266.136028,1,1,1,ROBUST_PASSENGER_UNRESTRICTED;ROBUST_PASSENGER_FREQUENT_30,false,false,48,12480,0.16475423742370002,9.31425534e-05,2056.1328830477764,1.162419066432,1672320.0,false,false,false,true
P2STRATUM_a07c2c7b3b1fd404,1,P2SERVICE_c88356679e4ec210,P2PLAN_06b6b389dad0888e,"[""P2SERVICE_c88356679e4ec210""]","[""P2PLAN_06b6b389dad0888e""]","[""blank_slate"",""single_compact_loop""]",false,RELIABILITY_INCOMPLETE_ROUTES_THEN_FLEET__SIMPLICITY_ROUTE_COUNT__BUS_KM__FIELD_CHECKS_PROPOSED_STOPS__EXISTING_STOP_CONTINUITY,0.095430465648,0.217128947577,0.253311237537,0.0,0.0,0.0,221.0,0.9947368421052631,960,312,15,1,16.539172764399584,1,2,1,98667.344176,1,1,2,ROBUST_PASSENGER_UNRESTRICTED;ROBUST_PASSENGER_FREQUENT_30,false,false,64,19968,0.1878558609903,0.0,3751.1058322543104,0.0,4412928.0,false,false,false,true
P2STRATUM_a4e54a7317c2f039,1,P2SERVICE_b93a3aa7dae843d6,P2PLAN_39e022cd96f3ccba,"[""P2SERVICE_b93a3aa7dae843d6""]","[""P2PLAN_39e022cd96f3ccba""]","[""blank_slate"",""single_compact_loop""]",false,RELIABILITY_INCOMPLETE_ROUTES_THEN_FLEET__SIMPLICITY_ROUTE_COUNT__BUS_KM__FIELD_CHECKS_PROPOSED_STOPS__EXISTING_STOP_CONTINUITY,0.089500296527,0.202591291596,0.257446122229,0.033694851388,0.055548320348,0.063137253657,1234.0,0.981651376146789,1110,365,60,2,32.49674636746387,1,1,1,104235.081421,1,1,3,ROBUST_PASSENGER_UNRESTRICTED,false,false,19,6935,0.1796349592019,0.050510066321799996,1245.7684420651765,350.28730994168296,8557790.0,false,false,false,true
P2STRATUM_a65b07519b5251a2,1,P2SERVICE_fa612b94d90b0bf3,P2PLAN_4f72d5ccc4efc40b,"[""P2SERVICE_fa612b94d90b0bf3""]","[""P2PLAN_4f72d5ccc4efc40b""]","[""blank_slate"",""single_compact_loop""]",false,RELIABILITY_INCOMPLETE_ROUTES_THEN_FLEET__SIMPLICITY_ROUTE_COUNT__BUS_KM__FIELD_CHECKS_PROPOSED_STOPS__EXISTING_STOP_CONTINUITY,0.068897859842,0.172124806725,0.259135154709,0.0,0.017816214136,0.115619645938,134.0,0.984375,960,312,30,2,22.55323612959612,1,2,1,111302.015985,0,0,2,ROBUST_PASSENGER_UNRESTRICTED;ROBUST_PASSENGER_FREQUENT_30,false,false,32,9984,0.1585587922569,0.0320320362556,1583.0509818928897,319.8078499759104,1337856.0,false,false,false,true
P2STRATUM_b6b74e69c6608225,1,P2SERVICE_8cc5ba218d183661,P2PLAN_381ab2b134432562,"[""P2SERVICE_8cc5ba218d183661""]","[""P2PLAN_381ab2b134432562""]","[""blank_slate"",""single_compact_loop""]",false,RELIABILITY_INCOMPLETE_ROUTES_THEN_FLEET__SIMPLICITY_ROUTE_COUNT__BUS_KM__FIELD_CHECKS_PROPOSED_STOPS__EXISTING_STOP_CONTINUITY,0.065917856243,0.155349483895,0.204006783968,0.0,0.000465712767,0.009189912991,0.0,0.9894736842105263,960,260,15,2,17.071701233049584,1,3,1,94183.852206,1,1,1,ROBUST_PASSENGER_UNRESTRICTED;ROBUST_PASSENGER_FREQUENT_30,false,false,64,16640,0.138251455614,0.0020708389817,2300.5042214169603,34.458760655488,0.0,false,false,false,true
P2STRATUM_b715bf2207be4d20,1,P2SERVICE_0fc2bd13a6fa9870,P2PLAN_2a4c82edc3b71688,"[""P2SERVICE_0fc2bd13a6fa9870""]","[""P2PLAN_2a4c82edc3b71688""]","[""hybrid_interlined"",""two_radial_out_and_back_feeders""]",false,RELIABILITY_INCOMPLETE_ROUTES_THEN_FLEET__SIMPLICITY_ROUTE_COUNT__BUS_KM__FIELD_CHECKS_PROPOSED_STOPS__EXISTING_STOP_CONTINUITY,0.061481646866,0.166894976061,0.206348707293,0.0,0.0,0.0,643.0,0.9874213836477987,960,312,20,4,16.13366974339657,2,4,2,105306.990153,1,1,1,ROBUST_PASSENGER_UNRESTRICTED;ROBUST_PASSENGER_FREQUENT_30,false,false,48,14976,0.1431617235489,0.0,2143.9899718683264,0.0,9629568.0,false,false,false,true
P2STRATUM_bd2ee12a55304b22,1,P2SERVICE_5e49bf88b6150b69,P2PLAN_21f12ca49d29fcb6,"[""P2SERVICE_5e49bf88b6150b69""]","[""P2PLAN_21f12ca49d29fcb6""]","[""blank_slate"",""single_compact_loop""]",false,RELIABILITY_INCOMPLETE_ROUTES_THEN_FLEET__SIMPLICITY_ROUTE_COUNT__BUS_KM__FIELD_CHECKS_PROPOSED_STOPS__EXISTING_STOP_CONTINUITY,0.08342236724,0.221667548714,0.272667216154,0.0,0.0,0.0,221.0,0.9894736842105263,960,260,15,2,16.235343589207805,1,3,1,111249.466399,2,2,1,ROBUST_PASSENGER_UNRESTRICTED;ROBUST_PASSENGER_FREQUENT_30,false,false,64,16640,0.1903939277598,0.0,3168.154957923072,0.0,3677440.0,false,false,false,true
P2STRATUM_bf5da37f8171d69b,1,P2SERVICE_6682195b780577d7,P2PLAN_6d0b7a52310f7482,"[""P2SERVICE_6682195b780577d7""]","[""P2PLAN_6d0b7a52310f7482""]","[""interlined_figure8"",""two_independent_loops""]",false,RELIABILITY_INCOMPLETE_ROUTES_THEN_FLEET__SIMPLICITY_ROUTE_COUNT__BUS_KM__FIELD_CHECKS_PROPOSED_STOPS__EXISTING_STOP_CONTINUITY,0.0947375224,0.222599749932,0.304776516606,5.0341214e-05,0.001838235294,0.015897834464,1735.0,0.9787234042553191,960,260,60,4,32.38004959761254,2,2,2,107338.14171,4,4,2,ROBUST_PASSENGER_UNRESTRICTED,false,false,16,4160,0.20067643500719998,0.004113786903999999,834.8139696299519,17.113353520639997,7217600.0,false,false,false,true
P2STRATUM_c0e828d599f86cbb,1,P2SERVICE_3aba673141f4e976,P2PLAN_745edab22d294840,"[""P2SERVICE_3aba673141f4e976""]","[""P2PLAN_745edab22d294840""]","[""interlined_figure8"",""two_independent_loops""]",false,RELIABILITY_INCOMPLETE_ROUTES_THEN_FLEET__SIMPLICITY_ROUTE_COUNT__BUS_KM__FIELD_CHECKS_PROPOSED_STOPS__EXISTING_STOP_CONTINUITY,0.106365636957,0.241773228843,0.319076999002,0.066479875394,0.170853502565,0.220739738276,1055.0,0.972972972972973,1110,260,60,6,32.32238816996894,2,2,2,104832.388765,2,2,3,ROBUST_PASSENGER_UNRESTRICTED,false,false,19,4940,0.21661170530900004,0.14951866155590002,1070.0618242264602,738.6221880861461,5211700.0,false,false,false,true
P2STRATUM_c1e166886a8a0dd8,1,P2SERVICE_86b0054b5eb5b7bb,P2PLAN_9ec50a3a79b14b03,"[""P2SERVICE_86b0054b5eb5b7bb""]","[""P2PLAN_9ec50a3a79b14b03""]","[""blank_slate"",""single_compact_loop""]",false,RELIABILITY_INCOMPLETE_ROUTES_THEN_FLEET__SIMPLICITY_ROUTE_COUNT__BUS_KM__FIELD_CHECKS_PROPOSED_STOPS__EXISTING_STOP_CONTINUITY,0.06319969283,0.166724548334,0.203069918834,0.0,0.0,0.0,490.0,0.9873417721518988,960,365,20,2,16.539039568741835,1,2,1,99848.694318,1,1,1,ROBUST_PASSENGER_UNRESTRICTED;ROBUST_PASSENGER_FREQUENT_30,false,false,48,17520,0.14293616578280002,0.0,2504.2416245146565,0.0,8584800.0,false,false,false,true
P2STRATUM_c35d10f6e008736f,1,P2SERVICE_baff53f28ba59bd2,P2PLAN_12882747dc9e8515,"[""P2SERVICE_baff53f28ba59bd2""]","[""P2PLAN_12882747dc9e8515""]","[""blank_slate"",""single_compact_loop""]",false,RELIABILITY_INCOMPLETE_ROUTES_THEN_FLEET__SIMPLICITY_ROUTE_COUNT__BUS_KM__FIELD_CHECKS_PROPOSED_STOPS__EXISTING_STOP_CONTINUITY,0.073553829665,0.17792427326,0.237261308075,0.0,0.000465712767,0.013951238382,134.0,0.9841269841269841,960,365,30,2,22.891956315146118,1,2,1,106659.583841,2,2,1,ROBUST_PASSENGER_UNRESTRICTED;ROBUST_PASSENGER_FREQUENT_30,false,false,32,11680,0.15848054714450002,0.0030231040599,1851.0527906477603,35.309855419632,1565120.0,false,false,false,true
P2STRATUM_ce3af262dd79abe2,1,P2SERVICE_2b71c30103468199,P2PLAN_816d29e1e2a70652,"[""P2SERVICE_2b71c30103468199""]","[""P2PLAN_816d29e1e2a70652""]","[""blank_slate"",""single_compact_loop""]",false,RELIABILITY_INCOMPLETE_ROUTES_THEN_FLEET__SIMPLICITY_ROUTE_COUNT__BUS_KM__FIELD_CHECKS_PROPOSED_STOPS__EXISTING_STOP_CONTINUITY,0.080335421758,0.204655275342,0.247658135595,0.0,0.0,0.0,221.0,0.9817351598173516,1110,312,15,4,15.805071748112779,1,2,1,104675.716253,1,1,1,ROBUST_PASSENGER_UNRESTRICTED;ROBUST_PASSENGER_FREQUENT_30,false,false,74,23088,0.1759598913174,0.0,4062.561970736131,0.0,5102448.0,false,false,false,true
P2STRATUM_d4cd4e522dc99b56,1,P2SERVICE_b9a1af787665acce,P2PLAN_0f483ee770626eaf,"[""P2SERVICE_b9a1af787665acce""]","[""P2PLAN_0f483ee770626eaf""]","[""blank_slate"",""single_compact_loop""]",false,RELIABILITY_INCOMPLETE_ROUTES_THEN_FLEET__SIMPLICITY_ROUTE_COUNT__BUS_KM__FIELD_CHECKS_PROPOSED_STOPS__EXISTING_STOP_CONTINUITY,0.08075166393,0.194842164745,0.280354541021,0.0,0.019833047594,0.093473095134,1367.0,0.9787234042553191,960,312,60,2,27.61350100646254,1,2,1,107900.61697,3,3,1,ROBUST_PASSENGER_UNRESTRICTED,false,false,16,4992,0.17771748975569998,0.0286111428238,887.1657088604543,142.8268249764096,6824064.0,false,false,false,true
P2STRATUM_e089f4ed918fc696,1,P2SERVICE_98bfdafadd6e4920,P2PLAN_598b9f8331405b3d,"[""P2SERVICE_98bfdafadd6e4920""]","[""P2PLAN_598b9f8331405b3d""]","[""hybrid_interlined"",""two_radial_out_and_back_feeders""]",false,RELIABILITY_INCOMPLETE_ROUTES_THEN_FLEET__SIMPLICITY_ROUTE_COUNT__BUS_KM__FIELD_CHECKS_PROPOSED_STOPS__EXISTING_STOP_CONTINUITY,0.06956360805,0.158096537257,0.204207321376,0.0,0.000465712767,0.013951238382,90.0,0.9836065573770492,1110,260,20,6,16.25924182164433,2,3,2,110516.163953,1,1,1,ROBUST_PASSENGER_UNRESTRICTED;ROBUST_PASSENGER_FREQUENT_30,false,false,55,14300,0.1407588153187,0.0030231040599,2012.8510590574099,43.23038805657,1287000.0,false,false,false,true
P2STRATUM_e206d33c106b1c26,1,P2SERVICE_24bdf3ac9c454420,P2PLAN_6a68bdeecf71e7ee,"[""P2SERVICE_24bdf3ac9c454420""]","[""P2PLAN_6a68bdeecf71e7ee""]","[""blank_slate"",""single_compact_loop""]",false,RELIABILITY_INCOMPLETE_ROUTES_THEN_FLEET__SIMPLICITY_ROUTE_COUNT__BUS_KM__FIELD_CHECKS_PROPOSED_STOPS__EXISTING_STOP_CONTINUITY,0.093530234175,0.219594129346,0.305382624867,0.0,0.017816214136,0.131607387804,310.0,0.9841269841269841,960,260,30,2,19.865371133281617,1,2,1,105975.399737,0,0,3,ROBUST_PASSENGER_UNRESTRICTED;ROBUST_PASSENGER_FREQUENT_30,false,false,32,8320,0.19893265989890002,0.0352295846288,1655.119730358848,293.110144111616,2579200.0,false,false,false,true
P2STRATUM_e5090d59d698b36c,1,P2SERVICE_40838b7e7404ca49,P2PLAN_99801562ada7713c,"[""P2SERVICE_40838b7e7404ca49""]","[""P2PLAN_99801562ada7713c""]","[""blank_slate"",""single_compact_loop""]",false,RELIABILITY_INCOMPLETE_ROUTES_THEN_FLEET__SIMPLICITY_ROUTE_COUNT__BUS_KM__FIELD_CHECKS_PROPOSED_STOPS__EXISTING_STOP_CONTINUITY,0.065917856243,0.155349483895,0.204006783968,0.0,0.000465712767,0.009189912991,0.0,0.9873417721518988,960,365,20,2,17.401301243497013,1,2,1,99164.729005,1,1,1,ROBUST_PASSENGER_UNRESTRICTED;ROBUST_PASSENGER_FREQUENT_30,false,false,48,17520,0.138251455614,0.0020708389817,2422.1655023572803,36.281098959384,0.0,false,false,false,true
P2STRATUM_e9de520304c8c946,1,P2SERVICE_8bcfbc4cafea7fb1,P2PLAN_bfe82f32330e02c4,"[""P2SERVICE_8bcfbc4cafea7fb1""]","[""P2PLAN_bfe82f32330e02c4""]","[""interlined_figure8"",""two_independent_loops""]",false,RELIABILITY_INCOMPLETE_ROUTES_THEN_FLEET__SIMPLICITY_ROUTE_COUNT__BUS_KM__FIELD_CHECKS_PROPOSED_STOPS__EXISTING_STOP_CONTINUITY,0.106365636957,0.241773228843,0.319076999002,0.066479875394,0.170853502565,0.220739738276,1055.0,0.9789473684210527,960,312,60,4,32.38004959761254,2,2,2,105935.887594,2,2,3,ROBUST_PASSENGER_UNRESTRICTED,false,false,16,4992,0.21661170530900004,0.14951866155590002,1081.3256329025282,746.3971584870529,5266560.0,false,false,false,true
P2STRATUM_ec51ab79064b10a6,1,P2SERVICE_6caa488b98288c96,P2PLAN_501aa34894eee2f1,"[""P2SERVICE_6caa488b98288c96""]","[""P2PLAN_501aa34894eee2f1""]","[""blank_slate"",""single_compact_loop""]",false,RELIABILITY_INCOMPLETE_ROUTES_THEN_FLEET__SIMPLICITY_ROUTE_COUNT__BUS_KM__FIELD_CHECKS_PROPOSED_STOPS__EXISTING_STOP_CONTINUITY,0.08075166393,0.194842164745,0.280354541021,0.0,0.019833047594,0.093473095134,1367.0,0.981651376146789,1110,260,60,2,27.55583957881894,1,2,1,106776.65221,3,3,1,ROBUST_PASSENGER_UNRESTRICTED,false,false,19,4940,0.17771748975569998,0.0286111428238,877.924399393158,141.339045549572,6752980.0,false,false,false,true
P2STRATUM_f20fd749729105d6,1,P2SERVICE_67191437a9907b3e,P2PLAN_9354d92de6933ee8,"[""P2SERVICE_67191437a9907b3e""]","[""P2PLAN_9354d92de6933ee8""]","[""blank_slate"",""single_compact_loop""]",false,RELIABILITY_INCOMPLETE_ROUTES_THEN_FLEET__SIMPLICITY_ROUTE_COUNT__BUS_KM__FIELD_CHECKS_PROPOSED_STOPS__EXISTING_STOP_CONTINUITY,0.081675190265,0.215206057737,0.290779931744,0.0,0.0,0.000465712767,733.0,0.9908256880733946,1110,365,60,1,32.19487834816894,1,1,1,108429.049433,3,3,1,ROBUST_PASSENGER_UNRESTRICTED,false,false,19,6935,0.19026157229680002,9.31425534e-05,1319.4640038783082,0.6459436078290001,5083355.0,false,false,false,true
P2STRATUM_f396fcff5d328100,1,P2SERVICE_d942a2cf50fa3af0,P2PLAN_1e9d78ce41789909,"[""P2SERVICE_d942a2cf50fa3af0""]","[""P2PLAN_1e9d78ce41789909""]","[""blank_slate"",""single_compact_loop""]",false,RELIABILITY_INCOMPLETE_ROUTES_THEN_FLEET__SIMPLICITY_ROUTE_COUNT__BUS_KM__FIELD_CHECKS_PROPOSED_STOPS__EXISTING_STOP_CONTINUITY,0.051603185214,0.131734781877,0.203897683849,5.0341214e-05,5.0341214e-05,0.010743097632,1308.0,0.9908256880733946,1110,312,60,1,31.22836141321894,1,1,1,107708.700281,4,4,0,ROBUST_PASSENGER_UNRESTRICTED,false,false,19,5928,0.12212788327249999,0.0021888924976,723.9740920393799,12.975754725772799,7753824.0,false,false,false,true
P2STRATUM_f7206e98ac1750d7,1,P2SERVICE_973b647a288344fa,P2PLAN_606b9eca4fcbfa48,"[""P2SERVICE_973b647a288344fa""]","[""P2PLAN_606b9eca4fcbfa48""]","[""blank_slate"",""single_compact_loop""]",false,RELIABILITY_INCOMPLETE_ROUTES_THEN_FLEET__SIMPLICITY_ROUTE_COUNT__BUS_KM__FIELD_CHECKS_PROPOSED_STOPS__EXISTING_STOP_CONTINUITY,0.07279992348,0.178639244681,0.216419586923,0.0,0.0,0.0,356.0,0.9836065573770492,1110,312,20,3,16.654687819672404,1,2,1,109859.74984,0,0,2,ROBUST_PASSENGER_UNRESTRICTED;ROBUST_PASSENGER_FREQUENT_30,false,false,55,17160,0.1544435167691,0.0,2650.250747757756,0.0,6108960.0,false,false,false,true
P2STRATUM_f73f5c0031fbe642,1,P2SERVICE_8f3a8305acbe2133,P2PLAN_8d0436a95abf8195,"[""P2SERVICE_8f3a8305acbe2133""]","[""P2PLAN_8d0436a95abf8195""]","[""blank_slate"",""single_compact_loop""]",false,RELIABILITY_INCOMPLETE_ROUTES_THEN_FLEET__SIMPLICITY_ROUTE_COUNT__BUS_KM__FIELD_CHECKS_PROPOSED_STOPS__EXISTING_STOP_CONTINUITY,0.04676944458,0.121359780663,0.186539274648,0.0,0.0,0.0,643.0,0.9947368421052631,960,260,15,1,16.234268782849586,1,2,1,103413.871475,2,2,0,ROBUST_PASSENGER_UNRESTRICTED;ROBUST_PASSENGER_FREQUENT_30,false,false,64,16640,0.11201857863510001,0.0,1863.989148488064,0.0,10699520.0,false,false,false,true
P2STRATUM_fcb92adbd0bce366,1,P2SERVICE_200ea8da32654f2c,P2PLAN_9e493ea9a54ae6f8,"[""P2SERVICE_200ea8da32654f2c""]","[""P2PLAN_9e493ea9a54ae6f8""]","[""hybrid_interlined"",""two_radial_out_and_back_feeders""]",false,RELIABILITY_INCOMPLETE_ROUTES_THEN_FLEET__SIMPLICITY_ROUTE_COUNT__BUS_KM__FIELD_CHECKS_PROPOSED_STOPS__EXISTING_STOP_CONTINUITY,0.05483752116,0.153529561677,0.208416350158,0.0,0.0,0.000465712767,0.0,0.9874213836477987,960,365,20,4,16.580338277559033,2,3,2,99821.036545,1,1,1,ROBUST_PASSENGER_UNRESTRICTED;ROBUST_PASSENGER_FREQUENT_30,false,false,48,17520,0.1348993072181,9.31425534e-05,2363.4358624611123,1.631857535568,0.0,false,false,false,true
