service_identity_id,representative_plan_id,plan_alias_count,scenario_alias_count,topology_family_alias_count,topology_families_json,plan_ids_json,scenario_ids_json,route_phases_json,uniform_headway_min,span_id,calendar_id,robust_frontier_classes,span_minutes,annual_service_days,exact_annual_bus_km,public_route_count,public_population_coverage_share_5min,public_population_coverage_share_8min,public_population_coverage_share_10min,public_worst_municipality_coverage_share_5min,public_worst_municipality_coverage_share_8min,public_worst_municipality_coverage_share_10min,public_structurally_addressable_worker_od_mass_upper_bound,stress_min_connection_match_share,stress_median_connection_match_share,stress_max_unmatched_connection_event_count,stress_max_incomplete_route_count,stress_worst_route_weighted_mean_gap_min,stress_max_fleet_recovery15,public_explicit_existing_stop_count,public_explicit_proposed_stop_count,public_explicit_field_check_pending_count,operational_identity_metrics_invariant,family_label_used_to_select_representative,primary_selected,runner_up_selected
P2SERVICE_0335216161349b0f,P2PLAN_4a3de8aecdb653f0,2,2,2,"[""blank_slate"",""single_compact_loop""]","[""P2PLAN_4a3de8aecdb653f0"",""P2PLAN_6577419da931e528""]","[""P2_630176384d80fc43"",""P2_9b0e07f1e04fa248""]","[[""R2_7cc74030c04e0d37f453"",37]]",60,CORE_0600_2200,IDEALISED_DAILY_YEAR,ROBUST_PASSENGER_UNRESTRICTED,960,365,110479.869615,1,0.162592736817,0.303194432711,0.373691989625,0.0,0.0,0.0,753.0,0.9787234042553191,0.9893617021276596,2,1,30.83245252106254,1,3,1,1,true,false,false,false
P2SERVICE_0392c462c3b68509,P2PLAN_02391cf50d2c96df,2,2,2,"[""interlined_figure8"",""two_independent_loops""]","[""P2PLAN_02391cf50d2c96df"",""P2PLAN_9e3a4d2bed1ea086""]","[""P2_017387704e90dfa7"",""P2_3952117a13ec7506""]","[[""R2_2ffb6743b10bb3f0a97d"",39],[""R2_b2032eeb31cba06561f0"",37]]",60,CORE_0600_2200,IDEALISED_6_DAY_52_WEEK,ROBUST_PASSENGER_UNRESTRICTED,960,312,96587.666378,2,0.131669485969,0.279851259256,0.367052696251,0.035148434382,0.13167864373,0.1719969483,567.0,0.9789473684210527,0.9894736842105263,4,2,33.31417390466254,2,4,1,1,true,false,false,false
P2SERVICE_03ad5142a162a44d,P2PLAN_3c0f64a9fda3bed0,2,2,2,"[""interlined_figure8"",""two_independent_loops""]","[""P2PLAN_3c0f64a9fda3bed0"",""P2PLAN_983fbbfc8baa92c1""]","[""P2_5fe77a0644ecc691"",""P2_a70af9f09fa715b4""]","[[""R2_111bca1495da90b445bb"",59],[""R2_8c12b57f15614f4ec362"",37]]",60,CORE_0600_2200,IDEALISED_DAILY_YEAR,ROBUST_PASSENGER_UNRESTRICTED,960,365,110357.012443,2,0.079793958306,0.19973600812,0.30220495651,0.0,0.0,0.0,787.0,0.9842105263157894,0.9947368421052631,3,2,33.32623795251254,2,2,2,2,true,false,false,false
P2SERVICE_0688753688d58637,P2PLAN_541baffd7f76dd02,2,2,2,"[""blank_slate"",""single_compact_loop""]","[""P2PLAN_541baffd7f76dd02"",""P2PLAN_9271147f50394100""]","[""P2_6b09ae16da7337f6"",""P2_6d8402fc9ff7b339""]","[[""R2_cf2ca93e0a3960be59ca"",37]]",60,S8_EXTENDED_0530_2400,IDEALISED_DAILY_YEAR,ROBUST_PASSENGER_UNRESTRICTED,1110,365,94239.45656,1,0.082969978805,0.210071945938,0.308605331697,0.036037351747,0.131290820698,0.22184050544,567.0,0.972972972972973,0.9908256880733946,3,1,31.95920425601894,1,3,1,1,true,false,false,false
P2SERVICE_0b0c82f19d4b9c99,P2PLAN_1048c1536058930f,2,2,2,"[""blank_slate"",""single_compact_loop""]","[""P2PLAN_1048c1536058930f"",""P2PLAN_479e0625cce2750a""]","[""P2_0c05fad94b4031ec"",""P2_4bf5dfb6b345f7ce""]","[[""R2_2b130131b2b9db31f6d7"",37]]",60,CORE_0600_2200,IDEALISED_DAILY_YEAR,ROBUST_PASSENGER_UNRESTRICTED,960,365,103685.562463,1,0.100623384042,0.240002993083,0.315249788018,0.033694851388,0.062574266565,0.074188964284,641.0,0.9787234042553191,0.9893617021276596,2,1,31.52118404371254,1,3,1,1,true,false,false,false
P2SERVICE_0cd1068ea383511b,P2PLAN_27932c3a5d247e95,2,2,2,"[""blank_slate"",""single_compact_loop""]","[""P2PLAN_27932c3a5d247e95"",""P2PLAN_f9db0256b43d2b87""]","[""P2_0c070269c9020acb"",""P2_c10f0ec58a98978a""]","[[""R2_87f869090ed85bd335d0"",27]]",30,CORE_0600_2200,IDEALISED_6_DAY_52_WEEK,ROBUST_PASSENGER_UNRESTRICTED;ROBUST_PASSENGER_FREQUENT_30,960,312,104763.97767,1,0.094428297761,0.238865786157,0.29758147865,0.0,0.0,0.0,490.0,0.9920634920634921,1.0,1,1,25.331311862463867,2,1,3,3,true,false,false,false
P2SERVICE_0fc2bd13a6fa9870,P2PLAN_2a4c82edc3b71688,2,2,2,"[""hybrid_interlined"",""two_radial_out_and_back_feeders""]","[""P2PLAN_2a4c82edc3b71688"",""P2PLAN_4237a117a92c4e76""]","[""P2_506f266b07b131de"",""P2_d7760ea126f32a9e""]","[[""R2_3fefc0a4235e6c4bfa00"",10],[""R2_ab5110a74d88f6a5a5dd"",11]]",20,CORE_0600_2200,IDEALISED_6_DAY_52_WEEK,ROBUST_PASSENGER_UNRESTRICTED;ROBUST_PASSENGER_FREQUENT_30,960,312,105306.990153,2,0.061481646866,0.166894976061,0.206348707293,0.0,0.0,0.0,643.0,0.9874213836477987,0.9937106918238994,4,2,16.13366974339657,4,1,1,1,true,false,false,false
P2SERVICE_117a81152e241bdf,P2PLAN_c45826f2e31efbdb,2,2,2,"[""blank_slate"",""single_compact_loop""]","[""P2PLAN_c45826f2e31efbdb"",""P2PLAN_d11376fad4865ecc""]","[""P2_455581bfa0cad4ab"",""P2_6c3caf5188bf9271""]","[[""R2_092aa5e78c63b74fa8dc"",43]]",60,S8_EXTENDED_0530_2400,IDEALISED_DAILY_YEAR,ROBUST_PASSENGER_UNRESTRICTED,1110,365,107259.77235,1,0.048909513855,0.14153850532,0.224048708529,0.0,0.019833047594,0.093473095134,753.0,0.9908256880733946,1.0,1,1,24.842076715681618,1,1,2,2,true,false,false,false
P2SERVICE_123a44474fa840e0,P2PLAN_425e20c4485ed3fd,2,2,2,"[""interlined_figure8"",""two_independent_loops""]","[""P2PLAN_425e20c4485ed3fd"",""P2PLAN_919e36061de27ac7""]","[""P2_5fe77a0644ecc691"",""P2_a70af9f09fa715b4""]","[[""R2_111bca1495da90b445bb"",39],[""R2_8c12b57f15614f4ec362"",7]]",60,S8_EXTENDED_0530_2400,IDEALISED_6_DAY_52_WEEK,ROBUST_PASSENGER_UNRESTRICTED,1110,312,109894.006345,2,0.079793958306,0.19973600812,0.30220495651,0.0,0.0,0.0,787.0,0.9681818181818181,0.9862385321100917,7,2,33.26857652486894,2,2,2,2,true,false,false,false
P2SERVICE_1399111fcf5de1eb,P2PLAN_dbe489a0c6c255da,2,2,2,"[""blank_slate"",""single_compact_loop""]","[""P2PLAN_dbe489a0c6c255da"",""P2PLAN_fb75899f32402be4""]","[""P2_56801c69e0786613"",""P2_f3d37fa831bda36c""]","[[""R2_a6dcf730feb71833c37c"",10]]",20,CORE_0600_2200,IDEALISED_5_DAY_52_WEEK,ROBUST_PASSENGER_UNRESTRICTED;ROBUST_PASSENGER_FREQUENT_30,960,260,102718.841048,1,0.068081706399,0.188631834721,0.232953465913,0.0,0.0,0.0,643.0,0.9873417721518988,0.9936708860759493,2,1,16.644435378165237,2,1,3,3,true,false,false,false
P2SERVICE_15c277d6fa1b34cb,P2PLAN_95d4b550d02d2818,2,2,2,"[""interlined_figure8"",""two_independent_loops""]","[""P2PLAN_95d4b550d02d2818"",""P2PLAN_dca37b0077ed24d5""]","[""P2_017387704e90dfa7"",""P2_3952117a13ec7506""]","[[""R2_2ffb6743b10bb3f0a97d"",38],[""R2_b2032eeb31cba06561f0"",57]]",60,S8_EXTENDED_0530_2400,IDEALISED_5_DAY_52_WEEK,ROBUST_PASSENGER_UNRESTRICTED,1110,260,95581.544853,2,0.131669485969,0.279851259256,0.367052696251,0.035148434382,0.13167864373,0.1719969483,567.0,0.9818181818181818,0.9954128440366973,4,2,32.50651247701894,2,4,1,1,true,false,false,false
P2SERVICE_15e3ba89c460c8c5,P2PLAN_38812b11699fdff6,2,2,2,"[""blank_slate"",""single_compact_loop""]","[""P2PLAN_38812b11699fdff6"",""P2PLAN_94674b57f3491e6c""]","[""P2_a7143f626fa3e4c8"",""P2_e81f744c00a077cf""]","[[""R2_89ad250d7fb28bc4d750"",10]]",15,S8_EXTENDED_0530_2400,IDEALISED_5_DAY_52_WEEK,ROBUST_PASSENGER_UNRESTRICTED;ROBUST_PASSENGER_FREQUENT_30,1110,260,95070.097253,1,0.095430465648,0.217128947577,0.253311237537,0.0,0.0,0.0,221.0,0.9817351598173516,0.9908256880733946,4,1,16.504713458571654,2,2,1,1,true,false,false,false
P2SERVICE_15f971bc26a48145,P2PLAN_3388615216040c67,2,2,2,"[""hybrid_interlined"",""two_radial_out_and_back_feeders""]","[""P2PLAN_3388615216040c67"",""P2PLAN_3e13e6dc5146b2c6""]","[""P2_5f81356056df50eb"",""P2_afaa79f7edc13d54""]","[[""R2_3b073005c8535aa1bf3c"",7],[""R2_ab5110a74d88f6a5a5dd"",7]]",30,CORE_0600_2200,IDEALISED_DAILY_YEAR,ROBUST_PASSENGER_UNRESTRICTED;ROBUST_PASSENGER_FREQUENT_30,960,365,106909.036369,2,0.091818396615,0.22286541195,0.280493417998,0.0,0.0,0.0,447.0,0.984375,0.9921875,4,2,21.811783280813867,2,2,0,0,true,false,false,false
P2SERVICE_1791184ec7dc5b01,P2PLAN_1f23571e952e750c,2,2,2,"[""blank_slate"",""single_compact_loop""]","[""P2PLAN_1f23571e952e750c"",""P2PLAN_f96bf91eec36d377""]","[""P2_630176384d80fc43"",""P2_9b0e07f1e04fa248""]","[[""R2_7cc74030c04e0d37f453"",28]]",60,S8_EXTENDED_0530_2400,IDEALISED_6_DAY_52_WEEK,ROBUST_PASSENGER_UNRESTRICTED,1110,312,106242.285575,1,0.162592736817,0.303194432711,0.373691989625,0.0,0.0,0.0,753.0,0.963302752293578,0.9813084112149533,4,1,32.94903199790044,1,3,1,1,true,false,false,false
P2SERVICE_1a08c63b69d17d50,P2PLAN_648d254d50dafa91,2,2,2,"[""hybrid_interlined"",""two_radial_out_and_back_feeders""]","[""P2PLAN_648d254d50dafa91"",""P2PLAN_7dc3eae0fe76f51d""]","[""P2_4dc90710cb9ea40a"",""P2_83df62ba410ac17c""]","[[""R2_40023c3a09f861e4df2b"",16],[""R2_89faf7404f5ba6502188"",12]]",20,S8_EXTENDED_0530_2400,IDEALISED_6_DAY_52_WEEK,ROBUST_PASSENGER_UNRESTRICTED;ROBUST_PASSENGER_FREQUENT_30,1110,312,99547.554253,2,0.05483752116,0.153529561677,0.208416350158,0.0,0.0,0.000465712767,0.0,0.9782608695652174,0.9945054945054945,8,2,16.60536197288028,4,1,1,1,true,false,false,false
P2SERVICE_1b885205f30b8ca8,P2PLAN_64703aea90013c7c,2,2,2,"[""hybrid_interlined"",""two_radial_out_and_back_feeders""]","[""P2PLAN_64703aea90013c7c"",""P2PLAN_8a188b0269168b8a""]","[""P2_5f81356056df50eb"",""P2_afaa79f7edc13d54""]","[[""R2_3b073005c8535aa1bf3c"",7],[""R2_ab5110a74d88f6a5a5dd"",7]]",30,S8_EXTENDED_0530_2400,IDEALISED_6_DAY_52_WEEK,ROBUST_PASSENGER_UNRESTRICTED;ROBUST_PASSENGER_FREQUENT_30,1110,312,105664.205124,2,0.091818396615,0.22286541195,0.280493417998,0.0,0.0,0.0,447.0,0.9829931972789115,0.9863945578231292,5,2,21.811783280813867,2,2,0,0,true,false,false,false
P2SERVICE_200ea8da32654f2c,P2PLAN_9e493ea9a54ae6f8,2,2,2,"[""hybrid_interlined"",""two_radial_out_and_back_feeders""]","[""P2PLAN_9e493ea9a54ae6f8"",""P2PLAN_eb873d185ed14002""]","[""P2_4dc90710cb9ea40a"",""P2_83df62ba410ac17c""]","[[""R2_40023c3a09f861e4df2b"",10],[""R2_89faf7404f5ba6502188"",12]]",20,CORE_0600_2200,IDEALISED_DAILY_YEAR,ROBUST_PASSENGER_UNRESTRICTED;ROBUST_PASSENGER_FREQUENT_30,960,365,99821.036545,2,0.05483752116,0.153529561677,0.208416350158,0.0,0.0,0.000465712767,0.0,0.9874213836477987,0.9937106918238994,4,2,16.580338277559033,3,1,1,1,true,false,false,false
P2SERVICE_20ab439daa900dfb,P2PLAN_3272aa0339de2bad,2,2,2,"[""hybrid_interlined"",""two_radial_out_and_back_feeders""]","[""P2PLAN_3272aa0339de2bad"",""P2PLAN_693338536dbdd998""]","[""P2_506f266b07b131de"",""P2_d7760ea126f32a9e""]","[[""R2_3fefc0a4235e6c4bfa00"",10],[""R2_ab5110a74d88f6a5a5dd"",16]]",20,S8_EXTENDED_0530_2400,IDEALISED_5_DAY_52_WEEK,ROBUST_PASSENGER_UNRESTRICTED;ROBUST_PASSENGER_FREQUENT_30,1110,260,102381.795982,2,0.061481646866,0.166894976061,0.206348707293,0.0,0.0,0.0,643.0,0.9782608695652174,0.9945054945054945,8,2,16.172181283879247,4,1,1,1,true,false,false,false
P2SERVICE_24bdf3ac9c454420,P2PLAN_6a68bdeecf71e7ee,2,2,2,"[""blank_slate"",""single_compact_loop""]","[""P2PLAN_6a68bdeecf71e7ee"",""P2PLAN_b8ea6951fb649d29""]","[""P2_05f8082fbcf36ac0"",""P2_a544a8e68095671f""]","[[""R2_c00de14167977d74b208"",10]]",30,CORE_0600_2200,IDEALISED_5_DAY_52_WEEK,ROBUST_PASSENGER_UNRESTRICTED;ROBUST_PASSENGER_FREQUENT_30,960,260,105975.399737,1,0.093530234175,0.219594129346,0.305382624867,0.0,0.017816214136,0.131607387804,310.0,0.9841269841269841,0.9920634920634921,2,1,19.865371133281617,2,3,0,0,true,false,false,false
P2SERVICE_27fd3b760af19e5f,P2PLAN_c038e6a5b4f14c54,2,2,2,"[""blank_slate"",""single_compact_loop""]","[""P2PLAN_c038e6a5b4f14c54"",""P2PLAN_df4d5bfdbc8fade3""]","[""P2_1c505c091c9f5b21"",""P2_39a9959520dd71f5""]","[[""R2_74ab36c37a99ef5a1c51"",8]]",20,CORE_0600_2200,IDEALISED_6_DAY_52_WEEK,ROBUST_PASSENGER_UNRESTRICTED;ROBUST_PASSENGER_FREQUENT_30,960,312,105176.002838,1,0.055990090942,0.158428724316,0.212977207792,0.0,5.0341214e-05,5.0341214e-05,221.0,0.9873417721518988,0.9936708860759493,2,1,17.845923039697016,2,2,1,1,true,false,false,false
P2SERVICE_2a07752b91c66f6c,P2PLAN_a462a2c89f348b80,2,2,2,"[""blank_slate"",""single_compact_loop""]","[""P2PLAN_a462a2c89f348b80"",""P2PLAN_f7f8cd0ee3ef7785""]","[""P2_9858dc3c94ecb6ac"",""P2_f77c2ba98980326c""]","[[""R2_e641044e83a327ab5732"",7]]",20,CORE_0600_2200,IDEALISED_5_DAY_52_WEEK,ROBUST_PASSENGER_UNRESTRICTED;ROBUST_PASSENGER_FREQUENT_30,960,260,102555.439572,1,0.075446277788,0.159931714535,0.202977859691,0.0,0.0,0.0,844.0,0.9873417721518988,0.9936708860759493,2,1,17.433653904397012,2,2,1,1,true,false,false,false
P2SERVICE_2b71c30103468199,P2PLAN_816d29e1e2a70652,2,2,2,"[""blank_slate"",""single_compact_loop""]","[""P2PLAN_816d29e1e2a70652"",""P2PLAN_e9ea56dafbf2a7b9""]","[""P2_0cb6579dbfb6c21d"",""P2_797f3c5fa3d228fb""]","[[""R2_c5de37de500b158213f8"",10]]",15,S8_EXTENDED_0530_2400,IDEALISED_6_DAY_52_WEEK,ROBUST_PASSENGER_UNRESTRICTED;ROBUST_PASSENGER_FREQUENT_30,1110,312,104675.716253,1,0.080335421758,0.204655275342,0.247658135595,0.0,0.0,0.0,221.0,0.9817351598173516,0.9908256880733946,4,1,15.805071748112779,2,1,1,1,true,false,false,false
P2SERVICE_2c8b588824bddea3,P2PLAN_9dd6bba7a97bcf9c,2,2,2,"[""blank_slate"",""single_compact_loop""]","[""P2PLAN_9dd6bba7a97bcf9c"",""P2PLAN_f010230cd695151e""]","[""P2_62301db72bc6e899"",""P2_f2143ff4248db98f""]","[[""R2_e49df5a7f4542c2b9f1d"",7]]",30,CORE_0600_2200,IDEALISED_6_DAY_52_WEEK,ROBUST_PASSENGER_UNRESTRICTED;ROBUST_PASSENGER_FREQUENT_30,960,312,107558.568819,1,0.060460001139,0.174186053443,0.244271439176,0.0,0.006505370732,0.009189912991,490.0,0.9841269841269841,0.9921875,2,1,22.41255667694612,2,2,2,2,true,false,false,false
P2SERVICE_2cd80a1175d24055,P2PLAN_02d05e32f74774dd,2,2,2,"[""blank_slate"",""single_compact_loop""]","[""P2PLAN_02d05e32f74774dd"",""P2PLAN_80e2ecee32dbfd8b""]","[""P2_bc1e37be7e7a349b"",""P2_f90598a41d4d09f8""]","[[""R2_9765d34882cc4165f829"",7]]",30,CORE_0600_2200,IDEALISED_6_DAY_52_WEEK,ROBUST_PASSENGER_UNRESTRICTED;ROBUST_PASSENGER_FREQUENT_30,960,312,109743.454939,1,0.069467514842,0.167197901645,0.242930055834,0.033694851388,0.055548320348,0.063137253657,641.0,0.984375,0.9921875,2,1,22.911224758146123,2,2,1,1,true,false,false,false
P2SERVICE_2ff161ec7350a932,P2PLAN_9c6117821141b0e9,2,2,2,"[""blank_slate"",""single_compact_loop""]","[""P2PLAN_9c6117821141b0e9"",""P2PLAN_c02d920351670219""]","[""P2_46ac3434edd59d8e"",""P2_4b93776e7a22cab7""]","[[""R2_cba9391a775bcf131254"",7]]",30,CORE_0600_2200,IDEALISED_DAILY_YEAR,ROBUST_PASSENGER_UNRESTRICTED;ROBUST_PASSENGER_FREQUENT_30,960,365,108764.501465,1,0.045296573172,0.114396599319,0.157293423644,5.0341214e-05,0.001838235294,0.011016508985,245.0,0.984375,0.9921875,2,1,20.331167627531617,2,1,1,1,true,false,false,false
P2SERVICE_32367ed31984e3fa,P2PLAN_6558b24032c04856,2,2,2,"[""blank_slate"",""single_compact_loop""]","[""P2PLAN_6558b24032c04856"",""P2PLAN_cfd5724d58f183fd""]","[""P2_3105baa6d4550828"",""P2_dd354addff4542c4""]","[[""R2_0e3b21bd0041fec416ba"",1]]",20,CORE_0600_2200,IDEALISED_5_DAY_52_WEEK,ROBUST_PASSENGER_UNRESTRICTED;ROBUST_PASSENGER_FREQUENT_30,960,260,109947.967958,1,0.088034123665,0.190938038621,0.250227822014,0.023017925773,0.050908041569,0.063137253657,90.0,0.9873417721518988,0.9936708860759493,2,1,16.696094165121597,3,3,1,1,true,false,false,false
P2SERVICE_3356f7225c7b4cb6,P2PLAN_3b8e9ffbba770ca1,2,2,2,"[""blank_slate"",""single_compact_loop""]","[""P2PLAN_3b8e9ffbba770ca1"",""P2PLAN_7f50deea5fcf3384""]","[""P2_809c8de22802b017"",""P2_b61ce8c56cf408f8""]","[[""R2_1701c710edcd53eee167"",37]]",60,CORE_0600_2200,IDEALISED_DAILY_YEAR,ROBUST_PASSENGER_UNRESTRICTED,960,365,105263.262839,1,0.109281682059,0.243128782179,0.324805241097,0.041666923347,0.16160921696,0.22184050544,567.0,0.9787234042553191,0.9893617021276596,2,1,31.863628866112542,1,3,1,1,true,false,false,false
P2SERVICE_35d42b278265351e,P2PLAN_46f3d8d3f3f99ff3,2,2,2,"[""blank_slate"",""single_compact_loop""]","[""P2PLAN_46f3d8d3f3f99ff3"",""P2PLAN_a14c3eeded71bec6""]","[""P2_06755a34f49f025f"",""P2_8031197355654327""]","[[""R2_720949d9745b883ea795"",9]]",20,CORE_0600_2200,IDEALISED_6_DAY_52_WEEK,ROBUST_PASSENGER_UNRESTRICTED;ROBUST_PASSENGER_FREQUENT_30,960,312,100653.635182,1,0.050395480412,0.124184246283,0.182836849837,0.0,5.0341214e-05,0.009189912991,221.0,0.9873417721518988,0.9936708860759493,2,1,18.371699719147013,2,1,1,1,true,false,false,false
P2SERVICE_36c3b2f61fa82c44,P2PLAN_57c55c2ee8e62768,2,2,2,"[""blank_slate"",""single_compact_loop""]","[""P2PLAN_57c55c2ee8e62768"",""P2PLAN_641c5fea8bc26144""]","[""P2_8c2d9ff2242f8bd8"",""P2_faa72fd539dead97""]","[[""R2_f696dbc94741ef156326"",25]]",30,CORE_0600_2200,IDEALISED_6_DAY_52_WEEK,ROBUST_PASSENGER_UNRESTRICTED;ROBUST_PASSENGER_FREQUENT_30,960,312,110783.306739,1,0.045114203683,0.128824319301,0.175435846911,0.0,0.0,0.0,956.0,0.9920634920634921,0.9920634920634921,1,1,25.032035356963867,2,0,3,3,true,false,false,false
P2SERVICE_3aba673141f4e976,P2PLAN_745edab22d294840,2,2,2,"[""interlined_figure8"",""two_independent_loops""]","[""P2PLAN_745edab22d294840"",""P2PLAN_c817c8b2c925b57c""]","[""P2_32c80edb4b3bb903"",""P2_76fd09c6516f6610""]","[[""R2_16a97519523a8a680e75"",44],[""R2_23d58cd05658247380d7"",37]]",60,S8_EXTENDED_0530_2400,IDEALISED_5_DAY_52_WEEK,ROBUST_PASSENGER_UNRESTRICTED,1110,260,104832.388765,2,0.106365636957,0.241773228843,0.319076999002,0.066479875394,0.170853502565,0.220739738276,1055.0,0.972972972972973,0.9954128440366973,6,2,32.32238816996894,2,3,2,2,true,false,false,false
P2SERVICE_40838b7e7404ca49,P2PLAN_99801562ada7713c,2,2,2,"[""blank_slate"",""single_compact_loop""]","[""P2PLAN_99801562ada7713c"",""P2PLAN_fe394c2674bfe837""]","[""P2_53fd2d4d99e137fc"",""P2_fa603ab2af99a6aa""]","[[""R2_fc3196ae85a4ca6d0ece"",7]]",20,CORE_0600_2200,IDEALISED_DAILY_YEAR,ROBUST_PASSENGER_UNRESTRICTED;ROBUST_PASSENGER_FREQUENT_30,960,365,99164.729005,1,0.065917856243,0.155349483895,0.204006783968,0.0,0.000465712767,0.009189912991,0.0,0.9873417721518988,0.9936708860759493,2,1,17.401301243497013,2,1,1,1,true,false,false,false
P2SERVICE_4110c52a15320a2e,P2PLAN_6508ce433ac6d513,2,2,2,"[""blank_slate"",""single_compact_loop""]","[""P2PLAN_6508ce433ac6d513"",""P2PLAN_f4f4d285bf519656""]","[""P2_1c505c091c9f5b21"",""P2_39a9959520dd71f5""]","[[""R2_74ab36c37a99ef5a1c51"",8]]",20,S8_EXTENDED_0530_2400,IDEALISED_5_DAY_52_WEEK,ROBUST_PASSENGER_UNRESTRICTED;ROBUST_PASSENGER_FREQUENT_30,1110,260,100428.474932,1,0.055990090942,0.158428724316,0.212977207792,0.0,5.0341214e-05,5.0341214e-05,221.0,0.9726775956284153,0.9944444444444445,5,1,17.82501186078645,2,2,1,1,true,false,false,false
P2SERVICE_46745886a60b1f3d,P2PLAN_6073e4c9e0688a51,2,2,2,"[""blank_slate"",""single_compact_loop""]","[""P2PLAN_6073e4c9e0688a51"",""P2PLAN_a2f4ecec8efbef5a""]","[""P2_74f1e7255aba252d"",""P2_c4fc2e0b8cb9f7d5""]","[[""R2_003fb677922b3a103696"",37]]",60,S8_EXTENDED_0530_2400,IDEALISED_5_DAY_52_WEEK,ROBUST_PASSENGER_UNRESTRICTED,1110,260,110340.191639,1,0.098074249414,0.227378581176,0.332050379807,0.023772670879,0.083853769642,0.165641587049,1055.0,0.981651376146789,0.9908256880733946,2,1,29.790524877318937,1,3,1,1,true,false,false,false
P2SERVICE_4943f6c057dd1069,P2PLAN_5e40b78d68a95118,2,2,2,"[""blank_slate"",""single_compact_loop""]","[""P2PLAN_5e40b78d68a95118"",""P2PLAN_fa008810caa40bda""]","[""P2_0ce6c0bee21b6682"",""P2_cdd20a132d6e273d""]","[[""R2_700cd5fc23e4fb3cdeab"",21]]",30,S8_EXTENDED_0530_2400,IDEALISED_6_DAY_52_WEEK,ROBUST_PASSENGER_UNRESTRICTED;ROBUST_PASSENGER_FREQUENT_30,1110,312,108731.185018,1,0.07116275898,0.201605561666,0.300731020634,0.0,0.0,0.000465712767,375.0,0.9862068965517241,0.9930555555555556,2,1,20.767315188181612,2,2,1,1,true,false,false,false
P2SERVICE_4c1a2744b41c05ec,P2PLAN_54789cebec451191,2,2,2,"[""hybrid_interlined"",""two_radial_out_and_back_feeders""]","[""P2PLAN_54789cebec451191"",""P2PLAN_6507814185e2a0ed""]","[""P2_10e15fcbe232b848"",""P2_e41dcca08b5401ae""]","[[""R2_89faf7404f5ba6502188"",12],[""R2_fedae7e1b14941808593"",11]]",20,CORE_0600_2200,IDEALISED_5_DAY_52_WEEK,ROBUST_PASSENGER_UNRESTRICTED;ROBUST_PASSENGER_FREQUENT_30,960,260,107266.136028,2,0.066999800132,0.184082395339,0.263065498573,0.0,0.0,0.000465712767,134.0,0.9873417721518988,0.9936708860759493,4,2,16.580338277559033,4,1,1,1,true,false,false,false
P2SERVICE_4c9c58af87d94b60,P2PLAN_cc468b952480411c,2,2,2,"[""blank_slate"",""single_compact_loop""]","[""P2PLAN_cc468b952480411c"",""P2PLAN_ce0f2e22a9cbcc87""]","[""P2_852c3cbd1b1888e6"",""P2_b6595bc2838b3397""]","[[""R2_a3523dd1e87e4364755c"",7]]",60,S8_EXTENDED_0530_2400,IDEALISED_DAILY_YEAR,ROBUST_PASSENGER_UNRESTRICTED,1110,365,105576.712295,1,0.107034174099,0.234686081826,0.313223931841,0.0,0.0,0.0,753.0,0.963302752293578,0.963302752293578,4,1,32.034552667963865,1,3,1,1,true,false,false,false
P2SERVICE_4ce16ecb8076cfb1,P2PLAN_53c0e43f67ca2f3b,2,2,2,"[""blank_slate"",""single_compact_loop""]","[""P2PLAN_53c0e43f67ca2f3b"",""P2PLAN_d272b01d6250beb8""]","[""P2_56801c69e0786613"",""P2_f3d37fa831bda36c""]","[[""R2_a6dcf730feb71833c37c"",13]]",30,S8_EXTENDED_0530_2400,IDEALISED_DAILY_YEAR,ROBUST_PASSENGER_UNRESTRICTED;ROBUST_PASSENGER_FREQUENT_30,1110,365,111155.284323,1,0.068081706399,0.188631834721,0.232953465913,0.0,0.0,0.0,643.0,0.9727891156462585,0.9930555555555556,4,1,21.589303403731616,2,1,3,3,true,false,false,false
P2SERVICE_4e7f524485025064,P2PLAN_56111dfce332aa17,2,2,2,"[""blank_slate"",""single_compact_loop""]","[""P2PLAN_56111dfce332aa17"",""P2PLAN_7ad303df77e2a85c""]","[""P2_0ce6c0bee21b6682"",""P2_cdd20a132d6e273d""]","[[""R2_700cd5fc23e4fb3cdeab"",7]]",30,CORE_0600_2200,IDEALISED_DAILY_YEAR,ROBUST_PASSENGER_UNRESTRICTED;ROBUST_PASSENGER_FREQUENT_30,960,365,110012.148389,1,0.07116275898,0.201605561666,0.300731020634,0.0,0.0,0.000465712767,375.0,0.9841269841269841,0.9921875,2,1,22.92622339364612,2,2,1,1,true,false,false,false
P2SERVICE_514cbd6838f4229b,P2PLAN_1ed385aac063e524,2,2,2,"[""blank_slate"",""single_compact_loop""]","[""P2PLAN_1ed385aac063e524"",""P2PLAN_9b0002042545953d""]","[""P2_0cb6579dbfb6c21d"",""P2_797f3c5fa3d228fb""]","[[""R2_c5de37de500b158213f8"",7]]",15,CORE_0600_2200,IDEALISED_DAILY_YEAR,ROBUST_PASSENGER_UNRESTRICTED;ROBUST_PASSENGER_FREQUENT_30,960,365,105908.9021,1,0.080335421758,0.204655275342,0.247658135595,0.0,0.0,0.0,221.0,0.9894736842105263,0.9947368421052631,2,1,17.125361709799584,2,1,1,1,true,false,false,false
P2SERVICE_52a618880e3cce3d,P2PLAN_28b374c4b46870b0,2,2,2,"[""blank_slate"",""single_compact_loop""]","[""P2PLAN_28b374c4b46870b0"",""P2PLAN_e702bc6a0949cd2e""]","[""P2_7b7c17b9b6f744d1"",""P2_e380fd1c4e01ec63""]","[[""R2_36c232385e1bd7bd7e34"",13]]",30,S8_EXTENDED_0530_2400,IDEALISED_6_DAY_52_WEEK,ROBUST_PASSENGER_UNRESTRICTED;ROBUST_PASSENGER_FREQUENT_30,1110,312,110853.463115,1,0.080279390133,0.216663692081,0.276299461466,0.0,0.0,0.0,490.0,0.9727891156462585,0.9930555555555556,4,1,21.73449426348162,2,2,2,2,true,false,false,false
P2SERVICE_544babdc478036d3,P2PLAN_0185db16aba79177,2,2,2,"[""hybrid_interlined"",""two_radial_out_and_back_feeders""]","[""P2PLAN_0185db16aba79177"",""P2PLAN_d52fa9f093f232d8""]","[""P2_b6fae8db5eec6d5a"",""P2_bab8ad99e3603982""]","[[""R2_14b61a2a29e2081585d6"",7],[""R2_691d5061a0170b543a1b"",7]]",30,S8_EXTENDED_0530_2400,IDEALISED_6_DAY_52_WEEK,ROBUST_PASSENGER_UNRESTRICTED;ROBUST_PASSENGER_FREQUENT_30,1110,312,103302.063705,2,0.054041232219,0.126931299645,0.183037387245,5.0341214e-05,5.0341214e-05,0.010743097632,356.0,0.9863945578231292,0.9863945578231292,4,2,20.77641062861387,2,1,1,1,true,false,false,false
P2SERVICE_54c4e3c3c055146b,P2PLAN_42eda1a6f9a06acb,2,2,2,"[""interlined_figure8"",""two_independent_loops""]","[""P2PLAN_42eda1a6f9a06acb"",""P2PLAN_ab93cf96de300a99""]","[""P2_ad5408ca9497179f"",""P2_b3af627396fc68a3""]","[[""R2_9709d9b43ced9a82d911"",37],[""R2_b2032eeb31cba06561f0"",57]]",60,S8_EXTENDED_0530_2400,IDEALISED_5_DAY_52_WEEK,ROBUST_PASSENGER_UNRESTRICTED,1110,260,105184.220209,2,0.132103607617,0.278381016346,0.372843147226,0.0,0.001603809065,0.011997838656,676.0,0.9908256880733946,0.9954128440366973,2,2,32.31057137301894,2,3,3,3,true,false,false,false
P2SERVICE_5a77c5fa953b7786,P2PLAN_394fa5ef462feff0,2,2,2,"[""blank_slate"",""single_compact_loop""]","[""P2PLAN_394fa5ef462feff0"",""P2PLAN_39ffe4b70286366b""]","[""P2_8de2d254f7c286e6"",""P2_cdb4110b6828b0d2""]","[[""R2_dc990da90a4964d2d4ce"",10]]",30,S8_EXTENDED_0530_2400,IDEALISED_6_DAY_52_WEEK,ROBUST_PASSENGER_UNRESTRICTED;ROBUST_PASSENGER_FREQUENT_30,1110,312,110455.583005,1,0.077946993066,0.176712697266,0.228335808863,0.0,0.000465712767,0.009189912991,221.0,0.9727891156462585,0.9930555555555556,4,1,20.569426802581614,2,1,2,2,true,false,false,false
P2SERVICE_5a9c97fb577c4602,P2PLAN_2f26793a5ca20960,2,2,2,"[""blank_slate"",""single_compact_loop""]","[""P2PLAN_2f26793a5ca20960"",""P2PLAN_cad72061c337ba94""]","[""P2_2accba37a46653fb"",""P2_db3234f0699115a2""]","[[""R2_e084e317c96ecdb31020"",37]]",60,CORE_0600_2200,IDEALISED_DAILY_YEAR,ROBUST_PASSENGER_UNRESTRICTED,960,365,109864.612411,1,0.074554775408,0.197433956518,0.264277129304,0.0,0.0,0.0,956.0,0.9787234042553191,0.9893617021276596,2,1,29.475377654362543,2,1,3,3,true,false,false,false
P2SERVICE_5ac7a528ace85dd7,P2PLAN_95568e9ec359707a,2,2,2,"[""blank_slate"",""single_compact_loop""]","[""P2PLAN_95568e9ec359707a"",""P2PLAN_d37a80ab07a8ad14""]","[""P2_46ac3434edd59d8e"",""P2_4b93776e7a22cab7""]","[[""R2_cba9391a775bcf131254"",15]]",30,S8_EXTENDED_0530_2400,IDEALISED_6_DAY_52_WEEK,ROBUST_PASSENGER_UNRESTRICTED;ROBUST_PASSENGER_FREQUENT_30,1110,312,107498.065489,1,0.045296573172,0.114396599319,0.157293423644,5.0341214e-05,0.001838235294,0.011016508985,245.0,0.9727891156462585,0.9930555555555556,4,1,22.424128938031618,2,1,1,1,true,false,false,false
P2SERVICE_5d668c27f87e0a9f,P2PLAN_9b06e598005d91fa,2,2,2,"[""blank_slate"",""single_compact_loop""]","[""P2PLAN_9b06e598005d91fa"",""P2PLAN_f46f3644774ed0f2""]","[""P2_d242d6edcd84512c"",""P2_d4388d9ed51cdac6""]","[[""R2_b6938accc594612f8532"",55]]",60,S8_EXTENDED_0530_2400,IDEALISED_DAILY_YEAR,ROBUST_PASSENGER_UNRESTRICTED,1110,365,99909.869685,1,0.105002950294,0.24565206783,0.330400472567,0.0,0.0,0.0,733.0,0.981651376146789,1.0,2,1,32.51356477586387,1,2,2,2,true,false,false,false
P2SERVICE_5de8048cc727b699,P2PLAN_49d0e3407fbed768,2,2,2,"[""blank_slate"",""single_compact_loop""]","[""P2PLAN_49d0e3407fbed768"",""P2PLAN_dfd1511be08861af""]","[""P2_3105baa6d4550828"",""P2_dd354addff4542c4""]","[[""R2_0e3b21bd0041fec416ba"",7]]",30,CORE_0600_2200,IDEALISED_DAILY_YEAR,ROBUST_PASSENGER_UNRESTRICTED;ROBUST_PASSENGER_FREQUENT_30,960,365,102900.021294,1,0.088034123665,0.190938038621,0.250227822014,0.023017925773,0.050908041569,0.063137253657,90.0,0.9841269841269841,0.9920634920634921,2,1,22.798612368496123,2,3,1,1,true,false,false,false
P2SERVICE_5e2ffd803e49454a,P2PLAN_2a15a2d3edbb6277,2,2,2,"[""blank_slate"",""single_compact_loop""]","[""P2PLAN_2a15a2d3edbb6277"",""P2PLAN_d3e74bce286e0820""]","[""P2_4ba3fc7bfeb69a72"",""P2_c578b12e08508aa0""]","[[""R2_5e2ba419b8ecfcf7ffe0"",7]]",30,CORE_0600_2200,IDEALISED_6_DAY_52_WEEK,ROBUST_PASSENGER_UNRESTRICTED;ROBUST_PASSENGER_FREQUENT_30,960,312,109711.417031,1,0.082656930236,0.22433190438,0.322462923119,0.0,0.0,0.0,447.0,0.9841269841269841,0.9920634920634921,2,1,22.62054309649612,2,2,1,1,true,false,false,false
P2SERVICE_5e49bf88b6150b69,P2PLAN_21f12ca49d29fcb6,2,2,2,"[""blank_slate"",""single_compact_loop""]","[""P2PLAN_21f12ca49d29fcb6"",""P2PLAN_591803c3e6239e41""]","[""P2_7f26258bf6987fcd"",""P2_f6e18c4dbeab2fa4""]","[[""R2_b11abbef6086e5279f0b"",1]]",15,CORE_0600_2200,IDEALISED_5_DAY_52_WEEK,ROBUST_PASSENGER_UNRESTRICTED;ROBUST_PASSENGER_FREQUENT_30,960,260,111249.466399,1,0.08342236724,0.221667548714,0.272667216154,0.0,0.0,0.0,221.0,0.9894736842105263,0.9947368421052631,2,1,16.235343589207805,3,1,2,2,true,false,false,false
P2SERVICE_5e67e5ff511b2e50,P2PLAN_ed0a47f2c02c593f,2,2,2,"[""blank_slate"",""single_compact_loop""]","[""P2PLAN_ed0a47f2c02c593f"",""P2PLAN_f90337804ba7460f""]","[""P2_06755a34f49f025f"",""P2_8031197355654327""]","[[""R2_720949d9745b883ea795"",7]]",30,S8_EXTENDED_0530_2400,IDEALISED_DAILY_YEAR,ROBUST_PASSENGER_UNRESTRICTED;ROBUST_PASSENGER_FREQUENT_30,1110,365,90767.050156,1,0.050395480412,0.124184246283,0.182836849837,0.0,5.0341214e-05,0.009189912991,221.0,0.9795918367346939,0.9863945578231292,3,1,18.99903508646387,1,1,1,1,true,false,false,false
P2SERVICE_6232b3d2de6d7e79,P2PLAN_8e924caa10a137ef,2,2,2,"[""blank_slate"",""single_compact_loop""]","[""P2PLAN_8e924caa10a137ef"",""P2PLAN_d03f2f51da3f55b5""]","[""P2_39309e97f4fa3d4d"",""P2_a44745e961005b24""]","[[""R2_6fc8006689b7ff6ba32d"",14]]",30,S8_EXTENDED_0530_2400,IDEALISED_DAILY_YEAR,ROBUST_PASSENGER_UNRESTRICTED;ROBUST_PASSENGER_FREQUENT_30,1110,365,95793.217634,1,0.09851741113,0.234141220948,0.278320318096,0.0,0.0,0.0,221.0,0.9727891156462585,0.9930555555555556,4,1,22.119365068231616,2,2,2,2,true,false,false,false
P2SERVICE_64a4b941a4afa074,P2PLAN_c2a278ffcd6900e8,2,2,2,"[""blank_slate"",""single_compact_loop""]","[""P2PLAN_c2a278ffcd6900e8"",""P2PLAN_e5675d3cd3235694""]","[""P2_39309e97f4fa3d4d"",""P2_a44745e961005b24""]","[[""R2_6fc8006689b7ff6ba32d"",10]]",20,CORE_0600_2200,IDEALISED_6_DAY_52_WEEK,ROBUST_PASSENGER_UNRESTRICTED;ROBUST_PASSENGER_FREQUENT_30,960,312,106227.265997,1,0.09851741113,0.234141220948,0.278320318096,0.0,0.0,0.0,221.0,0.9873417721518988,0.9936708860759493,2,1,16.09326380733738,2,2,2,2,true,false,false,false
P2SERVICE_65c0132595b5d9a1,P2PLAN_2d17d8ed09a067f3,2,2,2,"[""interlined_figure8"",""two_independent_loops""]","[""P2PLAN_2d17d8ed09a067f3"",""P2PLAN_30af2bbd9022c1f9""]","[""P2_03ff199e84ca8ec7"",""P2_f3fb940d00e10b7a""]","[[""R2_9709d9b43ced9a82d911"",37],[""R2_c5047e55806cf91866a9"",57]]",60,CORE_0600_2200,IDEALISED_5_DAY_52_WEEK,ROBUST_PASSENGER_UNRESTRICTED,960,260,110816.385372,2,0.092813424611,0.220434110148,0.313755500274,0.0,0.0,0.0,1362.0,0.9840425531914894,0.9946808510638298,3,2,33.07496923749422,2,1,5,5,true,false,false,false
P2SERVICE_6682195b780577d7,P2PLAN_6d0b7a52310f7482,2,2,2,"[""interlined_figure8"",""two_independent_loops""]","[""P2PLAN_6d0b7a52310f7482"",""P2PLAN_b97fe2a84588dbbf""]","[""P2_63021da0e543c07d"",""P2_ebdd88f2a1cd8e47""]","[[""R2_02e779095e18cf5b3484"",37],[""R2_23d58cd05658247380d7"",37]]",60,CORE_0600_2200,IDEALISED_5_DAY_52_WEEK,ROBUST_PASSENGER_UNRESTRICTED,960,260,107338.14171,2,0.0947375224,0.222599749932,0.304776516606,5.0341214e-05,0.001838235294,0.015897834464,1735.0,0.9787234042553191,0.9893617021276596,4,2,32.38004959761254,2,2,4,4,true,false,false,false
P2SERVICE_67191437a9907b3e,P2PLAN_9354d92de6933ee8,2,2,2,"[""blank_slate"",""single_compact_loop""]","[""P2PLAN_9354d92de6933ee8"",""P2PLAN_f5479d5993d42cbb""]","[""P2_14fd41ab5fad0b23"",""P2_a815c45bca43374b""]","[[""R2_0c74cbb6c90ba91bf1bd"",37]]",60,S8_EXTENDED_0530_2400,IDEALISED_DAILY_YEAR,ROBUST_PASSENGER_UNRESTRICTED,1110,365,108429.049433,1,0.081675190265,0.215206057737,0.290779931744,0.0,0.0,0.000465712767,733.0,0.9908256880733946,0.9908256880733946,1,1,32.19487834816894,1,1,3,3,true,false,false,false
P2SERVICE_6caa488b98288c96,P2PLAN_501aa34894eee2f1,2,2,2,"[""blank_slate"",""single_compact_loop""]","[""P2PLAN_501aa34894eee2f1"",""P2PLAN_adb68df4052ce9f4""]","[""P2_bfbb9d6c4188ab18"",""P2_d2d270f92e2b6996""]","[[""R2_0dfbad056e54a0bf0740"",37]]",60,S8_EXTENDED_0530_2400,IDEALISED_5_DAY_52_WEEK,ROBUST_PASSENGER_UNRESTRICTED,1110,260,106776.65221,1,0.08075166393,0.194842164745,0.280354541021,0.0,0.019833047594,0.093473095134,1367.0,0.981651376146789,0.9908256880733946,2,1,27.55583957881894,2,1,3,3,true,false,false,false
P2SERVICE_6cfff35ffab9e51b,P2PLAN_168cba6e1c0d8790,2,2,2,"[""hybrid_interlined"",""two_radial_out_and_back_feeders""]","[""P2PLAN_168cba6e1c0d8790"",""P2PLAN_1dbb82133a88bb64""]","[""P2_67a1c69667ab7203"",""P2_82d7a3cefa19ec5a""]","[[""R2_ab5110a74d88f6a5a5dd"",10],[""R2_fedae7e1b14941808593"",11]]",20,CORE_0600_2200,IDEALISED_5_DAY_52_WEEK,ROBUST_PASSENGER_UNRESTRICTED;ROBUST_PASSENGER_FREQUENT_30,960,260,104866.195949,2,0.081677995931,0.205999545234,0.268511581943,0.0,0.0,0.0,447.0,0.9874213836477987,0.9937106918238994,4,2,16.13366974339657,4,2,0,0,true,false,false,false
P2SERVICE_6d3197d117462193,P2PLAN_4b8ce8c9cb3f6455,2,2,2,"[""blank_slate"",""single_compact_loop""]","[""P2PLAN_4b8ce8c9cb3f6455"",""P2PLAN_a89203b8403b6401""]","[""P2_0886d98058836122"",""P2_d86502ecc64d77d7""]","[[""R2_66178834b287021b850c"",7]]",30,CORE_0600_2200,IDEALISED_5_DAY_52_WEEK,ROBUST_PASSENGER_UNRESTRICTED;ROBUST_PASSENGER_FREQUENT_30,960,260,98662.214086,1,0.083322813913,0.186797881837,0.277220640658,0.0,0.0,0.0,753.0,0.9841269841269841,0.9920634920634921,2,1,22.22103174059612,2,2,2,2,true,false,false,false
P2SERVICE_71c68350459ae643,P2PLAN_246a712c3fcab97d,2,2,2,"[""blank_slate"",""single_compact_loop""]","[""P2PLAN_246a712c3fcab97d"",""P2PLAN_8dbec00b63282643""]","[""P2_1d6d9059fae20b5a"",""P2_d8dce4f9ed44fba4""]","[[""R2_dcc2b84d507826a86b57"",7]]",20,CORE_0600_2200,IDEALISED_5_DAY_52_WEEK,ROBUST_PASSENGER_UNRESTRICTED;ROBUST_PASSENGER_FREQUENT_30,960,260,100566.720971,1,0.089644584924,0.205491097133,0.273710136617,0.0,0.0,0.0,375.0,0.9873417721518988,0.9936708860759493,2,1,17.262319217797014,2,2,0,0,true,false,false,false
P2SERVICE_71e7d048ce9fe4a2,P2PLAN_66f8ee0a6f4e6ba6,2,2,2,"[""blank_slate"",""single_compact_loop""]","[""P2PLAN_66f8ee0a6f4e6ba6"",""P2PLAN_728977d6425cbf0a""]","[""P2_22bb42ed0ff7cc88"",""P2_f310802c44431269""]","[[""R2_39da8f97f04069524b98"",7]]",20,S8_EXTENDED_0530_2400,IDEALISED_5_DAY_52_WEEK,ROBUST_PASSENGER_UNRESTRICTED;ROBUST_PASSENGER_FREQUENT_30,1110,260,98848.925375,1,0.086041434286,0.210009750506,0.252942038261,0.0,0.0,0.0,490.0,0.9726775956284153,0.9944444444444445,5,1,17.36445786273645,2,2,0,0,true,false,false,false
P2SERVICE_72d1b249b61e9418,P2PLAN_5142ea9b2c55d8c0,2,2,2,"[""blank_slate"",""single_compact_loop""]","[""P2PLAN_5142ea9b2c55d8c0"",""P2PLAN_e685289a438b0163""]","[""P2_a112d4f2cc25db49"",""P2_a400aa6f478c2783""]","[[""R2_c5dce46458cb3b702f8a"",7]]",30,CORE_0600_2200,IDEALISED_6_DAY_52_WEEK,ROBUST_PASSENGER_UNRESTRICTED;ROBUST_PASSENGER_FREQUENT_30,960,312,107756.689897,1,0.081879864764,0.207126248876,0.270110778917,0.0,0.0,0.0,733.0,0.9841269841269841,0.9921875,2,1,22.93652294164612,2,2,1,1,true,false,false,false
P2SERVICE_77f37098605497c8,P2PLAN_589f0c1392b855f2,2,2,2,"[""blank_slate"",""single_compact_loop""]","[""P2PLAN_589f0c1392b855f2"",""P2PLAN_7ba876cb3a856f4a""]","[""P2_0b739d3d3666821a"",""P2_ba0ab300ff403ecc""]","[[""R2_6664a560483e79a6376a"",27]]",30,CORE_0600_2200,IDEALISED_5_DAY_52_WEEK,ROBUST_PASSENGER_UNRESTRICTED;ROBUST_PASSENGER_FREQUENT_30,960,260,106909.183846,1,0.113656338676,0.259601799711,0.342233567091,0.0,0.0,0.0,375.0,0.9920634920634921,1.0,1,1,25.976482804463867,2,2,2,2,true,false,false,false
P2SERVICE_798d505f8d61a949,P2PLAN_5e9e1a3c2dbd3141,2,2,2,"[""blank_slate"",""single_compact_loop""]","[""P2PLAN_5e9e1a3c2dbd3141"",""P2PLAN_b99fc3028edc6d51""]","[""P2_bc2ca552c84b42c9"",""P2_d3a8f22f24eccaaa""]","[[""R2_ce283b4cd4b20a5821a0"",13]]",20,S8_EXTENDED_0530_2400,IDEALISED_DAILY_YEAR,ROBUST_PASSENGER_UNRESTRICTED;ROBUST_PASSENGER_FREQUENT_30,1110,365,92288.034581,1,0.063693868975,0.140955820367,0.17857677038,0.0,0.0,0.0,643.0,0.972972972972973,0.9945054945054945,5,1,18.079869565255745,2,1,1,1,true,false,false,false
P2SERVICE_7f17e1c5ebd46a77,P2PLAN_86dafaf42199ee5d,2,2,2,"[""interlined_figure8"",""two_independent_loops""]","[""P2PLAN_86dafaf42199ee5d"",""P2PLAN_972ff6fdda63a351""]","[""P2_ad5408ca9497179f"",""P2_b3af627396fc68a3""]","[[""R2_9709d9b43ced9a82d911"",37],[""R2_b2032eeb31cba06561f0"",37]]",60,CORE_0600_2200,IDEALISED_6_DAY_52_WEEK,ROBUST_PASSENGER_UNRESTRICTED,960,312,106291.422527,2,0.132103607617,0.278381016346,0.372843147226,0.0,0.001603809065,0.011997838656,676.0,0.9789473684210527,0.9894736842105263,4,2,32.36823280066254,2,3,3,3,true,false,false,false
P2SERVICE_81f81d7a6611f2fe,P2PLAN_8da074b12629b297,2,2,2,"[""interlined_figure8"",""two_independent_loops""]","[""P2PLAN_8da074b12629b297"",""P2PLAN_973d2b8544aa3248""]","[""P2_16ca71fbeb90f261"",""P2_ae7b27c3ff0f84ae""]","[[""R2_79be5eaf09b6cc81e446"",16],[""R2_b2032eeb31cba06561f0"",57]]",60,S8_EXTENDED_0530_2400,IDEALISED_5_DAY_52_WEEK,ROBUST_PASSENGER_UNRESTRICTED,1110,260,109418.161167,2,0.143439243213,0.294077628546,0.384254160568,0.0,0.0,0.0,753.0,0.9770642201834863,0.9861111111111112,5,2,30.792901088131618,2,4,1,1,true,false,false,false
P2SERVICE_833fb9addc92de21,P2PLAN_246ac789dc137623,2,2,2,"[""blank_slate"",""single_compact_loop""]","[""P2PLAN_246ac789dc137623"",""P2PLAN_8ae737142a5c4262""]","[""P2_e4b92caba131562a"",""P2_efb7898b0d4b89dc""]","[[""R2_ee975e5012ad1533d159"",10]]",20,CORE_0600_2200,IDEALISED_DAILY_YEAR,ROBUST_PASSENGER_UNRESTRICTED;ROBUST_PASSENGER_FREQUENT_30,960,365,108882.874294,1,0.04676944458,0.121359780663,0.186539274648,0.0,0.0,0.0,643.0,0.9873417721518988,0.9936708860759493,2,1,16.473691613541835,2,0,2,2,true,false,false,false
P2SERVICE_84cd6661920c3677,P2PLAN_a27281cea39ebe9b,2,2,2,"[""blank_slate"",""single_compact_loop""]","[""P2PLAN_a27281cea39ebe9b"",""P2PLAN_da2f634676b7d2b0""]","[""P2_9858dc3c94ecb6ac"",""P2_f77c2ba98980326c""]","[[""R2_e641044e83a327ab5732"",7]]",30,CORE_0600_2200,IDEALISED_DAILY_YEAR,ROBUST_PASSENGER_UNRESTRICTED;ROBUST_PASSENGER_FREQUENT_30,960,365,95981.372932,1,0.075446277788,0.159931714535,0.202977859691,0.0,0.0,0.0,844.0,0.984375,0.9921875,2,1,18.06098927171387,2,2,1,1,true,false,false,false
P2SERVICE_86426e3908d6d4ae,P2PLAN_0e297489011ecb6f,2,2,2,"[""blank_slate"",""single_compact_loop""]","[""P2PLAN_0e297489011ecb6f"",""P2PLAN_e29927ce4246e204""]","[""P2_0ffe721d74a786cf"",""P2_373a2b2dbf17f0d2""]","[[""R2_f72f8095e2969202df8c"",7]]",30,S8_EXTENDED_0530_2400,IDEALISED_5_DAY_52_WEEK,ROBUST_PASSENGER_UNRESTRICTED;ROBUST_PASSENGER_FREQUENT_30,1110,260,110355.113291,1,0.116568545999,0.236790601492,0.292316453755,0.0,0.0,0.00566028293,90.0,0.9727891156462585,0.9862068965517241,4,1,24.810688752713872,2,1,2,2,true,false,false,false
P2SERVICE_86b0054b5eb5b7bb,P2PLAN_9ec50a3a79b14b03,2,2,2,"[""blank_slate"",""single_compact_loop""]","[""P2PLAN_9ec50a3a79b14b03"",""P2PLAN_ac53758ca393c67d""]","[""P2_067e6c7ae6cb14c4"",""P2_3d110befe0bda5e7""]","[[""R2_717987377cd99367dc20"",10]]",20,CORE_0600_2200,IDEALISED_DAILY_YEAR,ROBUST_PASSENGER_UNRESTRICTED;ROBUST_PASSENGER_FREQUENT_30,960,365,99848.694318,1,0.06319969283,0.166724548334,0.203069918834,0.0,0.0,0.0,490.0,0.9873417721518988,0.9936708860759493,2,1,16.539039568741835,2,1,1,1,true,false,false,false
P2SERVICE_882dce9fcfa7cc65,P2PLAN_11a0a12ba0b1b799,2,2,2,"[""blank_slate"",""single_compact_loop""]","[""P2PLAN_11a0a12ba0b1b799"",""P2PLAN_c0ce744eca0db6d3""]","[""P2_9d80fce91382014c"",""P2_e3144a389b860f58""]","[[""R2_f3daa3dc7796670c4455"",7]]",30,CORE_0600_2200,IDEALISED_5_DAY_52_WEEK,ROBUST_PASSENGER_UNRESTRICTED;ROBUST_PASSENGER_FREQUENT_30,960,260,100626.227404,1,0.070148721939,0.189422990515,0.252829648743,0.033694851388,0.055548320348,0.063137253657,641.0,0.9841269841269841,0.9920634920634921,2,1,22.748855355796124,2,2,1,1,true,false,false,false
P2SERVICE_8bcfbc4cafea7fb1,P2PLAN_bfe82f32330e02c4,2,2,2,"[""interlined_figure8"",""two_independent_loops""]","[""P2PLAN_bfe82f32330e02c4"",""P2PLAN_c3ad5d136932e735""]","[""P2_32c80edb4b3bb903"",""P2_76fd09c6516f6610""]","[[""R2_16a97519523a8a680e75"",37],[""R2_23d58cd05658247380d7"",37]]",60,CORE_0600_2200,IDEALISED_6_DAY_52_WEEK,ROBUST_PASSENGER_UNRESTRICTED,960,312,105935.887594,2,0.106365636957,0.241773228843,0.319076999002,0.066479875394,0.170853502565,0.220739738276,1055.0,0.9789473684210527,0.9894736842105263,4,2,32.38004959761254,2,3,2,2,true,false,false,false
P2SERVICE_8bd06cfa8df5720f,P2PLAN_1599e8cb7bf5e5e7,2,2,2,"[""blank_slate"",""single_compact_loop""]","[""P2PLAN_1599e8cb7bf5e5e7"",""P2PLAN_276e552b963f2cc7""]","[""P2_9e11bf505a0635b2"",""P2_e66cf45d5e816d61""]","[[""R2_3fa739d314237ccb0def"",10]]",20,CORE_0600_2200,IDEALISED_5_DAY_52_WEEK,ROBUST_PASSENGER_UNRESTRICTED;ROBUST_PASSENGER_FREQUENT_30,960,260,103670.426521,1,0.081009852531,0.214104728558,0.278417422375,0.0,0.0,0.0,221.0,0.9873417721518988,0.9936708860759493,2,1,16.15689708528738,2,2,1,1,true,false,false,false
P2SERVICE_8cc5ba218d183661,P2PLAN_381ab2b134432562,2,2,2,"[""blank_slate"",""single_compact_loop""]","[""P2PLAN_381ab2b134432562"",""P2PLAN_a15c2f105e500ac4""]","[""P2_53fd2d4d99e137fc"",""P2_fa603ab2af99a6aa""]","[[""R2_fc3196ae85a4ca6d0ece"",7]]",15,CORE_0600_2200,IDEALISED_5_DAY_52_WEEK,ROBUST_PASSENGER_UNRESTRICTED;ROBUST_PASSENGER_FREQUENT_30,960,260,94183.852206,1,0.065917856243,0.155349483895,0.204006783968,0.0,0.000465712767,0.009189912991,0.0,0.9894736842105263,0.9947368421052631,2,1,17.071701233049584,3,1,1,1,true,false,false,false
P2SERVICE_8d442ffeaf65e100,P2PLAN_32e9cd94f2b12ec9,2,2,2,"[""interlined_figure8"",""two_independent_loops""]","[""P2PLAN_32e9cd94f2b12ec9"",""P2PLAN_bece1271efc8835e""]","[""P2_54a95efec8050a40"",""P2_9501ca79c629d48b""]","[[""R2_5f46cc000b42d4b6248f"",37],[""R2_ee13da0e6a2cac68a14e"",37]]",60,CORE_0600_2200,IDEALISED_5_DAY_52_WEEK,ROBUST_PASSENGER_UNRESTRICTED,960,260,109725.813184,2,0.074480220856,0.210520029635,0.307632375467,0.0,0.0,0.0,1367.0,0.9789473684210527,0.9894736842105263,4,2,28.65946533791254,3,0,6,6,true,false,false,false
P2SERVICE_8f3a8305acbe2133,P2PLAN_8d0436a95abf8195,2,2,2,"[""blank_slate"",""single_compact_loop""]","[""P2PLAN_8d0436a95abf8195"",""P2PLAN_db5e1bbfb8972515""]","[""P2_e4b92caba131562a"",""P2_efb7898b0d4b89dc""]","[[""R2_ee975e5012ad1533d159"",10]]",15,CORE_0600_2200,IDEALISED_5_DAY_52_WEEK,ROBUST_PASSENGER_UNRESTRICTED;ROBUST_PASSENGER_FREQUENT_30,960,260,103413.871475,1,0.04676944458,0.121359780663,0.186539274648,0.0,0.0,0.0,643.0,0.9947368421052631,0.9947368421052631,1,1,16.234268782849586,2,0,2,2,true,false,false,false
P2SERVICE_8f5c518d34d9dad5,P2PLAN_49027f5fccbe2799,2,2,2,"[""blank_slate"",""single_compact_loop""]","[""P2PLAN_49027f5fccbe2799"",""P2PLAN_c35a1aec327dcd93""]","[""P2_bc2ca552c84b42c9"",""P2_d3a8f22f24eccaaa""]","[[""R2_ce283b4cd4b20a5821a0"",12]]",15,CORE_0600_2200,IDEALISED_DAILY_YEAR,ROBUST_PASSENGER_UNRESTRICTED;ROBUST_PASSENGER_FREQUENT_30,960,365,105472.039522,1,0.063693868975,0.140955820367,0.17857677038,0.0,0.0,0.0,643.0,0.9947368421052631,1.0,1,1,16.825620064790712,2,1,1,1,true,false,false,false
P2SERVICE_8fa421e1f0f3d93b,P2PLAN_38db537018dc5c6e,2,2,2,"[""blank_slate"",""single_compact_loop""]","[""P2PLAN_38db537018dc5c6e"",""P2PLAN_d43a1e26ccdf9d6f""]","[""P2_48c394c239c6771c"",""P2_52efec20a7f89f42""]","[[""R2_f6e23d36c7ebe6e85edf"",37]]",60,S8_EXTENDED_0530_2400,IDEALISED_5_DAY_52_WEEK,ROBUST_PASSENGER_UNRESTRICTED,1110,260,106814.336619,1,0.133995379885,0.281984688831,0.346469132191,0.007278943943,0.032939579786,0.045773761307,1055.0,0.981651376146789,0.9908256880733946,2,1,28.310549913918937,2,3,1,1,true,false,false,false
P2SERVICE_943b7559dd2d730d,P2PLAN_37c82466d64d4cf4,2,2,2,"[""blank_slate"",""single_compact_loop""]","[""P2PLAN_37c82466d64d4cf4"",""P2PLAN_c262726d2367a5a9""]","[""P2_3c616bcc9264a36e"",""P2_efefcd2690aa66ab""]","[[""R2_702a40c555c4cce0e721"",7]]",30,CORE_0600_2200,IDEALISED_5_DAY_52_WEEK,ROBUST_PASSENGER_UNRESTRICTED;ROBUST_PASSENGER_FREQUENT_30,960,260,111213.090876,1,0.086888218542,0.228064681113,0.322751199496,0.0,5.0341214e-05,0.000516053981,447.0,0.9841269841269841,0.9920634920634921,2,1,24.987087374963867,2,2,2,2,true,false,false,false
P2SERVICE_94c90443b6c8b686,P2PLAN_ce88678e4093d45d,2,2,2,"[""blank_slate"",""single_compact_loop""]","[""P2PLAN_ce88678e4093d45d"",""P2PLAN_d15861cf25510249""]","[""P2_067e6c7ae6cb14c4"",""P2_3d110befe0bda5e7""]","[[""R2_717987377cd99367dc20"",10]]",15,CORE_0600_2200,IDEALISED_5_DAY_52_WEEK,ROBUST_PASSENGER_UNRESTRICTED;ROBUST_PASSENGER_FREQUENT_30,960,260,94833.463096,1,0.06319969283,0.166724548334,0.203069918834,0.0,0.0,0.0,490.0,0.9947368421052631,0.9947368421052631,1,1,16.299616738049583,2,1,1,1,true,false,false,false
P2SERVICE_973b647a288344fa,P2PLAN_606b9eca4fcbfa48,2,2,2,"[""blank_slate"",""single_compact_loop""]","[""P2PLAN_606b9eca4fcbfa48"",""P2PLAN_c8c64e58a9cfb182""]","[""P2_0dad7306b7f24317"",""P2_b2b84af723f36722""]","[[""R2_39bacbd50eec4c1b1e98"",0]]",20,S8_EXTENDED_0530_2400,IDEALISED_6_DAY_52_WEEK,ROBUST_PASSENGER_UNRESTRICTED;ROBUST_PASSENGER_FREQUENT_30,1110,312,109859.74984,1,0.07279992348,0.178639244681,0.216419586923,0.0,0.0,0.0,356.0,0.9836065573770492,0.989010989010989,3,1,16.654687819672404,2,2,0,0,true,false,false,false
P2SERVICE_983087b6e0f8cc25,P2PLAN_2c6232f76cdca4fe,2,2,2,"[""blank_slate"",""single_compact_loop""]","[""P2PLAN_2c6232f76cdca4fe"",""P2PLAN_dd679715e3e1dd19""]","[""P2_a7143f626fa3e4c8"",""P2_e81f744c00a077cf""]","[[""R2_89ad250d7fb28bc4d750"",10]]",20,S8_EXTENDED_0530_2400,IDEALISED_DAILY_YEAR,ROBUST_PASSENGER_UNRESTRICTED;ROBUST_PASSENGER_FREQUENT_30,1110,365,100999.625148,1,0.095430465648,0.217128947577,0.253311237537,0.0,0.0,0.0,221.0,0.972972972972973,0.9945054945054945,5,1,16.788460717705746,2,2,1,1,true,false,false,false
P2SERVICE_984d8f34da05efe0,P2PLAN_6e7f671f23048ba3,2,2,2,"[""blank_slate"",""single_compact_loop""]","[""P2PLAN_6e7f671f23048ba3"",""P2PLAN_c74ede293762afe4""]","[""P2_809c8de22802b017"",""P2_b61ce8c56cf408f8""]","[[""R2_1701c710edcd53eee167"",37]]",60,S8_EXTENDED_0530_2400,IDEALISED_6_DAY_52_WEEK,ROBUST_PASSENGER_UNRESTRICTED,1110,312,106849.421594,1,0.109281682059,0.243128782179,0.324805241097,0.041666923347,0.16160921696,0.22184050544,567.0,0.9908256880733946,0.9908256880733946,1,1,31.80596743846894,1,3,1,1,true,false,false,false
P2SERVICE_98bfdafadd6e4920,P2PLAN_598b9f8331405b3d,2,2,2,"[""hybrid_interlined"",""two_radial_out_and_back_feeders""]","[""P2PLAN_598b9f8331405b3d"",""P2PLAN_e57f3204d770b11c""]","[""P2_25a64830e5a70b2d"",""P2_2ad990d0f4719858""]","[[""R2_691d5061a0170b543a1b"",0],[""R2_b622c0c9482a8b5ac700"",12]]",20,S8_EXTENDED_0530_2400,IDEALISED_5_DAY_52_WEEK,ROBUST_PASSENGER_UNRESTRICTED;ROBUST_PASSENGER_FREQUENT_30,1110,260,110516.163953,2,0.06956360805,0.158096537257,0.204207321376,0.0,0.000465712767,0.013951238382,90.0,0.9836065573770492,0.9917582417582418,6,2,16.25924182164433,3,1,1,1,true,false,false,false
P2SERVICE_9a39b1ce88769ce6,P2PLAN_3f292cde48930271,2,2,2,"[""blank_slate"",""single_compact_loop""]","[""P2PLAN_3f292cde48930271"",""P2PLAN_655102ad1ba09ed2""]","[""P2_bc2ca552c84b42c9"",""P2_d3a8f22f24eccaaa""]","[[""R2_ce283b4cd4b20a5821a0"",12]]",15,S8_EXTENDED_0530_2400,IDEALISED_6_DAY_52_WEEK,ROBUST_PASSENGER_UNRESTRICTED;ROBUST_PASSENGER_FREQUENT_30,1110,312,104243.940431,1,0.063693868975,0.140955820367,0.17857677038,0.0,0.0,0.0,643.0,0.9817351598173516,0.9908256880733946,4,1,16.79116075896278,2,1,1,1,true,false,false,false
P2SERVICE_9ac24bdb2ac93864,P2PLAN_0aac7503dc88e8d1,2,2,2,"[""blank_slate"",""single_compact_loop""]","[""P2PLAN_0aac7503dc88e8d1"",""P2PLAN_320e4927ec6c7851""]","[""P2_32209b4bbc62cfb6"",""P2_f0a0176cad91088e""]","[[""R2_837c3ae88923898ea40c"",25]]",30,CORE_0600_2200,IDEALISED_5_DAY_52_WEEK,ROBUST_PASSENGER_UNRESTRICTED;ROBUST_PASSENGER_FREQUENT_30,960,260,111003.362047,1,0.095674794311,0.223651318187,0.314206133096,0.0,5.0341214e-05,5.0341214e-05,733.0,0.9920634920634921,0.9920634920634921,1,1,24.64200558596387,2,3,1,1,true,false,false,false
P2SERVICE_9b424c4cc2355f00,P2PLAN_419e6fd66e5554c2,2,2,2,"[""blank_slate"",""single_compact_loop""]","[""P2PLAN_419e6fd66e5554c2"",""P2PLAN_c3c052e0bd8e2356""]","[""P2_49faf41dbb619aa0"",""P2_6d191d545b91e100""]","[[""R2_5be11ea0fd5246053759"",13]]",20,CORE_0600_2200,IDEALISED_5_DAY_52_WEEK,ROBUST_PASSENGER_UNRESTRICTED;ROBUST_PASSENGER_FREQUENT_30,960,260,103801.37221,1,0.052721762669,0.137326479142,0.188415932881,0.0,0.006505370732,0.009189912991,139.0,0.9936708860759493,0.9936708860759493,1,1,16.626576251291834,2,2,0,0,true,false,false,false
P2SERVICE_9bee006fac6d0fa9,P2PLAN_cec7e02e6d491ee5,2,2,2,"[""blank_slate"",""single_compact_loop""]","[""P2PLAN_cec7e02e6d491ee5"",""P2PLAN_db4a7b20e7221a3d""]","[""P2_53fd2d4d99e137fc"",""P2_fa603ab2af99a6aa""]","[[""R2_fc3196ae85a4ca6d0ece"",7]]",15,S8_EXTENDED_0530_2400,IDEALISED_5_DAY_52_WEEK,ROBUST_PASSENGER_UNRESTRICTED;ROBUST_PASSENGER_FREQUENT_30,1110,260,108900.079113,1,0.065917856243,0.155349483895,0.204006783968,0.0,0.000465712767,0.009189912991,0.0,0.9817351598173516,0.9908256880733946,4,1,17.037241927221654,3,1,1,1,true,false,false,false
P2SERVICE_9f2da04444e2b35c,P2PLAN_296e01dca19e5860,2,2,2,"[""hybrid_interlined"",""two_radial_out_and_back_feeders""]","[""P2PLAN_296e01dca19e5860"",""P2PLAN_bf6a3e49ad7a55bf""]","[""P2_4dc90710cb9ea40a"",""P2_83df62ba410ac17c""]","[[""R2_40023c3a09f861e4df2b"",7],[""R2_89faf7404f5ba6502188"",12]]",15,CORE_0600_2200,IDEALISED_5_DAY_52_WEEK,ROBUST_PASSENGER_UNRESTRICTED;ROBUST_PASSENGER_FREQUENT_30,960,260,94807.194527,2,0.05483752116,0.153529561677,0.208416350158,0.0,0.0,0.000465712767,0.0,0.9921465968586387,0.9973821989528796,3,2,17.12756823766387,4,1,1,1,true,false,false,false
P2SERVICE_9fcf338149062512,P2PLAN_07b3709044a1562c,2,2,2,"[""blank_slate"",""single_compact_loop""]","[""P2PLAN_07b3709044a1562c"",""P2PLAN_5beac0d5af2a56cd""]","[""P2_409affbfe1de6e1b"",""P2_5d984357c1aadfda""]","[[""R2_94ab087b34b6933ffe06"",10]]",30,S8_EXTENDED_0530_2400,IDEALISED_5_DAY_52_WEEK,ROBUST_PASSENGER_UNRESTRICTED;ROBUST_PASSENGER_FREQUENT_30,1110,260,108006.144471,1,0.080372653546,0.185898617437,0.248125028858,0.0,0.006505370732,0.009189912991,490.0,0.9727891156462585,0.9930555555555556,4,1,20.553082156831614,2,3,0,0,true,false,false,false
P2SERVICE_a011b15def66e0ea,P2PLAN_6dbe7616bb3e9151,2,2,2,"[""blank_slate"",""single_compact_loop""]","[""P2PLAN_6dbe7616bb3e9151"",""P2PLAN_e64d15799e9c2cf0""]","[""P2_3058c75ede542cb2"",""P2_46d3fc0e6b13df71""]","[[""R2_6430b8f6d93aae646d8f"",10]]",20,CORE_0600_2200,IDEALISED_DAILY_YEAR,ROBUST_PASSENGER_UNRESTRICTED;ROBUST_PASSENGER_FREQUENT_30,960,365,107836.15449,1,0.077922907049,0.197092455187,0.253408341817,0.0,0.0,0.0,221.0,0.9873417721518988,0.9936708860759493,2,1,16.510214562641835,2,2,0,0,true,false,false,false
P2SERVICE_a2356e1a2e756b24,P2PLAN_1144a000d71a698c,2,2,2,"[""blank_slate"",""single_compact_loop""]","[""P2PLAN_1144a000d71a698c"",""P2PLAN_bd1852961d4918f4""]","[""P2_3e56c372e7f43809"",""P2_641d4fe299252481""]","[[""R2_971118d529a04cc19ad6"",37]]",60,S8_EXTENDED_0530_2400,IDEALISED_DAILY_YEAR,ROBUST_PASSENGER_UNRESTRICTED,1110,365,103268.025512,1,0.09100749487,0.209522455427,0.263457146566,0.0,0.0,0.0,956.0,0.9908256880733946,0.9908256880733946,1,1,31.893820243668937,1,1,3,3,true,false,false,false
P2SERVICE_a44538b3eff791cd,P2PLAN_49898974e64b1835,2,2,2,"[""hybrid_interlined"",""two_radial_out_and_back_feeders""]","[""P2PLAN_49898974e64b1835"",""P2PLAN_8cd30aa0df5357d2""]","[""P2_4dc90710cb9ea40a"",""P2_83df62ba410ac17c""]","[[""R2_40023c3a09f861e4df2b"",7],[""R2_89faf7404f5ba6502188"",7]]",30,S8_EXTENDED_0530_2400,IDEALISED_DAILY_YEAR,ROBUST_PASSENGER_UNRESTRICTED;ROBUST_PASSENGER_FREQUENT_30,1110,365,76945.382337,2,0.05483752116,0.153529561677,0.208416350158,0.0,0.0,0.000465712767,0.0,0.9863945578231292,0.9863945578231292,4,2,21.86113664426387,2,1,1,1,true,false,false,false
P2SERVICE_a89cd5bdaf37f6f3,P2PLAN_288646790bdeffd7,2,2,2,"[""blank_slate"",""single_compact_loop""]","[""P2PLAN_288646790bdeffd7"",""P2PLAN_4110e2ab8d8fb53f""]","[""P2_56801c69e0786613"",""P2_f3d37fa831bda36c""]","[[""R2_a6dcf730feb71833c37c"",7]]",30,CORE_0600_2200,IDEALISED_DAILY_YEAR,ROBUST_PASSENGER_UNRESTRICTED;ROBUST_PASSENGER_FREQUENT_30,960,365,96134.299955,1,0.068081706399,0.188631834721,0.232953465913,0.0,0.0,0.0,643.0,0.9841269841269841,0.9921875,2,1,22.700304585196122,2,1,3,3,true,false,false,false
P2SERVICE_a958f7873ed24089,P2PLAN_1a6ac4355ace8793,2,2,2,"[""blank_slate"",""single_compact_loop""]","[""P2PLAN_1a6ac4355ace8793"",""P2PLAN_7d08566453bb1239""]","[""P2_661654da5f884394"",""P2_e44e1ad363b4503e""]","[[""R2_45cf7c9ce93ed782cd5f"",11]]",30,S8_EXTENDED_0530_2400,IDEALISED_6_DAY_52_WEEK,ROBUST_PASSENGER_UNRESTRICTED;ROBUST_PASSENGER_FREQUENT_30,1110,312,105417.65718,1,0.073553829665,0.17792427326,0.237261308075,0.0,0.000465712767,0.013951238382,134.0,0.9727891156462585,0.9930555555555556,4,1,20.73647481753162,2,1,2,2,true,false,false,false
P2SERVICE_ac14638fd058ee3c,P2PLAN_7c811f5fd7a4b0a3,2,2,2,"[""blank_slate"",""single_compact_loop""]","[""P2PLAN_7c811f5fd7a4b0a3"",""P2PLAN_a2d1d45b7e49c33d""]","[""P2_a459a3624cc79469"",""P2_ab922de5c6fa2869""]","[[""R2_8c7957417e41db130216"",37]]",60,S8_EXTENDED_0530_2400,IDEALISED_DAILY_YEAR,ROBUST_PASSENGER_UNRESTRICTED,1110,365,101441.825,1,0.08020850393,0.182972398272,0.263106451939,0.0,0.002260418981,0.020638447805,753.0,0.9908256880733946,0.9908256880733946,1,1,32.18893940681894,1,1,3,3,true,false,false,false
P2SERVICE_ae33675dbde37907,P2PLAN_12bec39f39cae053,2,2,2,"[""blank_slate"",""single_compact_loop""]","[""P2PLAN_12bec39f39cae053"",""P2PLAN_c3062cf37d2342cd""]","[""P2_067e6c7ae6cb14c4"",""P2_3d110befe0bda5e7""]","[[""R2_717987377cd99367dc20"",10]]",20,S8_EXTENDED_0530_2400,IDEALISED_6_DAY_52_WEEK,ROBUST_PASSENGER_UNRESTRICTED;ROBUST_PASSENGER_FREQUENT_30,1110,312,99575.136251,1,0.06319969283,0.166724548334,0.203069918834,0.0,0.0,0.0,490.0,0.972972972972973,0.9945054945054945,5,1,16.548904691355744,2,1,1,1,true,false,false,false
P2SERVICE_b7caa58efbfc000f,P2PLAN_8ed706445758af13,2,2,2,"[""blank_slate"",""single_compact_loop""]","[""P2PLAN_8ed706445758af13"",""P2PLAN_b684314deb54f102""]","[""P2_1c505c091c9f5b21"",""P2_39a9959520dd71f5""]","[[""R2_74ab36c37a99ef5a1c51"",7]]",30,S8_EXTENDED_0530_2400,IDEALISED_DAILY_YEAR,ROBUST_PASSENGER_UNRESTRICTED;ROBUST_PASSENGER_FREQUENT_30,1110,365,94845.213564,1,0.055990090942,0.158428724316,0.212977207792,0.0,5.0341214e-05,5.0341214e-05,221.0,0.9795918367346939,0.9863945578231292,3,1,18.47325840701387,2,2,1,1,true,false,false,false
P2SERVICE_b93a3aa7dae843d6,P2PLAN_39e022cd96f3ccba,2,2,2,"[""blank_slate"",""single_compact_loop""]","[""P2PLAN_39e022cd96f3ccba"",""P2PLAN_4caf4d10e73d7908""]","[""P2_1781b136fd946d43"",""P2_6560a07ee7940940""]","[[""R2_5464385760a996896b1f"",56]]",60,S8_EXTENDED_0530_2400,IDEALISED_DAILY_YEAR,ROBUST_PASSENGER_UNRESTRICTED,1110,365,104235.081421,1,0.089500296527,0.202591291596,0.257446122229,0.033694851388,0.055548320348,0.063137253657,1234.0,0.981651376146789,1.0,2,1,32.49674636746387,1,3,1,1,true,false,false,false
P2SERVICE_b953399a5763f38f,P2PLAN_0bc9329646c509db,2,2,2,"[""blank_slate"",""single_compact_loop""]","[""P2PLAN_0bc9329646c509db"",""P2PLAN_a024e7d0a0353976""]","[""P2_3e9262447422e26a"",""P2_ebdaaf1baa144ee0""]","[[""R2_f4436cf0e19fc17dd484"",37]]",60,CORE_0600_2200,IDEALISED_DAILY_YEAR,ROBUST_PASSENGER_UNRESTRICTED,960,365,106109.785702,1,0.051603185214,0.131734781877,0.203897683849,5.0341214e-05,5.0341214e-05,0.010743097632,1308.0,0.9787234042553191,0.9893617021276596,2,1,31.28602284086254,1,0,4,4,true,false,false,false
P2SERVICE_b9a1af787665acce,P2PLAN_0f483ee770626eaf,2,2,2,"[""blank_slate"",""single_compact_loop""]","[""P2PLAN_0f483ee770626eaf"",""P2PLAN_2409bc3be747e629""]","[""P2_bfbb9d6c4188ab18"",""P2_d2d270f92e2b6996""]","[[""R2_0dfbad056e54a0bf0740"",37]]",60,CORE_0600_2200,IDEALISED_6_DAY_52_WEEK,ROBUST_PASSENGER_UNRESTRICTED,960,312,107900.61697,1,0.08075166393,0.194842164745,0.280354541021,0.0,0.019833047594,0.093473095134,1367.0,0.9787234042553191,0.9893617021276596,2,1,27.61350100646254,2,1,3,3,true,false,false,false
P2SERVICE_baff53f28ba59bd2,P2PLAN_12882747dc9e8515,2,2,2,"[""blank_slate"",""single_compact_loop""]","[""P2PLAN_12882747dc9e8515"",""P2PLAN_70d68153d2d22aea""]","[""P2_661654da5f884394"",""P2_e44e1ad363b4503e""]","[[""R2_45cf7c9ce93ed782cd5f"",7]]",30,CORE_0600_2200,IDEALISED_DAILY_YEAR,ROBUST_PASSENGER_UNRESTRICTED;ROBUST_PASSENGER_FREQUENT_30,960,365,106659.583841,1,0.073553829665,0.17792427326,0.237261308075,0.0,0.000465712767,0.013951238382,134.0,0.9841269841269841,0.9921875,2,1,22.891956315146118,2,1,2,2,true,false,false,false
P2SERVICE_bb8f2365f4349bf8,P2PLAN_5acbb2a3cc4a171f,2,2,2,"[""blank_slate"",""single_compact_loop""]","[""P2PLAN_5acbb2a3cc4a171f"",""P2PLAN_8f07b8759752afbe""]","[""P2_869464afc34adb99"",""P2_e44431d84b3c6317""]","[[""R2_527288526c67dea072ec"",12]]",30,S8_EXTENDED_0530_2400,IDEALISED_6_DAY_52_WEEK,ROBUST_PASSENGER_UNRESTRICTED;ROBUST_PASSENGER_FREQUENT_30,1110,312,111112.636616,1,0.10210992885,0.238365783426,0.318762138245,0.0,0.0,0.0,375.0,0.9727891156462585,0.9930555555555556,4,1,21.301039812631615,2,2,1,1,true,false,false,false
P2SERVICE_be87b04ba8ba8256,P2PLAN_81721bac967880be,2,2,2,"[""blank_slate"",""single_compact_loop""]","[""P2PLAN_81721bac967880be"",""P2PLAN_dafe17b3c4cb6e3c""]","[""P2_61cba0bd6db4e301"",""P2_6938658f0b6fc009""]","[[""R2_4730892de76b4133c50e"",37]]",60,S8_EXTENDED_0530_2400,IDEALISED_6_DAY_52_WEEK,ROBUST_PASSENGER_UNRESTRICTED,1110,312,109062.201402,1,0.09310000636,0.208126666017,0.282511401311,0.0,0.0,0.007765537274,753.0,0.981651376146789,0.9908256880733946,2,1,30.80693127106894,1,3,1,1,true,false,false,false
P2SERVICE_bf45878bf2732ab9,P2PLAN_427e172c1632b69c,2,2,2,"[""blank_slate"",""single_compact_loop""]","[""P2PLAN_427e172c1632b69c"",""P2PLAN_6413395a517ecc8e""]","[""P2_22bb42ed0ff7cc88"",""P2_f310802c44431269""]","[[""R2_39da8f97f04069524b98"",7]]",20,CORE_0600_2200,IDEALISED_6_DAY_52_WEEK,ROBUST_PASSENGER_UNRESTRICTED;ROBUST_PASSENGER_FREQUENT_30,960,312,103521.783666,1,0.086041434286,0.210009750506,0.252942038261,0.0,0.0,0.0,490.0,0.9873417721518988,0.9936708860759493,2,1,17.385369041647014,2,2,0,0,true,false,false,false
P2SERVICE_bf6fe0f4ce147e68,P2PLAN_cbeb08d7e869a787,2,2,2,"[""blank_slate"",""single_compact_loop""]","[""P2PLAN_cbeb08d7e869a787"",""P2PLAN_eb81b3bc7f4a9801""]","[""P2_22bb42ed0ff7cc88"",""P2_f310802c44431269""]","[[""R2_39da8f97f04069524b98"",7]]",30,S8_EXTENDED_0530_2400,IDEALISED_DAILY_YEAR,ROBUST_PASSENGER_UNRESTRICTED;ROBUST_PASSENGER_FREQUENT_30,1110,365,93353.478125,1,0.086041434286,0.210009750506,0.252942038261,0.0,0.0,0.0,490.0,0.9795918367346939,0.9863945578231292,3,1,18.01270440896387,2,2,0,0,true,false,false,false
P2SERVICE_c2985762eddf9144,P2PLAN_a92692f05958cba8,2,2,2,"[""blank_slate"",""single_compact_loop""]","[""P2PLAN_a92692f05958cba8"",""P2PLAN_ffcbcfb03a53fb31""]","[""P2_e9c8db434d1985dc"",""P2_edf8841736cce165""]","[[""R2_9f54d35950504cf94579"",37]]",60,S8_EXTENDED_0530_2400,IDEALISED_DAILY_YEAR,ROBUST_PASSENGER_UNRESTRICTED,1110,365,108954.452169,1,0.095795133313,0.252397441406,0.364011177271,0.034857470318,0.131290820698,0.175453129957,567.0,0.9908256880733946,0.9908256880733946,1,1,32.23915631821894,1,3,1,1,true,false,false,false
P2SERVICE_c8068e2e99458f3a,P2PLAN_5f6476769480e933,2,2,2,"[""blank_slate"",""single_compact_loop""]","[""P2PLAN_5f6476769480e933"",""P2PLAN_c67ba3970b448972""]","[""P2_61cba0bd6db4e301"",""P2_6938658f0b6fc009""]","[[""R2_4730892de76b4133c50e"",37]]",60,CORE_0600_2200,IDEALISED_DAILY_YEAR,ROBUST_PASSENGER_UNRESTRICTED,960,365,107443.194363,1,0.09310000636,0.208126666017,0.282511401311,0.0,0.0,0.007765537274,753.0,0.9787234042553191,0.9893617021276596,2,1,30.864592698712542,1,3,1,1,true,false,false,false
P2SERVICE_c88356679e4ec210,P2PLAN_06b6b389dad0888e,2,2,2,"[""blank_slate"",""single_compact_loop""]","[""P2PLAN_06b6b389dad0888e"",""P2PLAN_73436257cf1ac923""]","[""P2_a7143f626fa3e4c8"",""P2_e81f744c00a077cf""]","[[""R2_89ad250d7fb28bc4d750"",10]]",15,CORE_0600_2200,IDEALISED_6_DAY_52_WEEK,ROBUST_PASSENGER_UNRESTRICTED;ROBUST_PASSENGER_FREQUENT_30,960,312,98667.344176,1,0.095430465648,0.217128947577,0.253311237537,0.0,0.0,0.0,221.0,0.9947368421052631,0.9947368421052631,1,1,16.539172764399584,2,2,1,1,true,false,false,false
P2SERVICE_ca8dd1208524dfa0,P2PLAN_3034250503b87235,2,2,2,"[""hybrid_interlined"",""two_radial_out_and_back_feeders""]","[""P2PLAN_3034250503b87235"",""P2PLAN_be21b234337d79af""]","[""P2_25a64830e5a70b2d"",""P2_2ad990d0f4719858""]","[[""R2_691d5061a0170b543a1b"",7],[""R2_b622c0c9482a8b5ac700"",7]]",30,S8_EXTENDED_0530_2400,IDEALISED_DAILY_YEAR,ROBUST_PASSENGER_UNRESTRICTED;ROBUST_PASSENGER_FREQUENT_30,1110,365,103550.849961,2,0.06956360805,0.158096537257,0.204207321376,0.0,0.000465712767,0.013951238382,90.0,0.9863945578231292,0.9863945578231292,4,2,20.77641062861387,2,1,1,1,true,false,false,false
P2SERVICE_cb4135f102ee5cc4,P2PLAN_ec23b2eefe9b0db6,2,2,2,"[""blank_slate"",""single_compact_loop""]","[""P2PLAN_ec23b2eefe9b0db6"",""P2PLAN_f397bd923b319077""]","[""P2_aafcdb7105f63b4b"",""P2_bc532d83c07371af""]","[[""R2_1324fd88bde3a7e1f53f"",27]]",60,S8_EXTENDED_0530_2400,IDEALISED_6_DAY_52_WEEK,ROBUST_PASSENGER_UNRESTRICTED,1110,312,107695.417061,1,0.04799568673,0.151404771835,0.228379359125,0.0,0.019833047594,0.093473095134,753.0,0.963302752293578,0.9813084112149533,4,1,34.7148275640959,1,0,3,3,true,false,false,false
P2SERVICE_cd71419912ff168f,P2PLAN_0c809439e81a7930,2,2,2,"[""blank_slate"",""single_compact_loop""]","[""P2PLAN_0c809439e81a7930"",""P2PLAN_b16d6492bff0c02b""]","[""P2_1240a7f3c4d31299"",""P2_5dfbeaed19719910""]","[[""R2_1a0a15b4ca7335fd6b61"",14]]",30,S8_EXTENDED_0530_2400,IDEALISED_5_DAY_52_WEEK,ROBUST_PASSENGER_UNRESTRICTED;ROBUST_PASSENGER_FREQUENT_30,1110,260,108677.258009,1,0.073785804381,0.151342286734,0.183770644809,0.0,0.0,0.0,956.0,0.9862068965517241,0.9930555555555556,2,1,17.889159696781615,2,0,4,4,true,false,false,false
P2SERVICE_cdf1eda34920b797,P2PLAN_7785bcb5c163b7bd,2,2,2,"[""blank_slate"",""single_compact_loop""]","[""P2PLAN_7785bcb5c163b7bd"",""P2PLAN_ae9753f0d1653cba""]","[""P2_0dad7306b7f24317"",""P2_b2b84af723f36722""]","[[""R2_39bacbd50eec4c1b1e98"",10]]",15,CORE_0600_2200,IDEALISED_5_DAY_52_WEEK,ROBUST_PASSENGER_UNRESTRICTED;ROBUST_PASSENGER_FREQUENT_30,960,260,106530.666511,1,0.07279992348,0.178639244681,0.216419586923,0.0,0.0,0.0,356.0,0.9947368421052631,0.9947368421052631,1,1,16.379667232749583,2,2,0,0,true,false,false,false
P2SERVICE_ce4b2bcfb36a43e8,P2PLAN_4543223edb046c62,2,2,2,"[""blank_slate"",""single_compact_loop""]","[""P2PLAN_4543223edb046c62"",""P2PLAN_fb305288990f33a7""]","[""P2_2ca749a2a368b48f"",""P2_ebeca863bc35c89f""]","[[""R2_957e61a8530a0bbbd91a"",27]]",30,CORE_0600_2200,IDEALISED_5_DAY_52_WEEK,ROBUST_PASSENGER_UNRESTRICTED;ROBUST_PASSENGER_FREQUENT_30,960,260,109240.178511,1,0.081179345927,0.20256526837,0.296334373215,0.034222283209,0.131290820698,0.1719969483,567.0,0.9920634920634921,1.0,1,1,25.72016049646387,2,3,0,0,true,false,false,false
P2SERVICE_cf50ab5e46392e1d,P2PLAN_44296877a0e488df,2,2,2,"[""hybrid_interlined"",""two_radial_out_and_back_feeders""]","[""P2PLAN_44296877a0e488df"",""P2PLAN_a64c5d70e6601ae5""]","[""P2_4dc90710cb9ea40a"",""P2_83df62ba410ac17c""]","[[""R2_40023c3a09f861e4df2b"",1],[""R2_89faf7404f5ba6502188"",7]]",15,S8_EXTENDED_0530_2400,IDEALISED_5_DAY_52_WEEK,ROBUST_PASSENGER_UNRESTRICTED;ROBUST_PASSENGER_FREQUENT_30,1110,260,109620.818672,2,0.05483752116,0.153529561677,0.208416350158,0.0,0.0,0.000465712767,0.0,0.9796380090497737,0.9908675799086758,9,2,16.59357524452555,4,1,1,1,true,false,false,false
P2SERVICE_d00d768d9e6c9e98,P2PLAN_5ecb261e1b20f958,2,2,2,"[""interlined_figure8"",""two_independent_loops""]","[""P2PLAN_5ecb261e1b20f958"",""P2PLAN_9aae952a754f3a40""]","[""P2_b9a75a1ac2e9efe8"",""P2_eba4d27bd73722ca""]","[[""R2_aa6c2d56707742b372cd"",37],[""R2_c1c2b414d86488a77074"",37]]",60,CORE_0600_2200,IDEALISED_5_DAY_52_WEEK,ROBUST_PASSENGER_UNRESTRICTED,960,260,108695.083927,2,0.082106558863,0.235612570418,0.352253676309,0.033700294459,0.135516149024,0.274051753101,1055.0,0.9789473684210527,0.9894736842105263,4,2,31.94295470501254,2,3,2,2,true,false,false,false
P2SERVICE_d04ea957845c72b6,P2PLAN_dbdcdcd2f9832d73,2,2,2,"[""interlined_figure8"",""two_independent_loops""]","[""P2PLAN_dbdcdcd2f9832d73"",""P2PLAN_ec6ec29aee11ea3e""]","[""P2_8b0421a33dcb77b2"",""P2_a613ccb57b8d55d8""]","[[""R2_235ca1ecac202beb00df"",37],[""R2_ee13da0e6a2cac68a14e"",37]]",60,CORE_0600_2200,IDEALISED_5_DAY_52_WEEK,ROBUST_PASSENGER_UNRESTRICTED,960,260,109095.113254,2,0.150450585904,0.328482875665,0.457178809315,0.0,0.0,0.0,733.0,0.9789473684210527,0.9894736842105263,4,2,28.32919703321254,3,3,3,3,true,false,false,false
P2SERVICE_d29ec1861f522f08,P2PLAN_11ae71ec7bc9ff42,2,2,2,"[""blank_slate"",""single_compact_loop""]","[""P2PLAN_11ae71ec7bc9ff42"",""P2PLAN_55c2a93c39403055""]","[""P2_e4b92caba131562a"",""P2_efb7898b0d4b89dc""]","[[""R2_ee975e5012ad1533d159"",10]]",20,S8_EXTENDED_0530_2400,IDEALISED_6_DAY_52_WEEK,ROBUST_PASSENGER_UNRESTRICTED;ROBUST_PASSENGER_FREQUENT_30,1110,312,108584.565049,1,0.04676944458,0.121359780663,0.186539274648,0.0,0.0,0.0,643.0,0.972972972972973,0.9945054945054945,5,1,16.483556736155748,2,0,2,2,true,false,false,false
P2SERVICE_d3ba896091bf5160,P2PLAN_0acd243442e38824,2,2,2,"[""blank_slate"",""single_compact_loop""]","[""P2PLAN_0acd243442e38824"",""P2PLAN_f24fb31f35e2704e""]","[""P2_06755a34f49f025f"",""P2_8031197355654327""]","[[""R2_720949d9745b883ea795"",9]]",20,S8_EXTENDED_0530_2400,IDEALISED_5_DAY_52_WEEK,ROBUST_PASSENGER_UNRESTRICTED;ROBUST_PASSENGER_FREQUENT_30,1110,260,96110.241928,1,0.050395480412,0.124184246283,0.182836849837,0.0,5.0341214e-05,0.009189912991,221.0,0.9726775956284153,0.9944444444444445,5,1,18.35078854023645,2,1,1,1,true,false,false,false
P2SERVICE_d41b8f330c3af6a0,P2PLAN_459dac1ab082696a,2,2,2,"[""hybrid_interlined"",""two_radial_out_and_back_feeders""]","[""P2PLAN_459dac1ab082696a"",""P2PLAN_6e5d175a1a5d0ae1""]","[""P2_b6fae8db5eec6d5a"",""P2_bab8ad99e3603982""]","[[""R2_14b61a2a29e2081585d6"",7],[""R2_691d5061a0170b543a1b"",7]]",30,CORE_0600_2200,IDEALISED_DAILY_YEAR,ROBUST_PASSENGER_UNRESTRICTED;ROBUST_PASSENGER_FREQUENT_30,960,365,104519.066535,2,0.054041232219,0.126931299645,0.183037387245,5.0341214e-05,5.0341214e-05,0.010743097632,356.0,0.984375,0.9921875,4,2,20.77641062861387,2,1,1,1,true,false,false,false
P2SERVICE_d432f889862a7a0f,P2PLAN_2cebed4b1ff22cc0,2,2,2,"[""blank_slate"",""single_compact_loop""]","[""P2PLAN_2cebed4b1ff22cc0"",""P2PLAN_b8f54002f2f10bea""]","[""P2_bc1e37be7e7a349b"",""P2_f90598a41d4d09f8""]","[[""R2_9765d34882cc4165f829"",13]]",30,S8_EXTENDED_0530_2400,IDEALISED_5_DAY_52_WEEK,ROBUST_PASSENGER_UNRESTRICTED;ROBUST_PASSENGER_FREQUENT_30,1110,260,105742.391477,1,0.069467514842,0.167197901645,0.242930055834,0.033694851388,0.055548320348,0.063137253657,641.0,0.9727891156462585,0.9930555555555556,4,1,21.55732899978161,2,2,1,1,true,false,false,false
P2SERVICE_d5ccaae758592e3d,P2PLAN_0fac469ed3be116b,2,2,2,"[""blank_slate"",""single_compact_loop""]","[""P2PLAN_0fac469ed3be116b"",""P2PLAN_8c1f793de6093335""]","[""P2_39309e97f4fa3d4d"",""P2_a44745e961005b24""]","[[""R2_6fc8006689b7ff6ba32d"",4]]",20,S8_EXTENDED_0530_2400,IDEALISED_5_DAY_52_WEEK,ROBUST_PASSENGER_UNRESTRICTED;ROBUST_PASSENGER_FREQUENT_30,1110,260,101432.28524,1,0.09851741113,0.234141220948,0.278320318096,0.0,0.0,0.0,221.0,0.9726775956284153,0.9890710382513661,5,1,18.255171545786453,2,2,2,2,true,false,false,false
P2SERVICE_d5d316796049ef8e,P2PLAN_7cd4acf306d4e4a8,2,2,2,"[""blank_slate"",""single_compact_loop""]","[""P2PLAN_7cd4acf306d4e4a8"",""P2PLAN_ea314c12cb76edac""]","[""P2_9858dc3c94ecb6ac"",""P2_f77c2ba98980326c""]","[[""R2_e641044e83a327ab5732"",7]]",30,S8_EXTENDED_0530_2400,IDEALISED_DAILY_YEAR,ROBUST_PASSENGER_UNRESTRICTED;ROBUST_PASSENGER_FREQUENT_30,1110,365,110978.462453,1,0.075446277788,0.159931714535,0.202977859691,0.0,0.0,0.0,844.0,0.9795918367346939,0.9863945578231292,3,1,18.06098927171387,2,2,1,1,true,false,false,false
P2SERVICE_d8d9bd55ff9db74b,P2PLAN_06d66bd978ce80ab,2,2,2,"[""interlined_figure8"",""two_independent_loops""]","[""P2PLAN_06d66bd978ce80ab"",""P2PLAN_805bbe2f7371b91a""]","[""P2_362883829605b013"",""P2_dfbf7cf8ad9ccf55""]","[[""R2_b2032eeb31cba06561f0"",37],[""R2_f291a9242634fc5b47fd"",37]]",60,CORE_0600_2200,IDEALISED_5_DAY_52_WEEK,ROBUST_PASSENGER_UNRESTRICTED,960,260,101488.358496,2,0.138423940656,0.304097839735,0.403660370424,0.077996558177,0.129866830471,0.203333660728,1055.0,0.9789473684210527,0.9894736842105263,4,2,31.55441874646254,2,3,3,3,true,false,false,false
P2SERVICE_d942a2cf50fa3af0,P2PLAN_1e9d78ce41789909,2,2,2,"[""blank_slate"",""single_compact_loop""]","[""P2PLAN_1e9d78ce41789909"",""P2PLAN_bccded43f06d9c48""]","[""P2_3e9262447422e26a"",""P2_ebdaaf1baa144ee0""]","[[""R2_f4436cf0e19fc17dd484"",37]]",60,S8_EXTENDED_0530_2400,IDEALISED_6_DAY_52_WEEK,ROBUST_PASSENGER_UNRESTRICTED,1110,312,107708.700281,1,0.051603185214,0.131734781877,0.203897683849,5.0341214e-05,5.0341214e-05,0.010743097632,1308.0,0.9908256880733946,0.9908256880733946,1,1,31.22836141321894,1,0,4,4,true,false,false,false
P2SERVICE_d9c34111996861df,P2PLAN_09983027127b0cfe,2,2,2,"[""blank_slate"",""single_compact_loop""]","[""P2PLAN_09983027127b0cfe"",""P2PLAN_12b2dd8f558cf8d3""]","[""P2_48c394c239c6771c"",""P2_52efec20a7f89f42""]","[[""R2_f6e23d36c7ebe6e85edf"",37]]",60,CORE_0600_2200,IDEALISED_6_DAY_52_WEEK,ROBUST_PASSENGER_UNRESTRICTED,960,312,107938.698057,1,0.133995379885,0.281984688831,0.346469132191,0.007278943943,0.032939579786,0.045773761307,1055.0,0.9787234042553191,0.9893617021276596,2,1,28.368211341562542,2,3,1,1,true,false,false,false
P2SERVICE_da0e2ff09bf128ff,P2PLAN_0cc4c28176b7f776,2,2,2,"[""interlined_figure8"",""two_independent_loops""]","[""P2PLAN_0cc4c28176b7f776"",""P2PLAN_b6040c3dac01d5d4""]","[""P2_2a5313f45e8e6c17"",""P2_ea6ba0958e4b1886""]","[[""R2_235ca1ecac202beb00df"",37],[""R2_3459f102f372161ea282"",37]]",60,CORE_0600_2200,IDEALISED_5_DAY_52_WEEK,ROBUST_PASSENGER_UNRESTRICTED,960,260,107633.846216,2,0.139374641737,0.313286059133,0.420779748749,0.0,0.0,0.000465712767,733.0,0.9789473684210527,0.9894736842105263,4,2,28.32919703321254,3,3,3,3,true,false,false,false
P2SERVICE_dcdcf92e518b6a65,P2PLAN_16ff1dff2703be51,2,2,2,"[""blank_slate"",""single_compact_loop""]","[""P2PLAN_16ff1dff2703be51"",""P2PLAN_3ec68e137b263ecf""]","[""P2_10a63201e522d629"",""P2_d829af60b7c029c9""]","[[""R2_3a530ead46411707bc5f"",7]]",30,CORE_0600_2200,IDEALISED_5_DAY_52_WEEK,ROBUST_PASSENGER_UNRESTRICTED;ROBUST_PASSENGER_FREQUENT_30,960,260,96749.00897,1,0.096024205604,0.21717760723,0.303293861766,0.0,0.000465712767,0.013951238382,375.0,0.9841269841269841,0.9920634920634921,2,1,24.63050629116387,2,1,3,3,true,false,false,false
P2SERVICE_de6abaa7f2d0221b,P2PLAN_1b30b0b4f8de5f28,2,2,2,"[""blank_slate"",""single_compact_loop""]","[""P2PLAN_1b30b0b4f8de5f28"",""P2PLAN_860981269e5fdb1f""]","[""P2_7dc1c06373d423af"",""P2_94dca063a9d3daaa""]","[[""R2_1d550efd246ecfb3b1c8"",7]]",30,CORE_0600_2200,IDEALISED_5_DAY_52_WEEK,ROBUST_PASSENGER_UNRESTRICTED;ROBUST_PASSENGER_FREQUENT_30,960,260,109208.598787,1,0.048534906161,0.127271091126,0.198203098958,0.0,0.0,0.0,1017.0,0.9841269841269841,0.9920634920634921,2,1,24.929123164213866,2,0,3,3,true,false,false,false
P2SERVICE_de6f232673a60645,P2PLAN_679e0df1dd1310ac,2,2,2,"[""blank_slate"",""single_compact_loop""]","[""P2PLAN_679e0df1dd1310ac"",""P2PLAN_d3794305c0f1942a""]","[""P2_32209b4bbc62cfb6"",""P2_f0a0176cad91088e""]","[[""R2_837c3ae88923898ea40c"",37]]",60,S8_EXTENDED_0530_2400,IDEALISED_DAILY_YEAR,ROBUST_PASSENGER_UNRESTRICTED,1110,365,92525.037956,1,0.095674794311,0.223651318187,0.314206133096,0.0,5.0341214e-05,5.0341214e-05,733.0,0.972972972972973,0.9908256880733946,3,1,31.93200964801894,1,3,1,1,true,false,false,false
P2SERVICE_e0449b649cc8139f,P2PLAN_b9e9845d1c48cf7f,2,2,2,"[""blank_slate"",""single_compact_loop""]","[""P2PLAN_b9e9845d1c48cf7f"",""P2PLAN_e0cbda2d7ab8f9ef""]","[""P2_1781b136fd946d43"",""P2_6560a07ee7940940""]","[[""R2_5464385760a996896b1f"",56]]",60,CORE_0600_2200,IDEALISED_DAILY_YEAR,ROBUST_PASSENGER_UNRESTRICTED,960,365,87776.91067,1,0.089500296527,0.202591291596,0.257446122229,0.033694851388,0.055548320348,0.063137253657,1234.0,0.9893617021276596,0.9893617021276596,1,1,32.407145393894226,1,3,1,1,true,false,false,false
P2SERVICE_e2810df363883e1d,P2PLAN_aecca2e93353b1b0,2,2,2,"[""blank_slate"",""single_compact_loop""]","[""P2PLAN_aecca2e93353b1b0"",""P2PLAN_bc32307389c8b1ae""]","[""P2_3105baa6d4550828"",""P2_dd354addff4542c4""]","[[""R2_0e3b21bd0041fec416ba"",11]]",30,S8_EXTENDED_0530_2400,IDEALISED_6_DAY_52_WEEK,ROBUST_PASSENGER_UNRESTRICTED;ROBUST_PASSENGER_FREQUENT_30,1110,312,101701.870362,1,0.088034123665,0.190938038621,0.250227822014,0.023017925773,0.050908041569,0.063137253657,90.0,0.9727891156462585,0.9930555555555556,4,1,20.851555226431614,2,3,1,1,true,false,false,false
P2SERVICE_e3e420ce616f2db6,P2PLAN_06a9dc6b92f2426e,2,2,2,"[""blank_slate"",""single_compact_loop""]","[""P2PLAN_06a9dc6b92f2426e"",""P2PLAN_344176c2f6cf0bd2""]","[""P2_53fd2d4d99e137fc"",""P2_fa603ab2af99a6aa""]","[[""R2_fc3196ae85a4ca6d0ece"",7]]",20,S8_EXTENDED_0530_2400,IDEALISED_6_DAY_52_WEEK,ROBUST_PASSENGER_UNRESTRICTED;ROBUST_PASSENGER_FREQUENT_30,1110,312,97127.097588,1,0.065917856243,0.155349483895,0.204006783968,0.0,0.000465712767,0.009189912991,0.0,0.9726775956284153,0.9944444444444445,5,1,17.38039006458645,2,1,1,1,true,false,false,false
P2SERVICE_e53b93a34970bbe2,P2PLAN_896a66417fb49dfb,2,2,2,"[""blank_slate"",""single_compact_loop""]","[""P2PLAN_896a66417fb49dfb"",""P2PLAN_ba2e9d12d190ff43""]","[""P2_363e0de9666c8b71"",""P2_7e52b43e37276f9f""]","[[""R2_5cc011a332ba476fd06f"",12]]",30,S8_EXTENDED_0530_2400,IDEALISED_5_DAY_52_WEEK,ROBUST_PASSENGER_UNRESTRICTED;ROBUST_PASSENGER_FREQUENT_30,1110,260,107244.129985,1,0.068897859842,0.172124806725,0.259135154709,0.0,0.017816214136,0.115619645938,134.0,0.9727891156462585,0.9930555555555556,4,1,21.46897466733162,2,2,0,0,true,false,false,false
P2SERVICE_e673d3dde1176873,P2PLAN_2a376a69af5c661d,2,2,2,"[""blank_slate"",""single_compact_loop""]","[""P2PLAN_2a376a69af5c661d"",""P2PLAN_bb40e3ffb59a143f""]","[""P2_86684125781f6740"",""P2_f1c62743b99e7b34""]","[[""R2_c9e7c074b0384c070a37"",7]]",30,CORE_0600_2200,IDEALISED_DAILY_YEAR,ROBUST_PASSENGER_UNRESTRICTED;ROBUST_PASSENGER_FREQUENT_30,960,365,97425.925432,1,0.074403148538,0.200352479844,0.256438196797,0.0,0.0,0.0,490.0,0.984375,0.9921875,2,1,20.033465141581615,2,2,1,1,true,false,false,false
P2SERVICE_e7a6d5d59f26456b,P2PLAN_30e1b0c90c44329c,2,2,2,"[""blank_slate"",""single_compact_loop""]","[""P2PLAN_30e1b0c90c44329c"",""P2PLAN_3416530ef29c230c""]","[""P2_0c05fad94b4031ec"",""P2_4bf5dfb6b345f7ce""]","[[""R2_2b130131b2b9db31f6d7"",39]]",60,S8_EXTENDED_0530_2400,IDEALISED_6_DAY_52_WEEK,ROBUST_PASSENGER_UNRESTRICTED,1110,312,105247.94765,1,0.100623384042,0.240002993083,0.315249788018,0.033694851388,0.062574266565,0.074188964284,641.0,0.9908256880733946,1.0,1,1,32.463522616068936,1,3,1,1,true,false,false,false
P2SERVICE_eb6fc3e7f2e590d3,P2PLAN_13c01153640b96d4,2,2,2,"[""blank_slate"",""single_compact_loop""]","[""P2PLAN_13c01153640b96d4"",""P2PLAN_54dd487389755c28""]","[""P2_2accba37a46653fb"",""P2_db3234f0699115a2""]","[[""R2_e084e317c96ecdb31020"",27]]",60,S8_EXTENDED_0530_2400,IDEALISED_6_DAY_52_WEEK,ROBUST_PASSENGER_UNRESTRICTED,1110,312,105650.627277,1,0.074554775408,0.197433956518,0.264277129304,0.0,0.0,0.0,956.0,0.9811320754716981,0.9813084112149533,2,1,34.9686868116959,2,1,3,3,true,false,false,false
P2SERVICE_eb8531f42b46e5bd,P2PLAN_cfad0a929373bc35,2,2,2,"[""hybrid_interlined"",""two_radial_out_and_back_feeders""]","[""P2PLAN_cfad0a929373bc35"",""P2PLAN_fd84ab6b04e15bf8""]","[""P2_65e5e7079f4bd40d"",""P2_b4e03ee9772a6eae""]","[[""R2_9f12445b4b9e77e7a878"",0],[""R2_dbc7ef02fd6d81ac70ef"",2]]",15,S8_EXTENDED_0530_2400,IDEALISED_DAILY_YEAR,ROBUST_PASSENGER_UNRESTRICTED;ROBUST_PASSENGER_FREQUENT_30,1110,365,104691.825788,2,0.07449182533,0.181798054319,0.21381531406,0.0,0.0,0.0,221.0,0.9819004524886877,0.990909090909091,8,2,16.597620523831615,4,1,1,1,true,false,false,false
P2SERVICE_ec90e36ebdc9fa72,P2PLAN_d815999344574c13,2,2,2,"[""blank_slate"",""single_compact_loop""]","[""P2PLAN_d815999344574c13"",""P2PLAN_e2bfa42cb88eb061""]","[""P2_42a9b50ab64792f3"",""P2_af2038081c00b46f""]","[[""R2_bfe93861ccce0d9b8444"",37]]",60,S8_EXTENDED_0530_2400,IDEALISED_DAILY_YEAR,ROBUST_PASSENGER_UNRESTRICTED,1110,365,106331.889822,1,0.098632404407,0.239514617318,0.303641059272,0.031914729768,0.060146651461,0.063137253657,641.0,0.9908256880733946,0.9908256880733946,1,1,31.86691350201894,1,3,1,1,true,false,false,false
P2SERVICE_efc9fbb60ae8fc7e,P2PLAN_135ad4d9354dc104,2,2,2,"[""blank_slate"",""single_compact_loop""]","[""P2PLAN_135ad4d9354dc104"",""P2PLAN_17b3d0e54c04cfea""]","[""P2_32209b4bbc62cfb6"",""P2_f0a0176cad91088e""]","[[""R2_837c3ae88923898ea40c"",55]]",60,CORE_0600_2200,IDEALISED_DAILY_YEAR,ROBUST_PASSENGER_UNRESTRICTED,960,365,77915.821437,1,0.095674794311,0.223651318187,0.314206133096,0.0,5.0341214e-05,5.0341214e-05,733.0,0.9893617021276596,0.9893617021276596,1,1,32.05240461239423,1,3,1,1,true,false,false,false
P2SERVICE_f1b53090b50a9162,P2PLAN_1572612c170e1459,2,2,2,"[""blank_slate"",""single_compact_loop""]","[""P2PLAN_1572612c170e1459"",""P2PLAN_de252511901fc34d""]","[""P2_0704130aeb315af7"",""P2_cc8f147d7d76e109""]","[[""R2_349928954c66680a97a1"",11]]",30,S8_EXTENDED_0530_2400,IDEALISED_5_DAY_52_WEEK,ROBUST_PASSENGER_UNRESTRICTED;ROBUST_PASSENGER_FREQUENT_30,1110,260,107656.029458,1,0.099081590954,0.234569034241,0.314122380896,0.0,0.0,0.0,733.0,0.9727891156462585,0.9930555555555556,4,1,20.668071748081616,2,2,1,1,true,false,false,false
P2SERVICE_f256d72b637668a4,P2PLAN_dbaf872fc7cbef97,2,2,2,"[""blank_slate"",""single_compact_loop""]","[""P2PLAN_dbaf872fc7cbef97"",""P2PLAN_eb6652e5fa916caf""]","[""P2_49faf41dbb619aa0"",""P2_6d191d545b91e100""]","[[""R2_5be11ea0fd5246053759"",7]]",30,CORE_0600_2200,IDEALISED_DAILY_YEAR,ROBUST_PASSENGER_UNRESTRICTED;ROBUST_PASSENGER_FREQUENT_30,960,365,97147.438094,1,0.052721762669,0.137326479142,0.188415932881,0.0,0.006505370732,0.009189912991,139.0,0.984375,0.9921875,2,1,20.411992342881614,2,2,0,0,true,false,false,false
P2SERVICE_f7cab5bd7bfadc6b,P2PLAN_64b83af6b46b2c8a,2,2,2,"[""blank_slate"",""single_compact_loop""]","[""P2PLAN_64b83af6b46b2c8a"",""P2PLAN_e2c6f87efed0c962""]","[""P2_201349cc1e6155e2"",""P2_2bde95f90709470a""]","[[""R2_4b93287415adf4bc7045"",7]]",60,S8_EXTENDED_0530_2400,IDEALISED_DAILY_YEAR,ROBUST_PASSENGER_UNRESTRICTED,1110,365,108032.174332,1,0.132517015798,0.275294612334,0.337172414787,0.0,0.0,0.0,641.0,0.963302752293578,0.963302752293578,4,1,31.941894960113867,1,3,0,0,true,false,false,false
P2SERVICE_fa612b94d90b0bf3,P2PLAN_4f72d5ccc4efc40b,2,2,2,"[""blank_slate"",""single_compact_loop""]","[""P2PLAN_4f72d5ccc4efc40b"",""P2PLAN_76d35d943e221f90""]","[""P2_363e0de9666c8b71"",""P2_7e52b43e37276f9f""]","[[""R2_5cc011a332ba476fd06f"",7]]",30,CORE_0600_2200,IDEALISED_6_DAY_52_WEEK,ROBUST_PASSENGER_UNRESTRICTED;ROBUST_PASSENGER_FREQUENT_30,960,312,111302.015985,1,0.068897859842,0.172124806725,0.259135154709,0.0,0.017816214136,0.115619645938,134.0,0.984375,0.9921875,2,1,22.55323612959612,2,2,0,0,true,false,false,false
P2SERVICE_fb6429905f2d498d,P2PLAN_1fa35fc1cd855eb0,2,2,2,"[""blank_slate"",""single_compact_loop""]","[""P2PLAN_1fa35fc1cd855eb0"",""P2PLAN_a2cc2c226ce83c32""]","[""P2_3058c75ede542cb2"",""P2_46d3fc0e6b13df71""]","[[""R2_6430b8f6d93aae646d8f"",10]]",20,S8_EXTENDED_0530_2400,IDEALISED_6_DAY_52_WEEK,ROBUST_PASSENGER_UNRESTRICTED;ROBUST_PASSENGER_FREQUENT_30,1110,312,107540.712971,1,0.077922907049,0.197092455187,0.253408341817,0.0,0.0,0.0,221.0,0.972972972972973,0.9945054945054945,5,1,16.520079685255745,2,2,0,0,true,false,false,false
P2SERVICE_fcc3b703d94537cc,P2PLAN_91c58bef12c35c08,2,2,2,"[""blank_slate"",""single_compact_loop""]","[""P2PLAN_91c58bef12c35c08"",""P2PLAN_927faad103a07e81""]","[""P2_86684125781f6740"",""P2_f1c62743b99e7b34""]","[[""R2_c9e7c074b0384c070a37"",10]]",20,CORE_0600_2200,IDEALISED_5_DAY_52_WEEK,ROBUST_PASSENGER_UNRESTRICTED;ROBUST_PASSENGER_FREQUENT_30,960,260,104098.934023,1,0.074403148538,0.200352479844,0.256438196797,0.0,0.0,0.0,490.0,0.9873417721518988,0.9936708860759493,2,1,16.725963086591833,2,2,1,1,true,false,false,false
P2SERVICE_fe4bd803a1117d42,P2PLAN_062fe44f9b7973e5,2,2,2,"[""blank_slate"",""single_compact_loop""]","[""P2PLAN_062fe44f9b7973e5"",""P2PLAN_fcedd2a35ce798a4""]","[""P2_1d6d9059fae20b5a"",""P2_d8dce4f9ed44fba4""]","[[""R2_dcc2b84d507826a86b57"",7]]",30,S8_EXTENDED_0530_2400,IDEALISED_DAILY_YEAR,ROBUST_PASSENGER_UNRESTRICTED;ROBUST_PASSENGER_FREQUENT_30,1110,365,108826.407589,1,0.089644584924,0.205491097133,0.273710136617,0.0,0.0,0.0,375.0,0.9795918367346939,0.9863945578231292,3,1,17.889654585113867,2,2,0,0,true,false,false,false
P2SERVICE_fe7ef127d3bced81,P2PLAN_2d301a44f0e468b2,2,2,2,"[""blank_slate"",""single_compact_loop""]","[""P2PLAN_2d301a44f0e468b2"",""P2PLAN_c665aa9f8f291d1e""]","[""P2_4ba3fc7bfeb69a72"",""P2_c578b12e08508aa0""]","[[""R2_5e2ba419b8ecfcf7ffe0"",10]]",30,S8_EXTENDED_0530_2400,IDEALISED_5_DAY_52_WEEK,ROBUST_PASSENGER_UNRESTRICTED;ROBUST_PASSENGER_FREQUENT_30,1110,260,105711.521619,1,0.082656930236,0.22433190438,0.322462923119,0.0,0.0,0.0,447.0,0.9727891156462585,0.9930555555555556,4,1,20.231063819131617,2,2,1,1,true,false,false,false
P2SERVICE_ff8e3f29b9588366,P2PLAN_14c22a06ed9a4859,2,2,2,"[""blank_slate"",""single_compact_loop""]","[""P2PLAN_14c22a06ed9a4859"",""P2PLAN_79273e6f1f0b7454""]","[""P2_067e6c7ae6cb14c4"",""P2_3d110befe0bda5e7""]","[[""R2_717987377cd99367dc20"",10]]",15,S8_EXTENDED_0530_2400,IDEALISED_5_DAY_52_WEEK,ROBUST_PASSENGER_UNRESTRICTED;ROBUST_PASSENGER_FREQUENT_30,1110,260,109651.191705,1,0.06319969283,0.166724548334,0.203069918834,0.0,0.0,0.0,490.0,0.9817351598173516,0.9908256880733946,4,1,16.265157432221653,2,1,1,1,true,false,false,false
