Anno,Stazione_std,Stazione,Saliti24H,Indice_2019_100,Fonte_periodo
2015,AIRUNO,Airuno,680.0,94.44444444444444,Flussi Stazioni Ferroviarie (2015-2023)
2016,AIRUNO,Airuno,670.0,93.05555555555556,Flussi Stazioni Ferroviarie (2015-2023)
2017,AIRUNO,Airuno,720.0,100.0,Flussi Stazioni Ferroviarie (2015-2023)
2018,AIRUNO,Airuno,740.0,102.77777777777777,Flussi Stazioni Ferroviarie (2015-2023)
2019,AIRUNO,Airuno,720.0,100.0,Flussi Stazioni Ferroviarie (2015-2023)
2020,AIRUNO,Airuno,190.0,26.38888888888889,Flussi Stazioni Ferroviarie (2015-2023)
2021,AIRUNO,Airuno,540.0,75.0,Flussi Stazioni Ferroviarie (2015-2023)
2022,AIRUNO,Airuno,690.0,95.83333333333334,Flussi Stazioni Ferroviarie (2015-2023)
2023,AIRUNO,Airuno,1100.0,152.77777777777777,Flussi Stazioni Ferroviarie (2015-2023)
2024,AIRUNO,Airuno,1320.0,183.33333333333331,Frequentazione stazioni SFR (2024-2025)
2025,AIRUNO,Airuno,1860.0,258.33333333333337,Frequentazione stazioni SFR (2024-2025)
2015,ARCORE,Arcore,3740.0,91.8918918918919,Flussi Stazioni Ferroviarie (2015-2023)
2016,ARCORE,Arcore,4030.0,99.01719901719902,Flussi Stazioni Ferroviarie (2015-2023)
2017,ARCORE,Arcore,4460.0,109.58230958230959,Flussi Stazioni Ferroviarie (2015-2023)
2018,ARCORE,Arcore,4610.0,113.26781326781328,Flussi Stazioni Ferroviarie (2015-2023)
2019,ARCORE,Arcore,4070.0,100.0,Flussi Stazioni Ferroviarie (2015-2023)
2020,ARCORE,Arcore,1230.0,30.22113022113022,Flussi Stazioni Ferroviarie (2015-2023)
2021,ARCORE,Arcore,3240.0,79.60687960687962,Flussi Stazioni Ferroviarie (2015-2023)
2022,ARCORE,Arcore,3400.0,83.53808353808354,Flussi Stazioni Ferroviarie (2015-2023)
2023,ARCORE,Arcore,4080.0,100.24570024570025,Flussi Stazioni Ferroviarie (2015-2023)
2024,ARCORE,Arcore,5400.0,132.6781326781327,Frequentazione stazioni SFR (2024-2025)
2025,ARCORE,Arcore,5620.0,138.0835380835381,Frequentazione stazioni SFR (2024-2025)
2015,CALOLZIOCORTE-OLGINATE,Calolziocorte-Olginate,2440.0,77.46031746031747,Flussi Stazioni Ferroviarie (2015-2023)
2016,CALOLZIOCORTE-OLGINATE,Calolziocorte-Olginate,2360.0,74.92063492063492,Flussi Stazioni Ferroviarie (2015-2023)
2017,CALOLZIOCORTE-OLGINATE,Calolziocorte-Olginate,2650.0,84.12698412698413,Flussi Stazioni Ferroviarie (2015-2023)
2018,CALOLZIOCORTE-OLGINATE,Calolziocorte-Olginate,3040.0,96.5079365079365,Flussi Stazioni Ferroviarie (2015-2023)
2019,CALOLZIOCORTE-OLGINATE,Calolziocorte-Olginate,3150.0,100.0,Flussi Stazioni Ferroviarie (2015-2023)
2020,CALOLZIOCORTE-OLGINATE,Calolziocorte-Olginate,730.0,23.174603174603174,Flussi Stazioni Ferroviarie (2015-2023)
2021,CALOLZIOCORTE-OLGINATE,Calolziocorte-Olginate,1820.0,57.77777777777777,Flussi Stazioni Ferroviarie (2015-2023)
2022,CALOLZIOCORTE-OLGINATE,Calolziocorte-Olginate,2080.0,66.03174603174602,Flussi Stazioni Ferroviarie (2015-2023)
2023,CALOLZIOCORTE-OLGINATE,Calolziocorte-Olginate,2780.0,88.25396825396825,Flussi Stazioni Ferroviarie (2015-2023)
2024,CALOLZIOCORTE-OLGINATE,Calolziocorte-Olginate,3180.0,100.95238095238095,Frequentazione stazioni SFR (2024-2025)
2025,CALOLZIOCORTE-OLGINATE,Calolziocorte-Olginate,3970.0,126.03174603174602,Frequentazione stazioni SFR (2024-2025)
2015,CARNATE USMATE,Carnate Usmate,4150.0,110.66666666666667,Flussi Stazioni Ferroviarie (2015-2023)
2016,CARNATE USMATE,Carnate Usmate,4730.0,126.13333333333334,Flussi Stazioni Ferroviarie (2015-2023)
2017,CARNATE USMATE,Carnate Usmate,4550.0,121.33333333333334,Flussi Stazioni Ferroviarie (2015-2023)
2018,CARNATE USMATE,Carnate Usmate,4230.0,112.79999999999998,Flussi Stazioni Ferroviarie (2015-2023)
2019,CARNATE USMATE,Carnate Usmate,3750.0,100.0,Flussi Stazioni Ferroviarie (2015-2023)
2020,CARNATE USMATE,Carnate Usmate,1130.0,30.133333333333333,Flussi Stazioni Ferroviarie (2015-2023)
2021,CARNATE USMATE,Carnate Usmate,2860.0,76.26666666666667,Flussi Stazioni Ferroviarie (2015-2023)
2022,CARNATE USMATE,Carnate Usmate,3100.0,82.66666666666667,Flussi Stazioni Ferroviarie (2015-2023)
2023,CARNATE USMATE,Carnate Usmate,3880.0,103.46666666666667,Flussi Stazioni Ferroviarie (2015-2023)
2024,CARNATE USMATE,Carnate Usmate,4800.0,128.0,Frequentazione stazioni SFR (2024-2025)
2025,CARNATE USMATE,Carnate Usmate,5450.0,145.33333333333334,Frequentazione stazioni SFR (2024-2025)
2015,CERNUSCO-MERATE,Cernusco-Merate,1530.0,101.32450331125828,Flussi Stazioni Ferroviarie (2015-2023)
2016,CERNUSCO-MERATE,Cernusco-Merate,1470.0,97.35099337748345,Flussi Stazioni Ferroviarie (2015-2023)
2017,CERNUSCO-MERATE,Cernusco-Merate,1690.0,111.92052980132449,Flussi Stazioni Ferroviarie (2015-2023)
2018,CERNUSCO-MERATE,Cernusco-Merate,1640.0,108.6092715231788,Flussi Stazioni Ferroviarie (2015-2023)
2019,CERNUSCO-MERATE,Cernusco-Merate,1510.0,100.0,Flussi Stazioni Ferroviarie (2015-2023)
2020,CERNUSCO-MERATE,Cernusco-Merate,410.0,27.1523178807947,Flussi Stazioni Ferroviarie (2015-2023)
2021,CERNUSCO-MERATE,Cernusco-Merate,1410.0,93.37748344370861,Flussi Stazioni Ferroviarie (2015-2023)
2022,CERNUSCO-MERATE,Cernusco-Merate,1330.0,88.0794701986755,Flussi Stazioni Ferroviarie (2015-2023)
2023,CERNUSCO-MERATE,Cernusco-Merate,1890.0,125.16556291390728,Flussi Stazioni Ferroviarie (2015-2023)
2024,CERNUSCO-MERATE,Cernusco-Merate,2100.0,139.0728476821192,Frequentazione stazioni SFR (2024-2025)
2025,CERNUSCO-MERATE,Cernusco-Merate,2620.0,173.50993377483442,Frequentazione stazioni SFR (2024-2025)
2015,LECCO,Lecco,9160.0,97.96791443850267,Flussi Stazioni Ferroviarie (2015-2023)
2016,LECCO,Lecco,9340.0,99.89304812834224,Flussi Stazioni Ferroviarie (2015-2023)
2017,LECCO,Lecco,9300.0,99.46524064171123,Flussi Stazioni Ferroviarie (2015-2023)
2018,LECCO,Lecco,10170.0,108.77005347593582,Flussi Stazioni Ferroviarie (2015-2023)
2019,LECCO,Lecco,9350.0,100.0,Flussi Stazioni Ferroviarie (2015-2023)
2020,LECCO,Lecco,1970.0,21.06951871657754,Flussi Stazioni Ferroviarie (2015-2023)
2021,LECCO,Lecco,7550.0,80.74866310160428,Flussi Stazioni Ferroviarie (2015-2023)
2022,LECCO,Lecco,8010.0,85.66844919786097,Flussi Stazioni Ferroviarie (2015-2023)
2023,LECCO,Lecco,9600.0,102.67379679144386,Flussi Stazioni Ferroviarie (2015-2023)
2024,LECCO,Lecco,10780.0,115.29411764705881,Frequentazione stazioni SFR (2024-2025)
2025,LECCO,Lecco,12400.0,132.62032085561498,Frequentazione stazioni SFR (2024-2025)
2015,MILANO GRECO PIRELLI,Milano Greco Pirelli,14940.0,88.87566924449732,Flussi Stazioni Ferroviarie (2015-2023)
2016,MILANO GRECO PIRELLI,Milano Greco Pirelli,16130.0,95.95478881618085,Flussi Stazioni Ferroviarie (2015-2023)
2017,MILANO GRECO PIRELLI,Milano Greco Pirelli,15910.0,94.64604402141582,Flussi Stazioni Ferroviarie (2015-2023)
2018,MILANO GRECO PIRELLI,Milano Greco Pirelli,16230.0,96.54967281380131,Flussi Stazioni Ferroviarie (2015-2023)
2019,MILANO GRECO PIRELLI,Milano Greco Pirelli,16810.0,100.0,Flussi Stazioni Ferroviarie (2015-2023)
2020,MILANO GRECO PIRELLI,Milano Greco Pirelli,2390.0,14.217727543129092,Flussi Stazioni Ferroviarie (2015-2023)
2021,MILANO GRECO PIRELLI,Milano Greco Pirelli,9530.0,56.69244497323022,Flussi Stazioni Ferroviarie (2015-2023)
2022,MILANO GRECO PIRELLI,Milano Greco Pirelli,12500.0,74.360499702558,Flussi Stazioni Ferroviarie (2015-2023)
2023,MILANO GRECO PIRELLI,Milano Greco Pirelli,11670.0,69.42296252230815,Flussi Stazioni Ferroviarie (2015-2023)
2024,MILANO GRECO PIRELLI,Milano Greco Pirelli,13400.0,79.71445568114218,Frequentazione stazioni SFR (2024-2025)
2025,MILANO GRECO PIRELLI,Milano Greco Pirelli,15100.0,89.82748364069006,Frequentazione stazioni SFR (2024-2025)
2015,MILANO PORTA GARIBALDI,Milano Porta Garibaldi,34710.0,92.98151620680419,Flussi Stazioni Ferroviarie (2015-2023)
2016,MILANO PORTA GARIBALDI,Milano Porta Garibaldi,34560.0,92.57969461559068,Flussi Stazioni Ferroviarie (2015-2023)
2017,MILANO PORTA GARIBALDI,Milano Porta Garibaldi,33010.0,88.42753817305116,Flussi Stazioni Ferroviarie (2015-2023)
2018,MILANO PORTA GARIBALDI,Milano Porta Garibaldi,37050.0,99.24993302973479,Flussi Stazioni Ferroviarie (2015-2023)
2019,MILANO PORTA GARIBALDI,Milano Porta Garibaldi,37330.0,100.0,Flussi Stazioni Ferroviarie (2015-2023)
2020,MILANO PORTA GARIBALDI,Milano Porta Garibaldi,7490.0,20.06429145459416,Flussi Stazioni Ferroviarie (2015-2023)
2021,MILANO PORTA GARIBALDI,Milano Porta Garibaldi,22400.0,60.005357621216184,Flussi Stazioni Ferroviarie (2015-2023)
2022,MILANO PORTA GARIBALDI,Milano Porta Garibaldi,28430.0,76.15858558799893,Flussi Stazioni Ferroviarie (2015-2023)
2023,MILANO PORTA GARIBALDI,Milano Porta Garibaldi,27440.0,73.50656308598982,Flussi Stazioni Ferroviarie (2015-2023)
2024,MILANO PORTA GARIBALDI,Milano Porta Garibaldi,27860.0,74.63166354138762,Frequentazione stazioni SFR (2024-2025)
2025,MILANO PORTA GARIBALDI,Milano Porta Garibaldi,26180.0,70.13126171979641,Frequentazione stazioni SFR (2024-2025)
2015,MONZA,Monza,18170.0,82.85453716370269,Flussi Stazioni Ferroviarie (2015-2023)
2016,MONZA,Monza,20250.0,92.33926128590971,Flussi Stazioni Ferroviarie (2015-2023)
2017,MONZA,Monza,21030.0,95.89603283173734,Flussi Stazioni Ferroviarie (2015-2023)
2018,MONZA,Monza,21670.0,98.81440948472412,Flussi Stazioni Ferroviarie (2015-2023)
2019,MONZA,Monza,21930.0,100.0,Flussi Stazioni Ferroviarie (2015-2023)
2020,MONZA,Monza,5870.0,26.766985864113085,Flussi Stazioni Ferroviarie (2015-2023)
2021,MONZA,Monza,16220.0,73.9626082991336,Flussi Stazioni Ferroviarie (2015-2023)
2022,MONZA,Monza,20540.0,93.66165070679435,Flussi Stazioni Ferroviarie (2015-2023)
2023,MONZA,Monza,20260.0,92.38486092111263,Flussi Stazioni Ferroviarie (2015-2023)
2024,MONZA,Monza,20880.0,95.21203830369357,Frequentazione stazioni SFR (2024-2025)
2025,MONZA,Monza,21610.0,98.54081167350661,Frequentazione stazioni SFR (2024-2025)
2015,OLGIATE-CALCO-BRIVIO,Olgiate-Calco-Brivio,1560.0,109.85915492957747,Flussi Stazioni Ferroviarie (2015-2023)
2016,OLGIATE-CALCO-BRIVIO,Olgiate-Calco-Brivio,1410.0,99.29577464788733,Flussi Stazioni Ferroviarie (2015-2023)
2017,OLGIATE-CALCO-BRIVIO,Olgiate-Calco-Brivio,1480.0,104.22535211267605,Flussi Stazioni Ferroviarie (2015-2023)
2018,OLGIATE-CALCO-BRIVIO,Olgiate-Calco-Brivio,1550.0,109.1549295774648,Flussi Stazioni Ferroviarie (2015-2023)
2019,OLGIATE-CALCO-BRIVIO,Olgiate-Calco-Brivio,1420.0,100.0,Flussi Stazioni Ferroviarie (2015-2023)
2020,OLGIATE-CALCO-BRIVIO,Olgiate-Calco-Brivio,380.0,26.76056338028169,Flussi Stazioni Ferroviarie (2015-2023)
2021,OLGIATE-CALCO-BRIVIO,Olgiate-Calco-Brivio,1080.0,76.05633802816901,Flussi Stazioni Ferroviarie (2015-2023)
2022,OLGIATE-CALCO-BRIVIO,Olgiate-Calco-Brivio,1300.0,91.54929577464789,Flussi Stazioni Ferroviarie (2015-2023)
2023,OLGIATE-CALCO-BRIVIO,Olgiate-Calco-Brivio,1660.0,116.90140845070422,Flussi Stazioni Ferroviarie (2015-2023)
2024,OLGIATE-CALCO-BRIVIO,Olgiate-Calco-Brivio,1830.0,128.8732394366197,Frequentazione stazioni SFR (2024-2025)
2025,OLGIATE-CALCO-BRIVIO,Olgiate-Calco-Brivio,2400.0,169.01408450704224,Frequentazione stazioni SFR (2024-2025)
2015,OSNAGO,Osnago,790.0,81.44329896907216,Flussi Stazioni Ferroviarie (2015-2023)
2016,OSNAGO,Osnago,870.0,89.69072164948454,Flussi Stazioni Ferroviarie (2015-2023)
2017,OSNAGO,Osnago,890.0,91.75257731958763,Flussi Stazioni Ferroviarie (2015-2023)
2018,OSNAGO,Osnago,1000.0,103.09278350515463,Flussi Stazioni Ferroviarie (2015-2023)
2019,OSNAGO,Osnago,970.0,100.0,Flussi Stazioni Ferroviarie (2015-2023)
2020,OSNAGO,Osnago,260.0,26.804123711340207,Flussi Stazioni Ferroviarie (2015-2023)
2021,OSNAGO,Osnago,800.0,82.4742268041237,Flussi Stazioni Ferroviarie (2015-2023)
2022,OSNAGO,Osnago,890.0,91.75257731958763,Flussi Stazioni Ferroviarie (2015-2023)
2023,OSNAGO,Osnago,1260.0,129.89690721649484,Flussi Stazioni Ferroviarie (2015-2023)
2024,OSNAGO,Osnago,1590.0,163.91752577319588,Frequentazione stazioni SFR (2024-2025)
2025,OSNAGO,Osnago,2100.0,216.49484536082474,Frequentazione stazioni SFR (2024-2025)
