DATAFLOW,FREQ,REF_AREA,INDICATOR,GENDER,AGE_NOCLASS,CITIZENSHIP,EDU_ATTAIN,CUR_ACT_STAT,LOC_DEST,REAS_COMMUTING,TIME_PERIOD,OBS_VALUE,OBS_STATUS,NOTE_DS,NOTE_REF_AREA,NOTE_INDICATOR,NOTE_GENDER,NOTE_AGE_NOCLASS,NOTE_CITIZENSHIP,NOTE_EDU_ATTAIN,NOTE_CUR_ACT_STAT,NOTE_LOC_DEST,NOTE_REAS_COMMUTING,NOTE_TIME_PERIOD,BASE_PER,UNIT_MEAS,UNIT_MULT
IT1:DF_DCSS_ISTR_LAV_PEN_2_TV_5(1.0),A,097002,RP_COM_DAY,T,TOTAL,TOTAL,ALL,99,ALL,ALL,2019,1576,,,,,,,,ALL_N1,99_N1,,,,,,
IT1:DF_DCSS_ISTR_LAV_PEN_2_TV_5(1.0),A,097002,RP_COM_DAY,T,TOTAL,TOTAL,ALL,99,ALL,STD,2019,459,,,,,,,,ALL_N1,99_N1,,,,,,
IT1:DF_DCSS_ISTR_LAV_PEN_2_TV_5(1.0),A,097002,RP_COM_DAY,T,TOTAL,TOTAL,ALL,99,ALL,WK,2019,1117,,,,,,,,ALL_N1,99_N1,,,,,,
IT1:DF_DCSS_ISTR_LAV_PEN_2_TV_5(1.0),A,097002,RP_COM_DAY,T,TOTAL,TOTAL,ALL,99,OMPUR,ALL,2019,1218,,,,,,,,ALL_N1,99_N1,,,,,,
IT1:DF_DCSS_ISTR_LAV_PEN_2_TV_5(1.0),A,097002,RP_COM_DAY,T,TOTAL,TOTAL,ALL,99,OMPUR,STD,2019,246,,,,,,,,ALL_N1,99_N1,,,,,,
IT1:DF_DCSS_ISTR_LAV_PEN_2_TV_5(1.0),A,097002,RP_COM_DAY,T,TOTAL,TOTAL,ALL,99,OMPUR,WK,2019,972,,,,,,,,ALL_N1,99_N1,,,,,,
IT1:DF_DCSS_ISTR_LAV_PEN_2_TV_5(1.0),A,097002,RP_COM_DAY,T,TOTAL,TOTAL,ALL,99,SMPUR,ALL,2019,358,,,,,,,,ALL_N1,99_N1,,,,,,
IT1:DF_DCSS_ISTR_LAV_PEN_2_TV_5(1.0),A,097002,RP_COM_DAY,T,TOTAL,TOTAL,ALL,99,SMPUR,STD,2019,213,,,,,,,,ALL_N1,99_N1,,,,,,
IT1:DF_DCSS_ISTR_LAV_PEN_2_TV_5(1.0),A,097002,RP_COM_DAY,T,TOTAL,TOTAL,ALL,99,SMPUR,WK,2019,145,,,,,,,,ALL_N1,99_N1,,,,,,
IT1:DF_DCSS_ISTR_LAV_PEN_2_TV_5(1.0),A,097010,RP_COM_DAY,T,TOTAL,TOTAL,ALL,99,ALL,ALL,2019,2545,,,,,,,,ALL_N1,99_N1,,,,,,
IT1:DF_DCSS_ISTR_LAV_PEN_2_TV_5(1.0),A,097010,RP_COM_DAY,T,TOTAL,TOTAL,ALL,99,ALL,STD,2019,784,,,,,,,,ALL_N1,99_N1,,,,,,
IT1:DF_DCSS_ISTR_LAV_PEN_2_TV_5(1.0),A,097010,RP_COM_DAY,T,TOTAL,TOTAL,ALL,99,ALL,WK,2019,1761,,,,,,,,ALL_N1,99_N1,,,,,,
IT1:DF_DCSS_ISTR_LAV_PEN_2_TV_5(1.0),A,097010,RP_COM_DAY,T,TOTAL,TOTAL,ALL,99,OMPUR,ALL,2019,1806,,,,,,,,ALL_N1,99_N1,,,,,,
IT1:DF_DCSS_ISTR_LAV_PEN_2_TV_5(1.0),A,097010,RP_COM_DAY,T,TOTAL,TOTAL,ALL,99,OMPUR,STD,2019,405,,,,,,,,ALL_N1,99_N1,,,,,,
IT1:DF_DCSS_ISTR_LAV_PEN_2_TV_5(1.0),A,097010,RP_COM_DAY,T,TOTAL,TOTAL,ALL,99,OMPUR,WK,2019,1401,,,,,,,,ALL_N1,99_N1,,,,,,
IT1:DF_DCSS_ISTR_LAV_PEN_2_TV_5(1.0),A,097010,RP_COM_DAY,T,TOTAL,TOTAL,ALL,99,SMPUR,ALL,2019,739,,,,,,,,ALL_N1,99_N1,,,,,,
IT1:DF_DCSS_ISTR_LAV_PEN_2_TV_5(1.0),A,097010,RP_COM_DAY,T,TOTAL,TOTAL,ALL,99,SMPUR,STD,2019,379,,,,,,,,ALL_N1,99_N1,,,,,,
IT1:DF_DCSS_ISTR_LAV_PEN_2_TV_5(1.0),A,097010,RP_COM_DAY,T,TOTAL,TOTAL,ALL,99,SMPUR,WK,2019,360,,,,,,,,ALL_N1,99_N1,,,,,,
IT1:DF_DCSS_ISTR_LAV_PEN_2_TV_5(1.0),A,097012,RP_COM_DAY,T,TOTAL,TOTAL,ALL,99,ALL,ALL,2019,3353,,,,,,,,ALL_N1,99_N1,,,,,,
IT1:DF_DCSS_ISTR_LAV_PEN_2_TV_5(1.0),A,097012,RP_COM_DAY,T,TOTAL,TOTAL,ALL,99,ALL,STD,2019,949,,,,,,,,ALL_N1,99_N1,,,,,,
IT1:DF_DCSS_ISTR_LAV_PEN_2_TV_5(1.0),A,097012,RP_COM_DAY,T,TOTAL,TOTAL,ALL,99,ALL,WK,2019,2404,,,,,,,,ALL_N1,99_N1,,,,,,
IT1:DF_DCSS_ISTR_LAV_PEN_2_TV_5(1.0),A,097012,RP_COM_DAY,T,TOTAL,TOTAL,ALL,99,OMPUR,ALL,2019,2602,,,,,,,,ALL_N1,99_N1,,,,,,
IT1:DF_DCSS_ISTR_LAV_PEN_2_TV_5(1.0),A,097012,RP_COM_DAY,T,TOTAL,TOTAL,ALL,99,OMPUR,STD,2019,519,,,,,,,,ALL_N1,99_N1,,,,,,
IT1:DF_DCSS_ISTR_LAV_PEN_2_TV_5(1.0),A,097012,RP_COM_DAY,T,TOTAL,TOTAL,ALL,99,OMPUR,WK,2019,2083,,,,,,,,ALL_N1,99_N1,,,,,,
IT1:DF_DCSS_ISTR_LAV_PEN_2_TV_5(1.0),A,097012,RP_COM_DAY,T,TOTAL,TOTAL,ALL,99,SMPUR,ALL,2019,751,,,,,,,,ALL_N1,99_N1,,,,,,
IT1:DF_DCSS_ISTR_LAV_PEN_2_TV_5(1.0),A,097012,RP_COM_DAY,T,TOTAL,TOTAL,ALL,99,SMPUR,STD,2019,430,,,,,,,,ALL_N1,99_N1,,,,,,
IT1:DF_DCSS_ISTR_LAV_PEN_2_TV_5(1.0),A,097012,RP_COM_DAY,T,TOTAL,TOTAL,ALL,99,SMPUR,WK,2019,321,,,,,,,,ALL_N1,99_N1,,,,,,
IT1:DF_DCSS_ISTR_LAV_PEN_2_TV_5(1.0),A,097020,RP_COM_DAY,T,TOTAL,TOTAL,ALL,99,ALL,ALL,2019,2128,,,,,,,,ALL_N1,99_N1,,,,,,
IT1:DF_DCSS_ISTR_LAV_PEN_2_TV_5(1.0),A,097020,RP_COM_DAY,T,TOTAL,TOTAL,ALL,99,ALL,STD,2019,671,,,,,,,,ALL_N1,99_N1,,,,,,
IT1:DF_DCSS_ISTR_LAV_PEN_2_TV_5(1.0),A,097020,RP_COM_DAY,T,TOTAL,TOTAL,ALL,99,ALL,WK,2019,1457,,,,,,,,ALL_N1,99_N1,,,,,,
IT1:DF_DCSS_ISTR_LAV_PEN_2_TV_5(1.0),A,097020,RP_COM_DAY,T,TOTAL,TOTAL,ALL,99,OMPUR,ALL,2019,1621,,,,,,,,ALL_N1,99_N1,,,,,,
IT1:DF_DCSS_ISTR_LAV_PEN_2_TV_5(1.0),A,097020,RP_COM_DAY,T,TOTAL,TOTAL,ALL,99,OMPUR,STD,2019,377,,,,,,,,ALL_N1,99_N1,,,,,,
IT1:DF_DCSS_ISTR_LAV_PEN_2_TV_5(1.0),A,097020,RP_COM_DAY,T,TOTAL,TOTAL,ALL,99,OMPUR,WK,2019,1244,,,,,,,,ALL_N1,99_N1,,,,,,
IT1:DF_DCSS_ISTR_LAV_PEN_2_TV_5(1.0),A,097020,RP_COM_DAY,T,TOTAL,TOTAL,ALL,99,SMPUR,ALL,2019,507,,,,,,,,ALL_N1,99_N1,,,,,,
IT1:DF_DCSS_ISTR_LAV_PEN_2_TV_5(1.0),A,097020,RP_COM_DAY,T,TOTAL,TOTAL,ALL,99,SMPUR,STD,2019,294,,,,,,,,ALL_N1,99_N1,,,,,,
IT1:DF_DCSS_ISTR_LAV_PEN_2_TV_5(1.0),A,097020,RP_COM_DAY,T,TOTAL,TOTAL,ALL,99,SMPUR,WK,2019,213,,,,,,,,ALL_N1,99_N1,,,,,,
IT1:DF_DCSS_ISTR_LAV_PEN_2_TV_5(1.0),A,097039,RP_COM_DAY,T,TOTAL,TOTAL,ALL,99,ALL,ALL,2019,1467,,,,,,,,ALL_N1,99_N1,,,,,,
IT1:DF_DCSS_ISTR_LAV_PEN_2_TV_5(1.0),A,097039,RP_COM_DAY,T,TOTAL,TOTAL,ALL,99,ALL,STD,2019,429,,,,,,,,ALL_N1,99_N1,,,,,,
IT1:DF_DCSS_ISTR_LAV_PEN_2_TV_5(1.0),A,097039,RP_COM_DAY,T,TOTAL,TOTAL,ALL,99,ALL,WK,2019,1038,,,,,,,,ALL_N1,99_N1,,,,,,
IT1:DF_DCSS_ISTR_LAV_PEN_2_TV_5(1.0),A,097039,RP_COM_DAY,T,TOTAL,TOTAL,ALL,99,OMPUR,ALL,2019,1221,,,,,,,,ALL_N1,99_N1,,,,,,
IT1:DF_DCSS_ISTR_LAV_PEN_2_TV_5(1.0),A,097039,RP_COM_DAY,T,TOTAL,TOTAL,ALL,99,OMPUR,STD,2019,286,,,,,,,,ALL_N1,99_N1,,,,,,
IT1:DF_DCSS_ISTR_LAV_PEN_2_TV_5(1.0),A,097039,RP_COM_DAY,T,TOTAL,TOTAL,ALL,99,OMPUR,WK,2019,935,,,,,,,,ALL_N1,99_N1,,,,,,
IT1:DF_DCSS_ISTR_LAV_PEN_2_TV_5(1.0),A,097039,RP_COM_DAY,T,TOTAL,TOTAL,ALL,99,SMPUR,ALL,2019,246,,,,,,,,ALL_N1,99_N1,,,,,,
IT1:DF_DCSS_ISTR_LAV_PEN_2_TV_5(1.0),A,097039,RP_COM_DAY,T,TOTAL,TOTAL,ALL,99,SMPUR,STD,2019,143,,,,,,,,ALL_N1,99_N1,,,,,,
IT1:DF_DCSS_ISTR_LAV_PEN_2_TV_5(1.0),A,097039,RP_COM_DAY,T,TOTAL,TOTAL,ALL,99,SMPUR,WK,2019,103,,,,,,,,ALL_N1,99_N1,,,,,,
IT1:DF_DCSS_ISTR_LAV_PEN_2_TV_5(1.0),A,097044,RP_COM_DAY,T,TOTAL,TOTAL,ALL,99,ALL,ALL,2019,3034,,,,,,,,ALL_N1,99_N1,,,,,,
IT1:DF_DCSS_ISTR_LAV_PEN_2_TV_5(1.0),A,097044,RP_COM_DAY,T,TOTAL,TOTAL,ALL,99,ALL,STD,2019,925,,,,,,,,ALL_N1,99_N1,,,,,,
IT1:DF_DCSS_ISTR_LAV_PEN_2_TV_5(1.0),A,097044,RP_COM_DAY,T,TOTAL,TOTAL,ALL,99,ALL,WK,2019,2109,,,,,,,,ALL_N1,99_N1,,,,,,
IT1:DF_DCSS_ISTR_LAV_PEN_2_TV_5(1.0),A,097044,RP_COM_DAY,T,TOTAL,TOTAL,ALL,99,OMPUR,ALL,2019,2416,,,,,,,,ALL_N1,99_N1,,,,,,
IT1:DF_DCSS_ISTR_LAV_PEN_2_TV_5(1.0),A,097044,RP_COM_DAY,T,TOTAL,TOTAL,ALL,99,OMPUR,STD,2019,610,,,,,,,,ALL_N1,99_N1,,,,,,
IT1:DF_DCSS_ISTR_LAV_PEN_2_TV_5(1.0),A,097044,RP_COM_DAY,T,TOTAL,TOTAL,ALL,99,OMPUR,WK,2019,1806,,,,,,,,ALL_N1,99_N1,,,,,,
IT1:DF_DCSS_ISTR_LAV_PEN_2_TV_5(1.0),A,097044,RP_COM_DAY,T,TOTAL,TOTAL,ALL,99,SMPUR,ALL,2019,618,,,,,,,,ALL_N1,99_N1,,,,,,
IT1:DF_DCSS_ISTR_LAV_PEN_2_TV_5(1.0),A,097044,RP_COM_DAY,T,TOTAL,TOTAL,ALL,99,SMPUR,STD,2019,315,,,,,,,,ALL_N1,99_N1,,,,,,
IT1:DF_DCSS_ISTR_LAV_PEN_2_TV_5(1.0),A,097044,RP_COM_DAY,T,TOTAL,TOTAL,ALL,99,SMPUR,WK,2019,303,,,,,,,,ALL_N1,99_N1,,,,,,
IT1:DF_DCSS_ISTR_LAV_PEN_2_TV_5(1.0),A,097048,RP_COM_DAY,T,TOTAL,TOTAL,ALL,99,ALL,ALL,2019,7915,,,,,,,,ALL_N1,99_N1,,,,,,
IT1:DF_DCSS_ISTR_LAV_PEN_2_TV_5(1.0),A,097048,RP_COM_DAY,T,TOTAL,TOTAL,ALL,99,ALL,STD,2019,2491,,,,,,,,ALL_N1,99_N1,,,,,,
IT1:DF_DCSS_ISTR_LAV_PEN_2_TV_5(1.0),A,097048,RP_COM_DAY,T,TOTAL,TOTAL,ALL,99,ALL,WK,2019,5424,,,,,,,,ALL_N1,99_N1,,,,,,
IT1:DF_DCSS_ISTR_LAV_PEN_2_TV_5(1.0),A,097048,RP_COM_DAY,T,TOTAL,TOTAL,ALL,99,OMPUR,ALL,2019,4690,,,,,,,,ALL_N1,99_N1,,,,,,
IT1:DF_DCSS_ISTR_LAV_PEN_2_TV_5(1.0),A,097048,RP_COM_DAY,T,TOTAL,TOTAL,ALL,99,OMPUR,STD,2019,789,,,,,,,,ALL_N1,99_N1,,,,,,
IT1:DF_DCSS_ISTR_LAV_PEN_2_TV_5(1.0),A,097048,RP_COM_DAY,T,TOTAL,TOTAL,ALL,99,OMPUR,WK,2019,3901,,,,,,,,ALL_N1,99_N1,,,,,,
IT1:DF_DCSS_ISTR_LAV_PEN_2_TV_5(1.0),A,097048,RP_COM_DAY,T,TOTAL,TOTAL,ALL,99,SMPUR,ALL,2019,3225,,,,,,,,ALL_N1,99_N1,,,,,,
IT1:DF_DCSS_ISTR_LAV_PEN_2_TV_5(1.0),A,097048,RP_COM_DAY,T,TOTAL,TOTAL,ALL,99,SMPUR,STD,2019,1702,,,,,,,,ALL_N1,99_N1,,,,,,
IT1:DF_DCSS_ISTR_LAV_PEN_2_TV_5(1.0),A,097048,RP_COM_DAY,T,TOTAL,TOTAL,ALL,99,SMPUR,WK,2019,1523,,,,,,,,ALL_N1,99_N1,,,,,,
IT1:DF_DCSS_ISTR_LAV_PEN_2_TV_5(1.0),A,097053,RP_COM_DAY,T,TOTAL,TOTAL,ALL,99,ALL,ALL,2019,1609,,,,,,,,ALL_N1,99_N1,,,,,,
IT1:DF_DCSS_ISTR_LAV_PEN_2_TV_5(1.0),A,097053,RP_COM_DAY,T,TOTAL,TOTAL,ALL,99,ALL,STD,2019,495,,,,,,,,ALL_N1,99_N1,,,,,,
IT1:DF_DCSS_ISTR_LAV_PEN_2_TV_5(1.0),A,097053,RP_COM_DAY,T,TOTAL,TOTAL,ALL,99,ALL,WK,2019,1114,,,,,,,,ALL_N1,99_N1,,,,,,
IT1:DF_DCSS_ISTR_LAV_PEN_2_TV_5(1.0),A,097053,RP_COM_DAY,T,TOTAL,TOTAL,ALL,99,OMPUR,ALL,2019,1326,,,,,,,,ALL_N1,99_N1,,,,,,
IT1:DF_DCSS_ISTR_LAV_PEN_2_TV_5(1.0),A,097053,RP_COM_DAY,T,TOTAL,TOTAL,ALL,99,OMPUR,STD,2019,332,,,,,,,,ALL_N1,99_N1,,,,,,
IT1:DF_DCSS_ISTR_LAV_PEN_2_TV_5(1.0),A,097053,RP_COM_DAY,T,TOTAL,TOTAL,ALL,99,OMPUR,WK,2019,994,,,,,,,,ALL_N1,99_N1,,,,,,
IT1:DF_DCSS_ISTR_LAV_PEN_2_TV_5(1.0),A,097053,RP_COM_DAY,T,TOTAL,TOTAL,ALL,99,SMPUR,ALL,2019,283,,,,,,,,ALL_N1,99_N1,,,,,,
IT1:DF_DCSS_ISTR_LAV_PEN_2_TV_5(1.0),A,097053,RP_COM_DAY,T,TOTAL,TOTAL,ALL,99,SMPUR,STD,2019,163,,,,,,,,ALL_N1,99_N1,,,,,,
IT1:DF_DCSS_ISTR_LAV_PEN_2_TV_5(1.0),A,097053,RP_COM_DAY,T,TOTAL,TOTAL,ALL,99,SMPUR,WK,2019,120,,,,,,,,ALL_N1,99_N1,,,,,,
IT1:DF_DCSS_ISTR_LAV_PEN_2_TV_5(1.0),A,097058,RP_COM_DAY,T,TOTAL,TOTAL,ALL,99,ALL,ALL,2019,3618,,,,,,,,ALL_N1,99_N1,,,,,,
IT1:DF_DCSS_ISTR_LAV_PEN_2_TV_5(1.0),A,097058,RP_COM_DAY,T,TOTAL,TOTAL,ALL,99,ALL,STD,2019,1137,,,,,,,,ALL_N1,99_N1,,,,,,
IT1:DF_DCSS_ISTR_LAV_PEN_2_TV_5(1.0),A,097058,RP_COM_DAY,T,TOTAL,TOTAL,ALL,99,ALL,WK,2019,2481,,,,,,,,ALL_N1,99_N1,,,,,,
IT1:DF_DCSS_ISTR_LAV_PEN_2_TV_5(1.0),A,097058,RP_COM_DAY,T,TOTAL,TOTAL,ALL,99,OMPUR,ALL,2019,2723,,,,,,,,ALL_N1,99_N1,,,,,,
IT1:DF_DCSS_ISTR_LAV_PEN_2_TV_5(1.0),A,097058,RP_COM_DAY,T,TOTAL,TOTAL,ALL,99,OMPUR,STD,2019,602,,,,,,,,ALL_N1,99_N1,,,,,,
IT1:DF_DCSS_ISTR_LAV_PEN_2_TV_5(1.0),A,097058,RP_COM_DAY,T,TOTAL,TOTAL,ALL,99,OMPUR,WK,2019,2121,,,,,,,,ALL_N1,99_N1,,,,,,
IT1:DF_DCSS_ISTR_LAV_PEN_2_TV_5(1.0),A,097058,RP_COM_DAY,T,TOTAL,TOTAL,ALL,99,SMPUR,ALL,2019,895,,,,,,,,ALL_N1,99_N1,,,,,,
IT1:DF_DCSS_ISTR_LAV_PEN_2_TV_5(1.0),A,097058,RP_COM_DAY,T,TOTAL,TOTAL,ALL,99,SMPUR,STD,2019,535,,,,,,,,ALL_N1,99_N1,,,,,,
IT1:DF_DCSS_ISTR_LAV_PEN_2_TV_5(1.0),A,097058,RP_COM_DAY,T,TOTAL,TOTAL,ALL,99,SMPUR,WK,2019,360,,,,,,,,ALL_N1,99_N1,,,,,,
IT1:DF_DCSS_ISTR_LAV_PEN_2_TV_5(1.0),A,097061,RP_COM_DAY,T,TOTAL,TOTAL,ALL,99,ALL,ALL,2019,2715,,,,,,,,ALL_N1,99_N1,,,,,,
IT1:DF_DCSS_ISTR_LAV_PEN_2_TV_5(1.0),A,097061,RP_COM_DAY,T,TOTAL,TOTAL,ALL,99,ALL,STD,2019,819,,,,,,,,ALL_N1,99_N1,,,,,,
IT1:DF_DCSS_ISTR_LAV_PEN_2_TV_5(1.0),A,097061,RP_COM_DAY,T,TOTAL,TOTAL,ALL,99,ALL,WK,2019,1896,,,,,,,,ALL_N1,99_N1,,,,,,
IT1:DF_DCSS_ISTR_LAV_PEN_2_TV_5(1.0),A,097061,RP_COM_DAY,T,TOTAL,TOTAL,ALL,99,OMPUR,ALL,2019,2191,,,,,,,,ALL_N1,99_N1,,,,,,
IT1:DF_DCSS_ISTR_LAV_PEN_2_TV_5(1.0),A,097061,RP_COM_DAY,T,TOTAL,TOTAL,ALL,99,OMPUR,STD,2019,583,,,,,,,,ALL_N1,99_N1,,,,,,
IT1:DF_DCSS_ISTR_LAV_PEN_2_TV_5(1.0),A,097061,RP_COM_DAY,T,TOTAL,TOTAL,ALL,99,OMPUR,WK,2019,1608,,,,,,,,ALL_N1,99_N1,,,,,,
IT1:DF_DCSS_ISTR_LAV_PEN_2_TV_5(1.0),A,097061,RP_COM_DAY,T,TOTAL,TOTAL,ALL,99,SMPUR,ALL,2019,524,,,,,,,,ALL_N1,99_N1,,,,,,
IT1:DF_DCSS_ISTR_LAV_PEN_2_TV_5(1.0),A,097061,RP_COM_DAY,T,TOTAL,TOTAL,ALL,99,SMPUR,STD,2019,236,,,,,,,,ALL_N1,99_N1,,,,,,
IT1:DF_DCSS_ISTR_LAV_PEN_2_TV_5(1.0),A,097061,RP_COM_DAY,T,TOTAL,TOTAL,ALL,99,SMPUR,WK,2019,288,,,,,,,,ALL_N1,99_N1,,,,,,
IT1:DF_DCSS_ISTR_LAV_PEN_2_TV_5(1.0),A,097062,RP_COM_DAY,T,TOTAL,TOTAL,ALL,99,ALL,ALL,2019,2270,,,,,,,,ALL_N1,99_N1,,,,,,
IT1:DF_DCSS_ISTR_LAV_PEN_2_TV_5(1.0),A,097062,RP_COM_DAY,T,TOTAL,TOTAL,ALL,99,ALL,STD,2019,736,,,,,,,,ALL_N1,99_N1,,,,,,
IT1:DF_DCSS_ISTR_LAV_PEN_2_TV_5(1.0),A,097062,RP_COM_DAY,T,TOTAL,TOTAL,ALL,99,ALL,WK,2019,1534,,,,,,,,ALL_N1,99_N1,,,,,,
IT1:DF_DCSS_ISTR_LAV_PEN_2_TV_5(1.0),A,097062,RP_COM_DAY,T,TOTAL,TOTAL,ALL,99,OMPUR,ALL,2019,1882,,,,,,,,ALL_N1,99_N1,,,,,,
IT1:DF_DCSS_ISTR_LAV_PEN_2_TV_5(1.0),A,097062,RP_COM_DAY,T,TOTAL,TOTAL,ALL,99,OMPUR,STD,2019,483,,,,,,,,ALL_N1,99_N1,,,,,,
IT1:DF_DCSS_ISTR_LAV_PEN_2_TV_5(1.0),A,097062,RP_COM_DAY,T,TOTAL,TOTAL,ALL,99,OMPUR,WK,2019,1399,,,,,,,,ALL_N1,99_N1,,,,,,
IT1:DF_DCSS_ISTR_LAV_PEN_2_TV_5(1.0),A,097062,RP_COM_DAY,T,TOTAL,TOTAL,ALL,99,SMPUR,ALL,2019,388,,,,,,,,ALL_N1,99_N1,,,,,,
IT1:DF_DCSS_ISTR_LAV_PEN_2_TV_5(1.0),A,097062,RP_COM_DAY,T,TOTAL,TOTAL,ALL,99,SMPUR,STD,2019,253,,,,,,,,ALL_N1,99_N1,,,,,,
IT1:DF_DCSS_ISTR_LAV_PEN_2_TV_5(1.0),A,097062,RP_COM_DAY,T,TOTAL,TOTAL,ALL,99,SMPUR,WK,2019,135,,,,,,,,ALL_N1,99_N1,,,,,,
IT1:DF_DCSS_ISTR_LAV_PEN_2_TV_5(1.0),A,097071,RP_COM_DAY,T,TOTAL,TOTAL,ALL,99,ALL,ALL,2019,3793,,,,,,,,ALL_N1,99_N1,,,,,,
IT1:DF_DCSS_ISTR_LAV_PEN_2_TV_5(1.0),A,097071,RP_COM_DAY,T,TOTAL,TOTAL,ALL,99,ALL,STD,2019,1238,,,,,,,,ALL_N1,99_N1,,,,,,
IT1:DF_DCSS_ISTR_LAV_PEN_2_TV_5(1.0),A,097071,RP_COM_DAY,T,TOTAL,TOTAL,ALL,99,ALL,WK,2019,2555,,,,,,,,ALL_N1,99_N1,,,,,,
IT1:DF_DCSS_ISTR_LAV_PEN_2_TV_5(1.0),A,097071,RP_COM_DAY,T,TOTAL,TOTAL,ALL,99,OMPUR,ALL,2019,2908,,,,,,,,ALL_N1,99_N1,,,,,,
IT1:DF_DCSS_ISTR_LAV_PEN_2_TV_5(1.0),A,097071,RP_COM_DAY,T,TOTAL,TOTAL,ALL,99,OMPUR,STD,2019,661,,,,,,,,ALL_N1,99_N1,,,,,,
IT1:DF_DCSS_ISTR_LAV_PEN_2_TV_5(1.0),A,097071,RP_COM_DAY,T,TOTAL,TOTAL,ALL,99,OMPUR,WK,2019,2247,,,,,,,,ALL_N1,99_N1,,,,,,
IT1:DF_DCSS_ISTR_LAV_PEN_2_TV_5(1.0),A,097071,RP_COM_DAY,T,TOTAL,TOTAL,ALL,99,SMPUR,ALL,2019,885,,,,,,,,ALL_N1,99_N1,,,,,,
IT1:DF_DCSS_ISTR_LAV_PEN_2_TV_5(1.0),A,097071,RP_COM_DAY,T,TOTAL,TOTAL,ALL,99,SMPUR,STD,2019,577,,,,,,,,ALL_N1,99_N1,,,,,,
IT1:DF_DCSS_ISTR_LAV_PEN_2_TV_5(1.0),A,097071,RP_COM_DAY,T,TOTAL,TOTAL,ALL,99,SMPUR,WK,2019,308,,,,,,,,ALL_N1,99_N1,,,,,,
IT1:DF_DCSS_ISTR_LAV_PEN_2_TV_5(1.0),A,097074,RP_COM_DAY,T,TOTAL,TOTAL,ALL,99,ALL,ALL,2019,1296,,,,,,,,ALL_N1,99_N1,,,,,,
IT1:DF_DCSS_ISTR_LAV_PEN_2_TV_5(1.0),A,097074,RP_COM_DAY,T,TOTAL,TOTAL,ALL,99,ALL,STD,2019,390,,,,,,,,ALL_N1,99_N1,,,,,,
IT1:DF_DCSS_ISTR_LAV_PEN_2_TV_5(1.0),A,097074,RP_COM_DAY,T,TOTAL,TOTAL,ALL,99,ALL,WK,2019,906,,,,,,,,ALL_N1,99_N1,,,,,,
IT1:DF_DCSS_ISTR_LAV_PEN_2_TV_5(1.0),A,097074,RP_COM_DAY,T,TOTAL,TOTAL,ALL,99,OMPUR,ALL,2019,1042,,,,,,,,ALL_N1,99_N1,,,,,,
IT1:DF_DCSS_ISTR_LAV_PEN_2_TV_5(1.0),A,097074,RP_COM_DAY,T,TOTAL,TOTAL,ALL,99,OMPUR,STD,2019,263,,,,,,,,ALL_N1,99_N1,,,,,,
IT1:DF_DCSS_ISTR_LAV_PEN_2_TV_5(1.0),A,097074,RP_COM_DAY,T,TOTAL,TOTAL,ALL,99,OMPUR,WK,2019,779,,,,,,,,ALL_N1,99_N1,,,,,,
IT1:DF_DCSS_ISTR_LAV_PEN_2_TV_5(1.0),A,097074,RP_COM_DAY,T,TOTAL,TOTAL,ALL,99,SMPUR,ALL,2019,254,,,,,,,,ALL_N1,99_N1,,,,,,
IT1:DF_DCSS_ISTR_LAV_PEN_2_TV_5(1.0),A,097074,RP_COM_DAY,T,TOTAL,TOTAL,ALL,99,SMPUR,STD,2019,127,,,,,,,,ALL_N1,99_N1,,,,,,
IT1:DF_DCSS_ISTR_LAV_PEN_2_TV_5(1.0),A,097074,RP_COM_DAY,T,TOTAL,TOTAL,ALL,99,SMPUR,WK,2019,127,,,,,,,,ALL_N1,99_N1,,,,,,
IT1:DF_DCSS_ISTR_LAV_PEN_2_TV_5(1.0),A,097091,RP_COM_DAY,T,TOTAL,TOTAL,ALL,99,ALL,ALL,2019,3483,,,,,,,,ALL_N1,99_N1,,,,,,
IT1:DF_DCSS_ISTR_LAV_PEN_2_TV_5(1.0),A,097091,RP_COM_DAY,T,TOTAL,TOTAL,ALL,99,ALL,STD,2019,1074,,,,,,,,ALL_N1,99_N1,,,,,,
IT1:DF_DCSS_ISTR_LAV_PEN_2_TV_5(1.0),A,097091,RP_COM_DAY,T,TOTAL,TOTAL,ALL,99,ALL,WK,2019,2409,,,,,,,,ALL_N1,99_N1,,,,,,
IT1:DF_DCSS_ISTR_LAV_PEN_2_TV_5(1.0),A,097091,RP_COM_DAY,T,TOTAL,TOTAL,ALL,99,OMPUR,ALL,2019,3001,,,,,,,,ALL_N1,99_N1,,,,,,
IT1:DF_DCSS_ISTR_LAV_PEN_2_TV_5(1.0),A,097091,RP_COM_DAY,T,TOTAL,TOTAL,ALL,99,OMPUR,STD,2019,774,,,,,,,,ALL_N1,99_N1,,,,,,
IT1:DF_DCSS_ISTR_LAV_PEN_2_TV_5(1.0),A,097091,RP_COM_DAY,T,TOTAL,TOTAL,ALL,99,OMPUR,WK,2019,2227,,,,,,,,ALL_N1,99_N1,,,,,,
IT1:DF_DCSS_ISTR_LAV_PEN_2_TV_5(1.0),A,097091,RP_COM_DAY,T,TOTAL,TOTAL,ALL,99,SMPUR,ALL,2019,482,,,,,,,,ALL_N1,99_N1,,,,,,
IT1:DF_DCSS_ISTR_LAV_PEN_2_TV_5(1.0),A,097091,RP_COM_DAY,T,TOTAL,TOTAL,ALL,99,SMPUR,STD,2019,300,,,,,,,,ALL_N1,99_N1,,,,,,
IT1:DF_DCSS_ISTR_LAV_PEN_2_TV_5(1.0),A,097091,RP_COM_DAY,T,TOTAL,TOTAL,ALL,99,SMPUR,WK,2019,182,,,,,,,,ALL_N1,99_N1,,,,,,
IT1:DF_DCSS_ISTR_LAV_PEN_2_TV_5(1.0),A,097092,RP_COM_DAY,T,TOTAL,TOTAL,ALL,99,ALL,ALL,2019,2717,,,,,,,,ALL_N1,99_N1,,,,,,
IT1:DF_DCSS_ISTR_LAV_PEN_2_TV_5(1.0),A,097092,RP_COM_DAY,T,TOTAL,TOTAL,ALL,99,ALL,STD,2019,847,,,,,,,,ALL_N1,99_N1,,,,,,
IT1:DF_DCSS_ISTR_LAV_PEN_2_TV_5(1.0),A,097092,RP_COM_DAY,T,TOTAL,TOTAL,ALL,99,ALL,WK,2019,1870,,,,,,,,ALL_N1,99_N1,,,,,,
IT1:DF_DCSS_ISTR_LAV_PEN_2_TV_5(1.0),A,097092,RP_COM_DAY,T,TOTAL,TOTAL,ALL,99,OMPUR,ALL,2019,2090,,,,,,,,ALL_N1,99_N1,,,,,,
IT1:DF_DCSS_ISTR_LAV_PEN_2_TV_5(1.0),A,097092,RP_COM_DAY,T,TOTAL,TOTAL,ALL,99,OMPUR,STD,2019,490,,,,,,,,ALL_N1,99_N1,,,,,,
IT1:DF_DCSS_ISTR_LAV_PEN_2_TV_5(1.0),A,097092,RP_COM_DAY,T,TOTAL,TOTAL,ALL,99,OMPUR,WK,2019,1600,,,,,,,,ALL_N1,99_N1,,,,,,
IT1:DF_DCSS_ISTR_LAV_PEN_2_TV_5(1.0),A,097092,RP_COM_DAY,T,TOTAL,TOTAL,ALL,99,SMPUR,ALL,2019,627,,,,,,,,ALL_N1,99_N1,,,,,,
IT1:DF_DCSS_ISTR_LAV_PEN_2_TV_5(1.0),A,097092,RP_COM_DAY,T,TOTAL,TOTAL,ALL,99,SMPUR,STD,2019,357,,,,,,,,ALL_N1,99_N1,,,,,,
IT1:DF_DCSS_ISTR_LAV_PEN_2_TV_5(1.0),A,097092,RP_COM_DAY,T,TOTAL,TOTAL,ALL,99,SMPUR,WK,2019,270,,,,,,,,ALL_N1,99_N1,,,,,,
