anchor_id,anchor_type,name,category,lat,lon,epistemic_status,source,x_utm32,y_utm32,walk_graph_node_id,walk_graph_connector_m,walk_graph_connector_min,walk_graph_snap_ok,current_walk_min,current_gap_10min
OSM_node_526201954,DESTINATION,OSM amenity:pharmacy 526201954,amenity:pharmacy,45.7239862,9.4109305,FACT_OSM_OBSERVATION,data/raw/osm/osm_pois_core.json,531977.1368738711,5063463.313674363,19526,12.207639347302354,0.15259549184127943,True,2.3075916001982058,False
OSM_node_526204028,DESTINATION,Calco,amenity:post_office,45.7246063,9.4155507,FACT_OSM_OBSERVATION,data/raw/osm/osm_pois_core.json,532336.3063457324,5063534.064277833,20634,21.72314858342317,0.27153935729278966,True,1.498048182975515,False
OSM_node_1837069780,DESTINATION,OSM amenity:townhall 1837069780,amenity:townhall,45.72823,9.4032082,FACT_OSM_OBSERVATION,data/raw/osm/osm_pois_core.json,531373.839646079,5063931.749125406,17443,19.847002253552844,0.24808752816941054,True,3.1003830042187843,False
OSM_node_1837070077,DESTINATION,Scuola Primaria E. Gola,amenity:school,45.7298587,9.4000797,FACT_OSM_OBSERVATION,data/raw/osm/osm_pois_core.json,531129.5047695289,5064111.478241715,16775,72.50385484176562,0.9062981855220702,True,6.062161474131521,False
OSM_node_1837075017,DESTINATION,OSM leisure:sports_centre 1837075017,leisure:sports_centre,45.7241181,9.4007674,FACT_OSM_OBSERVATION,data/raw/osm/osm_pois_core.json,531186.2078203137,5063473.95697159,16910,44.071757274266105,0.5508969659283263,True,12.477809831323313,True
OSM_node_1837075469,DESTINATION,Olgiate Molgora,amenity:post_office,45.7282861,9.4020441,FACT_OSM_OBSERVATION,data/raw/osm/osm_pois_core.json,531283.2291386789,5063937.526143972,17109,21.447939712362334,0.2680992464045292,True,2.6080620396998846,False
OSM_node_2447334455,DESTINATION,LD Market,shop:supermarket,45.7153654,9.4575078,FACT_OSM_OBSERVATION,data/raw/osm/osm_pois_core.json,535607.0889862569,5062525.198854624,28257,610.6519922197482,7.633149902746853,False,,True
OSM_node_2447334458,DESTINATION,Corte Zappello,shop:mall,45.7155168,9.4571592,FACT_OSM_OBSERVATION,data/raw/osm/osm_pois_core.json,535579.8619464684,5062541.864545677,28257,602.4503016594774,7.530628770743467,False,,True
OSM_node_3016606433,DESTINATION,Rovagnate,amenity:post_office,45.7379799,9.3715099,FACT_OSM_OBSERVATION,data/raw/osm/osm_pois_core.json,528902.3495626054,5065003.038432971,7102,23.108520936069887,0.28885651170087356,True,3.242495605664602,False
OSM_node_3016619233,DESTINATION,OSM amenity:post_office 3016619233,amenity:post_office,45.7435223,9.3717396,FACT_OSM_OBSERVATION,data/raw/osm/osm_pois_core.json,528917.3581876404,5065618.891713657,7196,18.18760014280888,0.227345001785111,True,3.666281647491604,False
OSM_node_3016740543,DESTINATION,OSM amenity:post_office 3016740543,amenity:post_office,45.7555737,9.4255778,FACT_OSM_OBSERVATION,data/raw/osm/osm_pois_core.json,533098.2677134,5066978.696087356,23192,103.19172629985574,1.2898965787481969,True,19.805656326503637,True
OSM_node_3016774445,DESTINATION,OSM amenity:post_office 3016774445,amenity:post_office,45.7425863,9.4471676,FACT_OSM_OBSERVATION,data/raw/osm/osm_pois_core.json,534785.427116491,5065544.9328679135,27570,6.546921425577569,0.08183651781971961,True,1.9457052580582224,False
OSM_node_4055226950,DESTINATION,OSM amenity:pharmacy 4055226950,amenity:pharmacy,45.7376495,9.3731838,FACT_OSM_OBSERVATION,data/raw/osm/osm_pois_core.json,529032.745116229,5064966.93651874,7796,62.13859978187385,0.7767324972734231,True,4.640490942256016,False
OSM_node_5329242223,DESTINATION,Municipio della Valletta Brianza,amenity:townhall,45.7404912,9.3611589,FACT_OSM_OBSERVATION,data/raw/osm/osm_pois_core.json,528095.8136919236,5065278.360820678,4098,5.265103164592347,0.06581378955740433,True,3.7305390887801804,False
OSM_node_5655743203,DESTINATION,Biblioteca Comunale Pietro Frigerio,amenity:library,45.7422468,9.4470908,FACT_OSM_OBSERVATION,data/raw/osm/osm_pois_core.json,534779.6636087627,5065507.180433002,27529,16.44570494384841,0.20557131179810512,True,1.6889593542293848,False
OSM_node_5749012579,DESTINATION,Mercato del Lunedì,amenity:marketplace,45.7438297,9.4487438,FACT_OSM_OBSERVATION,data/raw/osm/osm_pois_core.json,534907.2656382337,5065683.763391301,27853,3.5667853687393527,0.044584817109241906,True,5.177559119276699,False
OSM_node_8666951932,DESTINATION,Farmacia Pallavicini,amenity:pharmacy,45.7307703,9.4034869,FACT_OSM_OBSERVATION,data/raw/osm/osm_pois_core.json,531394.1022367687,5064214.089603007,17568,24.697287639634656,0.3087160954954332,True,3.8160067557661574,False
OSM_node_12857894068,DESTINATION,Esselunga,shop:supermarket,45.7182049,9.407649,FACT_OSM_OBSERVATION,data/raw/osm/osm_pois_core.json,531725.0543108124,5062819.697411356,18701,18.18205106704906,0.22727563833811323,True,12.029080089774098,True
OSM_way_98957164,SETTLEMENT,Eremo di San Genesio,isolated_dwelling,45.758791,9.3952889,FACT_OSM_OBSERVATION,data/raw/osm/osm_pois_core.json,530740.8572048817,5067324.056157941,16322,439.4861946001743,5.493577432502179,False,,True
OSM_way_143996275,DESTINATION,OSM amenity:townhall 143996275,amenity:townhall,45.7365029,9.3581706,FACT_OSM_OBSERVATION,data/raw/osm/osm_pois_core.json,527865.327235735,5064834.208778152,3548,15.951168749901617,0.1993896093737702,True,10.554176093267953,True
OSM_way_190241834,DESTINATION,Scuola media Emilio Gola,amenity:school,45.7271918,9.3994914,FACT_OSM_OBSERVATION,data/raw/osm/osm_pois_core.json,531085.20948782,5063814.9529647725,16363,32.393199114816994,0.40491498893521244,True,4.335235432466508,False
OSM_way_193847317,DESTINATION,Scuola Media Don Piero Pointinger,amenity:school,45.7388885,9.3702344,FACT_OSM_OBSERVATION,data/raw/osm/osm_pois_core.json,528802.6523850025,5065103.525431315,6622,24.359771338723288,0.3044971417340411,True,2.774020314179855,False
OSM_way_193847356,DESTINATION,Scuole elementari,amenity:school,45.7384684,9.3692596,FACT_OSM_OBSERVATION,data/raw/osm/osm_pois_core.json,528727.0325683114,5065056.501119719,6211,22.29036509649049,0.2786295637061311,True,2.692100269853005,False
OSM_way_193977000,DESTINATION,Scuola dell'Infanzia Gorizia,amenity:kindergarten,45.7431604,9.3751151,FACT_OSM_OBSERVATION,data/raw/osm/osm_pois_core.json,529180.1243732107,5065579.909709334,8372,22.05294948639575,0.2756618685799469,True,1.4105467442762514,False
OSM_way_194064674,DESTINATION,OSM amenity:townhall 194064674,amenity:townhall,45.7435994,9.3715869,FACT_OSM_OBSERVATION,data/raw/osm/osm_pois_core.json,528905.4399782282,5065627.402474457,7028,14.272924644432258,0.17841155805540324,True,3.9190543772398283,False
OSM_way_198149309,DESTINATION,OSM amenity:school 198149309,amenity:school,45.7456245,9.3741547,FACT_OSM_OBSERVATION,data/raw/osm/osm_pois_core.json,529104.1346173711,5065853.325800408,8053,36.46645334622741,0.4558306668278426,True,3.325455510081476,False
OSM_way_235418043,DESTINATION,Punto Gioco,amenity:kindergarten,45.7367036,9.4143695,FACT_OSM_OBSERVATION,data/raw/osm/osm_pois_core.json,532237.4302514421,5064877.616154628,20337,32.708192063429735,0.40885240079287166,True,5.340010901455825,False
OSM_way_297320961,DESTINATION,Municipio di Calco,amenity:townhall,45.7256051,9.4181961,FACT_OSM_OBSERVATION,data/raw/osm/osm_pois_core.json,532541.5795859244,5063646.104771526,21215,15.466195288914783,0.1933274411114348,True,4.33249083924525,False
OSM_way_297770234,DESTINATION,OSM amenity:townhall 297770234,amenity:townhall,45.7544049,9.4224939,FACT_OSM_OBSERVATION,data/raw/osm/osm_pois_core.json,532859.1110395814,5066847.568468909,21908,102.3181611446297,1.2789770143078711,True,58.18860378476787,True
OSM_way_297778222,DESTINATION,OSM amenity:townhall 297778222,amenity:townhall,45.7422524,9.447187,FACT_OSM_OBSERVATION,data/raw/osm/osm_pois_core.json,534787.1436263067,5065507.8444312345,27529,22.489736559362417,0.2811217069920302,True,1.76450974942331,False
OSM_way_297778232,DESTINATION,OSM amenity:post_office 297778232,amenity:post_office,45.7367452,9.4283243,FACT_OSM_OBSERVATION,data/raw/osm/osm_pois_core.json,533323.0710613539,5064887.95565209,23642,14.779807054115462,0.18474758817644327,True,1.3759080280286873,False
OSM_way_340266670,DESTINATION,OSM amenity:school 340266670,amenity:school,45.7261153,9.4120898,FACT_OSM_OBSERVATION,data/raw/osm/osm_pois_core.json,532066.131243133,5063700.323620258,19949,33.31792787097118,0.4164740983871398,True,4.19137638151002,False
OSM_way_592640676,DESTINATION,Oratorio San Giovanni Bosco,amenity:community_centre,45.7370312,9.4279669,FACT_OSM_OBSERVATION,data/raw/osm/osm_pois_core.json,533295.0958470744,5064919.581922785,23595,35.8589562752836,0.448236953441045,True,0.49304374239918736,False
OSM_way_606385949,DESTINATION,Casa di riposo Carlo e Elisa Frigerio,amenity:social_facility,45.7426071,9.4446596,FACT_OSM_OBSERVATION,data/raw/osm/osm_pois_core.json,534590.3155914204,5065546.156275933,27101,40.773468025709356,0.5096683503213669,True,1.4438444914837785,False
OSM_way_688624393,DESTINATION,"Scuola primaria ""Bartolomeo Calchi""",amenity:school,45.7267712,9.4186872,FACT_OSM_OBSERVATION,data/raw/osm/osm_pois_core.json,532579.1162289177,5063775.85999222,21291,36.879734507141144,0.4609966813392643,True,7.510701337130866,False
OSM_way_701042641,DESTINATION,Oratorio di Airuno,amenity:community_centre,45.7509965,9.4252791,FACT_OSM_OBSERVATION,data/raw/osm/osm_pois_core.json,533077.7410326937,5066470.0366086,22807,72.37142030832354,0.9046427538540442,True,15.787561003304498,True
OSM_way_833905178,DESTINATION,OSM amenity:community_centre 833905178,amenity:community_centre,45.7099909,9.4415674,FACT_OSM_OBSERVATION,data/raw/osm/osm_pois_core.json,534369.7684062421,5061921.117274932,26244,392.5463343020973,4.906829178776216,False,,True
OSM_way_1081561045,DESTINATION,Scuola dell'Infanzia,amenity:school,45.75408,9.4254304,FACT_OSM_OBSERVATION,data/raw/osm/osm_pois_core.json,533087.6867819423,5066812.682050334,23229,146.4935019498065,1.8311687743725813,True,29.58353848116366,True
OSM_POINT_62511518,SETTLEMENT,Brivio,village,45.7419691,9.4441423,FACT_OSM_OBSERVATION,data/raw/osm/osm_points_core.geojson,534550.4680987542,5065475.049815023,26956,25.638914967647967,0.3204864370955996,True,2.362458957096638,False
OSM_POINT_62511556,SETTLEMENT,Calco,village,45.7248681,9.4159051,FACT_OSM_OBSERVATION,data/raw/osm/osm_points_core.geojson,532363.7329909215,5063563.293900092,20649,9.752030250653254,0.12190037813316568,True,1.207717026645991,False
OSM_POINT_62511605,SETTLEMENT,Olgiate Molgora,village,45.730279,9.403347,FACT_OSM_OBSERVATION,data/raw/osm/osm_points_core.geojson,531383.4922010229,5064159.450539827,17462,29.725502785461803,0.37156878481827255,True,3.5347618293811656,False
OSM_POINT_62512298,SETTLEMENT,Rovagnate,village,45.7385802,9.3695359,FACT_OSM_OBSERVATION,data/raw/osm/osm_points_core.geojson,528748.4703064128,5065069.021538764,6372,24.669608465543234,0.3083701058192904,True,2.0934170365696785,False
OSM_POINT_62512404,SETTLEMENT,Airuno,village,45.75388,9.424247,FACT_OSM_OBSERVATION,data/raw/osm/osm_points_core.geojson,532995.7662049158,5066789.972771759,22195,133.56482403339504,1.669560300417438,True,19.56546483905364,True
OSM_POINT_62512525,SETTLEMENT,Santa Maria Hoè,village,45.7443892,9.3750111,FACT_OSM_OBSERVATION,data/raw/osm/osm_points_core.geojson,529171.3942377224,5065716.393665487,8353,41.228492183452445,0.5153561522931556,True,2.758820662710318,False
OSM_POINT_62512561,SETTLEMENT,Perego,village,45.7373114,9.3597486,FACT_OSM_OBSERVATION,data/raw/osm/osm_points_core.geojson,527987.6901671753,5064924.585291318,3759,23.713248695969277,0.296415608699616,True,10.892467051280791,True
OSM_POINT_534888593,SETTLEMENT,Ospedaletto,locality,45.7183596,9.3686061,FACT_OSM_OBSERVATION,data/raw/osm/osm_points_core.geojson,528686.4844362339,5062822.148848756,5928,10.502528619749471,0.1312816077468684,True,41.98428278028228,True
OSM_POINT_538469464,SETTLEMENT,Fornace Inferiore,hamlet,45.7148347,9.382607,FACT_OSM_OBSERVATION,data/raw/osm/osm_points_core.geojson,529777.965467393,5062435.64187076,10869,48.14877149745063,0.6018596437181329,True,42.51603417879974,True
OSM_POINT_538492425,SETTLEMENT,Bagaggera,hamlet,45.7109486,9.3841585,FACT_OSM_OBSERVATION,data/raw/osm/osm_points_core.geojson,529900.7895849047,5062004.4699510345,11559,19.465603520131946,0.24332004400164933,True,39.611483895301994,True
OSM_POINT_538561433,SETTLEMENT,Beolco,hamlet,45.7185581,9.3940415,FACT_OSM_OBSERVATION,data/raw/osm/osm_points_core.geojson,530665.8654605141,5062853.634229009,14889,28.392441248195745,0.3549055156024468,True,20.850387993210074,True
OSM_POINT_538606783,SETTLEMENT,Cicognola,hamlet,45.7104605,9.407625,FACT_OSM_OBSERVATION,data/raw/osm/osm_points_core.geojson,531727.5686495987,5061959.275662763,18335,90.24988680084093,1.1281235850105116,True,19.85170105038638,True
OSM_POINT_855805785,SETTLEMENT,Fornace Superiore,hamlet,45.7151942,9.3791444,FACT_OSM_OBSERVATION,data/raw/osm/osm_points_core.geojson,529508.2852447863,5062474.300293523,9696,10.641053651749347,0.13301317064686685,True,43.78149440418362,True
OSM_POINT_856848364,SETTLEMENT,Bernaga inferiore,hamlet,45.7331468,9.355394,FACT_OSM_OBSERVATION,data/raw/osm/osm_points_core.geojson,527650.9667756421,5064460.3772867005,2897,11.14556536657693,0.13931956708221163,True,19.952672339503525,True
OSM_POINT_856848408,SETTLEMENT,Campo,hamlet,45.732917,9.3631631,FACT_OSM_OBSERVATION,data/raw/osm/osm_points_core.geojson,528255.5471635697,5064437.560434854,4576,24.350927983706953,0.3043865997963369,True,15.084738037074315,True
OSM_POINT_856848452,SETTLEMENT,Pianello,isolated_dwelling,45.7288716,9.3602339,FACT_OSM_OBSERVATION,data/raw/osm/osm_points_core.geojson,528029.6672211558,5063987.079956403,3904,13.86734319976169,0.17334178999702113,True,22.166103593178146,True
OSM_POINT_1144810020,SETTLEMENT,Porchera,hamlet,45.7388644,9.4122468,FACT_OSM_OBSERVATION,data/raw/osm/osm_points_core.geojson,532071.049869469,5065116.8315020995,19944,16.520053484800894,0.20650066856001117,True,8.407160864025531,False
OSM_POINT_1144810029,SETTLEMENT,Taiello,hamlet,45.7593583,9.4196418,FACT_OSM_OBSERVATION,data/raw/osm/osm_points_core.geojson,532634.4038421307,5067396.733500158,21908,520.6437343724027,6.508046679655034,False,,True
OSM_POINT_1144810072,SETTLEMENT,Olcellera,hamlet,45.7366247,9.4032471,FACT_OSM_OBSERVATION,data/raw/osm/osm_points_core.geojson,531372.165936623,5064864.428696434,17324,15.930543807129066,0.1991317975891133,True,8.136394500835836,False
OSM_POINT_1144810097,SETTLEMENT,Aizurro,hamlet,45.7570462,9.4119267,FACT_OSM_OBSERVATION,data/raw/osm/osm_points_core.geojson,532035.7448072756,5067136.735121488,19901,295.3734453228516,3.6921680665356447,False,,True
OSM_POINT_1144810107,SETTLEMENT,Caglianello,hamlet,45.7438163,9.400202,FACT_OSM_OBSERVATION,data/raw/osm/osm_points_core.geojson,531131.2637138908,5065662.238260608,16520,62.42306230010037,0.7802882787512546,True,20.50366304493991,True
OSM_POINT_1144810140,SETTLEMENT,Vaccarezza Vecchia,hamlet,45.7375154,9.4373951,FACT_OSM_OBSERVATION,data/raw/osm/osm_points_core.geojson,534028.2992991176,5064977.344252546,25308,21.90223789015547,0.27377797362694334,True,6.776933657889056,False
OSM_POINT_1144810197,SETTLEMENT,Paù,hamlet,45.7459833,9.3908657,FACT_OSM_OBSERVATION,data/raw/osm/osm_points_core.geojson,530403.8273227147,5065899.404928867,13800,0.0,0.0,True,22.42394765889966,True
OSM_POINT_1144810206,SETTLEMENT,Mondonico,hamlet,45.7419344,9.3962025,FACT_OSM_OBSERVATION,data/raw/osm/osm_points_core.geojson,530821.1827559558,5065451.607156964,15419,35.390166519046424,0.4423770814880803,True,10.908497558474458,True
OSM_POINT_1144810212,SETTLEMENT,Campsirago,hamlet,45.7551163,9.4010747,FACT_OSM_OBSERVATION,data/raw/osm/osm_points_core.geojson,531192.8549499152,5066918.029702085,16730,67.81321995935893,0.8476652494919866,True,43.390383394545715,True
OSM_POINT_1144810224,SETTLEMENT,Cagliano,hamlet,45.7511753,9.3880364,FACT_OSM_OBSERVATION,data/raw/osm/osm_points_core.geojson,530180.9495263525,5066475.174439253,12697,4.411957800187726,0.05514947250234657,True,34.479919756827165,True
OSM_POINT_1144810241,SETTLEMENT,Beverate,village,45.738267,9.4280345,FACT_OSM_OBSERVATION,data/raw/osm/osm_points_core.geojson,533299.6204315831,5065056.909488323,23552,9.661488226445961,0.12076860283057451,True,2.497500402002017,False
OSM_POINT_1144810296,SETTLEMENT,Vaccarezza Nuova,hamlet,45.743033,9.4394422,FACT_OSM_OBSERVATION,data/raw/osm/osm_points_core.geojson,534184.1914301935,5065591.231764948,25620,19.159648303793443,0.23949560379741802,True,1.597923199342749,False
OSM_POINT_1144810315,SETTLEMENT,Monastirolo,hamlet,45.7417582,9.4075899,FACT_OSM_OBSERVATION,data/raw/osm/osm_points_core.geojson,531707.1249495593,5065436.481351458,18631,5.5834082473912305,0.06979260309239038,True,23.567113518546844,True
OSM_POINT_1144810316,SETTLEMENT,Giovenzana,hamlet,45.7532378,9.375243,FACT_OSM_OBSERVATION,data/raw/osm/osm_points_core.geojson,529184.8213906778,5066699.574474784,8306,8.854986275966542,0.11068732844958178,True,30.656660580118746,True
OSM_POINT_1575801240,SETTLEMENT,Monte,village,45.726312,9.3791657,FACT_OSM_OBSERVATION,data/raw/osm/osm_points_core.geojson,529504.0906339656,5063709.510700794,9615,61.47664158741518,0.7684580198426898,True,19.479389656837718,True
OSM_POINT_1620729043,SETTLEMENT,Cassina Fra Martino,village,45.7182584,9.4335161,FACT_OSM_OBSERVATION,data/raw/osm/osm_points_core.geojson,533738.1137571103,5062836.220734618,24529,22.81091773080267,0.2851364716350334,True,21.107818019975372,True
OSM_POINT_1620729044,SETTLEMENT,Grugana,hamlet,45.7231051,9.4366717,FACT_OSM_OBSERVATION,data/raw/osm/osm_points_core.geojson,533980.7579715888,5063376.03067759,25083,32.48318702562141,0.40603983782026765,True,18.987032714467365,True
OSM_POINT_1620729057,SETTLEMENT,Madonna del Bosco,hamlet,45.7144099,9.4428936,FACT_OSM_OBSERVATION,data/raw/osm/osm_points_core.geojson,534470.2775262821,5062412.643627028,26508,11.029819748140705,0.13787274685175882,True,9.208246677212466,False
OSM_POINT_1620729065,SETTLEMENT,Roncaglia,hamlet,45.7112187,9.4011544,FACT_OSM_OBSERVATION,data/raw/osm/osm_points_core.geojson,531223.5062851472,5062040.968014087,17023,39.82448715445599,0.4978060894306998,True,28.624886998527927,True
OSM_POINT_1620729074,SETTLEMENT,Scagnello,hamlet,45.7177172,9.4056402,FACT_OSM_OBSERVATION,data/raw/osm/osm_points_core.geojson,531568.9952769642,5062764.718962173,18121,8.46172649356102,0.10577158116951275,True,13.561600678288979,True
OSM_POINT_2101402480,SETTLEMENT,Casternago,hamlet,45.730683,9.3898515,FACT_OSM_OBSERVATION,data/raw/osm/osm_points_core.geojson,530333.2204261286,5064199.130832197,13503,64.52690569426588,0.8065863211783235,True,1.1215117714134275,False
OSM_POINT_2101402495,SETTLEMENT,Cereda,hamlet,45.7303285,9.369536,FACT_OSM_OBSERVATION,data/raw/osm/osm_points_core.geojson,528752.7124217459,5064152.244368129,6454,59.05525365545998,0.7381906706932497,True,15.536520322549785,True
OSM_POINT_2101402496,SETTLEMENT,Crescenzaga,village,45.7333404,9.3723062,FACT_OSM_OBSERVATION,data/raw/osm/osm_points_core.geojson,528966.6979226569,5064487.870361859,7369,33.611702028700975,0.4201462753587622,True,13.945223438490823,True
OSM_POINT_2101402497,SETTLEMENT,Sara,village,45.7294421,9.3790469,FACT_OSM_OBSERVATION,data/raw/osm/osm_points_core.geojson,529493.1990747945,5064057.225664194,9684,25.00393635063088,0.312549204382886,True,14.796471767403625,True
OSM_POINT_2101450217,SETTLEMENT,Biscioia,hamlet,45.7411407,9.3572487,FACT_OSM_OBSERVATION,data/raw/osm/osm_points_core.geojson,527791.3034154108,5065349.155587659,3355,32.96272238478309,0.41203402980978865,True,7.282169017820533,False
OSM_POINT_2101450222,SETTLEMENT,Bruggione,hamlet,45.7356141,9.3979405,FACT_OSM_OBSERVATION,data/raw/osm/osm_points_core.geojson,530959.877115733,5064750.082212742,15944,19.767677900287072,0.2470959737535884,True,13.22833088564462,True
OSM_POINT_2101450231,SETTLEMENT,Cascinette Nere,hamlet,45.7476942,9.3592905,FACT_OSM_OBSERVATION,data/raw/osm/osm_points_core.geojson,527946.8700562937,5066077.972656206,3710,15.703479904394861,0.19629349880493577,True,16.9742997239004,True
OSM_POINT_2101450267,SETTLEMENT,Monticello,hamlet,45.7346613,9.3920896,FACT_OSM_OBSERVATION,data/raw/osm/osm_points_core.geojson,530505.1944802746,5064641.977129766,14263,21.50702230655744,0.268837778831968,True,8.285438305393669,False
OSM_POINT_2101450270,SETTLEMENT,Prestabbio,hamlet,45.7460392,9.3623717,FACT_OSM_OBSERVATION,data/raw/osm/osm_points_core.geojson,528187.3694474312,5065895.1801969195,4448,4.987900952975455,0.062348761912193185,True,11.840689663082136,True
OSM_POINT_2101450272,SETTLEMENT,Sancina,hamlet,45.743116,9.3873835,FACT_OSM_OBSERVATION,data/raw/osm/osm_points_core.geojson,530134.5041562681,5065579.525087629,12556,44.2587937050462,0.5532349213130775,True,8.019752216088587,False
OSM_POINT_2101450275,SETTLEMENT,Tre Strade,hamlet,45.7390117,9.3909277,FACT_OSM_OBSERVATION,data/raw/osm/osm_points_core.geojson,530412.4351217368,5065124.871424261,13831,27.624618144043403,0.34530772680054256,True,4.630496640421848,False
OSM_POINT_2205292238,SETTLEMENT,Spiazzo,hamlet,45.7195342,9.3843226,FACT_OSM_OBSERVATION,data/raw/osm/osm_points_core.geojson,529908.9817681048,5062958.402057007,11617,20.75744078102148,0.2594680097627685,True,30.858633082770854,True
OSM_POINT_2456277169,SETTLEMENT,Mirabella,isolated_dwelling,45.7457599,9.3872997,FACT_OSM_OBSERVATION,data/raw/osm/osm_points_core.geojson,530126.5631964967,5065873.235585633,12399,9.706120506595727,0.1213265063324466,True,15.24066860277952,True
OSM_POINT_2464975482,SETTLEMENT,Sabbione,neighbourhood,45.7111068,9.440317,FACT_OSM_OBSERVATION,data/raw/osm/osm_points_core.geojson,534271.760495302,5062044.558861851,26059,293.1033136153361,3.6637914201917012,False,,True
OSM_POINT_2799583459,SETTLEMENT,Piecastello,neighbourhood,45.7596128,9.3609334,FACT_OSM_OBSERVATION,data/raw/osm/osm_points_core.geojson,528068.6849307183,5067402.728166623,4319,82.8180305539893,1.0352253819248662,True,29.31196994324096,True
OSM_POINT_3070050535,SETTLEMENT,Arlate,village,45.7210372,9.4433482,FACT_OSM_OBSERVATION,data/raw/osm/osm_points_core.geojson,534501.5799809763,5063149.1409452,26764,33.03813812944941,0.4129767266181176,True,5.213431558902105,False
OSM_POINT_3589775763,SETTLEMENT,Sartirana,village,45.7149296,9.4191667,FACT_OSM_OBSERVATION,data/raw/osm/osm_points_core.geojson,532623.3183299744,5062460.437749703,21171,82.26468002137891,1.0283085002672363,True,21.06982156701602,True
OSM_POINT_6325155065,SETTLEMENT,Pianezzo,hamlet,45.7100715,9.394973,FACT_OSM_OBSERVATION,data/raw/osm/osm_points_core.geojson,530743.0114808467,5061911.119996892,15141,3.4372469416020905,0.04296558677002613,True,30.459899763064712,True
OSM_POINT_6325185758,SETTLEMENT,Molino Cattaneo,isolated_dwelling,45.7135078,9.397125,FACT_OSM_OBSERVATION,data/raw/osm/osm_points_core.geojson,530908.6196677925,5062293.72574804,15848,5.794519983395999,0.07243149979244998,True,26.6164023892822,True
OSM_POINT_6647016663,SETTLEMENT,Calco Superiore,neighbourhood,45.7247416,9.4268562,FACT_OSM_OBSERVATION,data/raw/osm/osm_points_core.geojson,533215.969482424,5063553.726945216,23154,20.258679456289578,0.2532334932036197,True,9.007229421160035,False
OSM_POINT_7555692278,SETTLEMENT,Bella Venezia,isolated_dwelling,45.7442014,9.4519897,FACT_OSM_OBSERVATION,data/raw/osm/osm_points_core.geojson,535159.5270146873,5065726.481449133,28302,21.74383022457254,0.27179787780715675,True,7.716166399247131,False
OSM_POINT_7994580675,SETTLEMENT,Limito,locality,45.7211994,9.4168818,FACT_OSM_OBSERVATION,data/raw/osm/osm_points_core.geojson,532441.8584263364,5063156.091750573,20778,43.271601744478275,0.5408950218059785,True,10.186433231636903,True
OSM_POINT_8823966881,SETTLEMENT,Roncada,neighbourhood,45.7381686,9.3553508,FACT_OSM_OBSERVATION,data/raw/osm/osm_points_core.geojson,527645.1276053388,5065018.292592933,2880,65.76643809099,0.8220804761373749,True,10.793338098480836,True
OSM_POINT_8823966883,SETTLEMENT,Galbusera Bianca,hamlet,45.7224552,9.3710056,FACT_OSM_OBSERVATION,data/raw/osm/osm_points_core.geojson,528871.1141115371,5063278.038396448,6786,5.992195487108898,0.07490244358886122,True,31.479427250449476,True
OSM_POINT_9964953335,SETTLEMENT,Vescogna,hamlet,45.7241072,9.4258255,FACT_OSM_OBSERVATION,data/raw/osm/osm_points_core.geojson,533136.1402898359,5063482.816898872,22943,24.54117142802645,0.3067646428503306,True,8.26353578587523,False
OSM_POINT_10592278285,SETTLEMENT,Gibello,neighbourhood,45.7572588,9.4171753,FACT_OSM_OBSERVATION,data/raw/osm/osm_points_core.geojson,532443.8076599601,5067162.471189586,21874,418.72716128543107,5.234089516067888,False,,True
OSM_POINT_11395911406,SETTLEMENT,Sosta,hamlet,45.7407269,9.451241,FACT_OSM_OBSERVATION,data/raw/osm/osm_points_core.geojson,535103.4643684443,5065340.129639207,27905,175.74019810575487,2.1967524763219357,True,5.519228110062535,False
OSM_POINT_11860487441,SETTLEMENT,Pessina,locality,45.7562495,9.3822433,FACT_OSM_OBSERVATION,data/raw/osm/osm_points_core.geojson,529727.6759199405,5067036.758546585,10818,117.63858988887272,1.470482373610909,True,42.62290519242661,True
OSM_POINT_13236956843,SETTLEMENT,Crosaccia,locality,45.7470716,9.4161375,FACT_OSM_OBSERVATION,data/raw/osm/osm_points_core.geojson,532368.9863578773,5066030.232976748,20720,8.095977921466451,0.10119972401833063,True,42.261430709517406,True
OSM_POINT_13356060240,SETTLEMENT,Tremonte,hamlet,45.7430894,9.3801463,FACT_OSM_OBSERVATION,data/raw/osm/osm_points_core.geojson,529571.5377044192,5065573.869009101,10061,13.056406243704062,0.16320507804630077,True,1.955876611288344,False
OSM_POINT_13669703883,SETTLEMENT,Brugolone,locality,45.7251392,9.3749589,FACT_OSM_OBSERVATION,data/raw/osm/osm_points_core.geojson,529177.3567995178,5063577.668434629,8386,47.28197574680171,0.5910246968350215,True,22.54629150086731,True
OSM_POINT_13679736682,SETTLEMENT,Valle del Stallo,hamlet,45.7100284,9.4135227,FACT_OSM_OBSERVATION,data/raw/osm/osm_points_core.geojson,532186.8650777757,5061913.623579943,19855,495.84155315454836,6.198019414431855,False,,True
OSM_POINT_13817530042,SETTLEMENT,La Vigna,hamlet,45.7104769,9.3668541,FACT_OSM_OBSERVATION,data/raw/osm/osm_points_core.geojson,528554.1506803693,5061945.744700786,5366,25.466539222155376,0.3183317402769422,True,58.36362395500415,True
OSM_POINT_13817614762,SETTLEMENT,Spiazzolo,hamlet,45.7130238,9.3574347,FACT_OSM_OBSERVATION,data/raw/osm/osm_points_core.geojson,527819.7266767668,5062225.391118954,2864,356.96490066714307,4.462061258339288,False,,True
OSM_POINT_13817620114,SETTLEMENT,Cappona,hamlet,45.7126252,9.3610838,FACT_OSM_OBSERVATION,data/raw/osm/osm_points_core.geojson,528103.9417921493,5062182.38102165,5483,464.2831457247678,5.803539321559597,False,,True
OSM_POINT_13817625357,SETTLEMENT,Il Roccolo,hamlet,45.7151311,9.355103,FACT_OSM_OBSERVATION,data/raw/osm/osm_points_core.geojson,527637.207955334,5062458.706912266,2864,83.32854057589859,1.0416067571987324,True,55.76320156106456,True
OSM_POINT_13838884593,SETTLEMENT,Cornera inferiore,hamlet,45.7390536,9.3878281,FACT_OSM_OBSERVATION,data/raw/osm/osm_points_core.geojson,530171.2775599603,5065128.352957093,12799,33.12205466982385,0.4140256833727981,True,2.864555851436334,False
OSM_POINT_13838884594,SETTLEMENT,Cornera,isolated_dwelling,45.7490903,9.3741408,FACT_OSM_OBSERVATION,data/raw/osm/osm_points_core.geojson,529101.25236074,5066238.377589645,7989,19.75992300972528,0.246999037621566,True,13.168649288787128,True
OSM_POINT_13912253728,SETTLEMENT,Ca' Andreino,locality,45.7481254,9.3809084,FACT_OSM_OBSERVATION,data/raw/osm/osm_points_core.geojson,529628.1571060439,5066133.659823503,10358,16.3136094912449,0.20392011864056125,True,16.48338173299933,True
OSM_POINT_13912809548,SETTLEMENT,Alduno,hamlet,45.7355042,9.3806773,FACT_OSM_OBSERVATION,data/raw/osm/osm_points_core.geojson,529616.8541311146,5064731.336767901,10276,16.914842270999074,0.21143552838748841,True,1.9527102996255328,False
OSM_POINT_13912842832,SETTLEMENT,La Piana,hamlet,45.7409742,9.3787247,FACT_OSM_OBSERVATION,data/raw/osm/osm_points_core.geojson,529462.0641839546,5065338.342038472,9506,9.518461406783288,0.1189807675847911,True,2.5321824088781213,False
OSM_POINT_13912864211,SETTLEMENT,Roccolo,locality,45.7389038,9.3751734,FACT_OSM_OBSERVATION,data/raw/osm/osm_points_core.geojson,529186.8773514256,5065107.015300063,7978,83.4220230759852,1.042775288449815,True,7.682098793879483,False
