master_source_record_id,source_family,source_record_native_id,operator,route_id,source_stop_name,lat,lon,municipality_reported,physical_municipality_exact,analysis_context_role,source_temporal_status,service_class,legacy_physical_cluster_id,legacy_pro_com_t,source_provenance_status,boarding_point_id_candidate,boarding_point_assignment_status,stop_place_id_candidate,stop_place_assignment_status,routing_terminal_eligibility_status,notes
FROZEN_GTFS::100005,FROZEN_GTFS_REFERENCE,100005,ARRIVA_LINEELECCO_REFERENCE_UNIVERSE,D148,Brivio - s.s. briantea,45.73464,9.42271,Brivio,,FROZEN_ROUTING_CONTEXT_UNIVERSE,REFERENCE_PERIOD_2025_26_NOT_CURRENT_SERVICE,CONVENTIONAL_TPL_REFERENCE,EX_001,097010,FACT_OFFICIAL_GTFS_REFERENCE_PERIOD_NOT_CURRENT_SERVICE,BP_SRC_FROZEN_100005,SOURCE_PRESERVED_IDENTITY_NOT_CONFLATED,,NOT_ASSIGNED_FROM_LEGACY_40M_CLUSTER,NOT_EVALUATED,Legacy physical_cluster_id retained only as provenance/candidate-neighbourhood information. PRO_COM_T is not strict municipality truth.
FROZEN_GTFS::300063,FROZEN_GTFS_REFERENCE,300063,ARRIVA_LINEELECCO_REFERENCE_UNIVERSE,D150|D185,Brivio - capolinea,45.741333,9.4457,Brivio,,FROZEN_ROUTING_CONTEXT_UNIVERSE,REFERENCE_PERIOD_2025_26_NOT_CURRENT_SERVICE,CONVENTIONAL_TPL_REFERENCE,EX_002,097010,FACT_OFFICIAL_GTFS_REFERENCE_PERIOD_NOT_CURRENT_SERVICE,BP_SRC_FROZEN_300063,SOURCE_PRESERVED_IDENTITY_NOT_CONFLATED,,NOT_ASSIGNED_FROM_LEGACY_40M_CLUSTER,NOT_EVALUATED,Legacy physical_cluster_id retained only as provenance/candidate-neighbourhood information. PRO_COM_T is not strict municipality truth.
FROZEN_GTFS::300086,FROZEN_GTFS_REFERENCE,300086,ARRIVA_LINEELECCO_REFERENCE_UNIVERSE,D150|D185,Brivio - beverate (cariplo),45.7404,9.423083,Brivio,,FROZEN_ROUTING_CONTEXT_UNIVERSE,REFERENCE_PERIOD_2025_26_NOT_CURRENT_SERVICE,CONVENTIONAL_TPL_REFERENCE,EX_003,097010,FACT_OFFICIAL_GTFS_REFERENCE_PERIOD_NOT_CURRENT_SERVICE,BP_SRC_FROZEN_300086,SOURCE_PRESERVED_IDENTITY_NOT_CONFLATED,,NOT_ASSIGNED_FROM_LEGACY_40M_CLUSTER,NOT_EVALUATED,Legacy physical_cluster_id retained only as provenance/candidate-neighbourhood information. PRO_COM_T is not strict municipality truth.
FROZEN_GTFS::300087,FROZEN_GTFS_REFERENCE,300087,ARRIVA_LINEELECCO_REFERENCE_UNIVERSE,D148|D150|D185,Brivio - vaccarezza,45.73685,9.436083,Brivio,,FROZEN_ROUTING_CONTEXT_UNIVERSE,REFERENCE_PERIOD_2025_26_NOT_CURRENT_SERVICE,CONVENTIONAL_TPL_REFERENCE,EX_004,097010,FACT_OFFICIAL_GTFS_REFERENCE_PERIOD_NOT_CURRENT_SERVICE,BP_SRC_FROZEN_300087,SOURCE_PRESERVED_IDENTITY_NOT_CONFLATED,,NOT_ASSIGNED_FROM_LEGACY_40M_CLUSTER,NOT_EVALUATED,Legacy physical_cluster_id retained only as provenance/candidate-neighbourhood information. PRO_COM_T is not strict municipality truth.
FROZEN_GTFS::300089,FROZEN_GTFS_REFERENCE,300089,ARRIVA_LINEELECCO_REFERENCE_UNIVERSE,D148|D150,Calco - via statale (edicola),45.723933,9.4151,Calco,,FROZEN_ROUTING_CONTEXT_UNIVERSE,REFERENCE_PERIOD_2025_26_NOT_CURRENT_SERVICE,CONVENTIONAL_TPL_REFERENCE,EX_005,097012,FACT_OFFICIAL_GTFS_REFERENCE_PERIOD_NOT_CURRENT_SERVICE,BP_SRC_FROZEN_300089,SOURCE_PRESERVED_IDENTITY_NOT_CONFLATED,,NOT_ASSIGNED_FROM_LEGACY_40M_CLUSTER,NOT_EVALUATED,Legacy physical_cluster_id retained only as provenance/candidate-neighbourhood information. PRO_COM_T is not strict municipality truth.
FROZEN_GTFS::300207,FROZEN_GTFS_REFERENCE,300207,ARRIVA_LINEELECCO_REFERENCE_UNIVERSE,D148,S.Maria Hoe' - paese,45.73847,9.38723,Santa Maria Hoè,,FROZEN_ROUTING_CONTEXT_UNIVERSE,REFERENCE_PERIOD_2025_26_NOT_CURRENT_SERVICE,CONVENTIONAL_TPL_REFERENCE,EX_006,097074,FACT_OFFICIAL_GTFS_REFERENCE_PERIOD_NOT_CURRENT_SERVICE,BP_SRC_FROZEN_300207,SOURCE_PRESERVED_IDENTITY_NOT_CONFLATED,,NOT_ASSIGNED_FROM_LEGACY_40M_CLUSTER,NOT_EVALUATED,Legacy physical_cluster_id retained only as provenance/candidate-neighbourhood information. PRO_COM_T is not strict municipality truth.
FROZEN_GTFS::300397,FROZEN_GTFS_REFERENCE,300397,ARRIVA_LINEELECCO_REFERENCE_UNIVERSE,D185,Calco - via virgilio,45.72495,9.41495,Calco,,FROZEN_ROUTING_CONTEXT_UNIVERSE,REFERENCE_PERIOD_2025_26_NOT_CURRENT_SERVICE,CONVENTIONAL_TPL_REFERENCE,EX_007,097012,FACT_OFFICIAL_GTFS_REFERENCE_PERIOD_NOT_CURRENT_SERVICE,BP_SRC_FROZEN_300397,SOURCE_PRESERVED_IDENTITY_NOT_CONFLATED,,NOT_ASSIGNED_FROM_LEGACY_40M_CLUSTER,NOT_EVALUATED,Legacy physical_cluster_id retained only as provenance/candidate-neighbourhood information. PRO_COM_T is not strict municipality truth.
FROZEN_GTFS::300398,FROZEN_GTFS_REFERENCE,300398,ARRIVA_LINEELECCO_REFERENCE_UNIVERSE,D150|D185,Brivio - beverate (paese),45.73735,9.427967,Brivio,,FROZEN_ROUTING_CONTEXT_UNIVERSE,REFERENCE_PERIOD_2025_26_NOT_CURRENT_SERVICE,CONVENTIONAL_TPL_REFERENCE,EX_008,097010,FACT_OFFICIAL_GTFS_REFERENCE_PERIOD_NOT_CURRENT_SERVICE,BP_SRC_FROZEN_300398,SOURCE_PRESERVED_IDENTITY_NOT_CONFLATED,,NOT_ASSIGNED_FROM_LEGACY_40M_CLUSTER,NOT_EVALUATED,Legacy physical_cluster_id retained only as provenance/candidate-neighbourhood information. PRO_COM_T is not strict municipality truth.
FROZEN_GTFS::300405,FROZEN_GTFS_REFERENCE,300405,ARRIVA_LINEELECCO_REFERENCE_UNIVERSE,D185,Cisano - sosta,45.739883,9.451267,Brivio,,FROZEN_ROUTING_CONTEXT_UNIVERSE,REFERENCE_PERIOD_2025_26_NOT_CURRENT_SERVICE,CONVENTIONAL_TPL_REFERENCE,EX_009,097010,FACT_OFFICIAL_GTFS_REFERENCE_PERIOD_NOT_CURRENT_SERVICE,BP_SRC_FROZEN_300405,SOURCE_PRESERVED_IDENTITY_NOT_CONFLATED,,NOT_ASSIGNED_FROM_LEGACY_40M_CLUSTER,NOT_EVALUATED,Legacy physical_cluster_id retained only as provenance/candidate-neighbourhood information. PRO_COM_T is not strict municipality truth.
FROZEN_GTFS::300406,FROZEN_GTFS_REFERENCE,300406,ARRIVA_LINEELECCO_REFERENCE_UNIVERSE,D148|D150|D185,Brivio - via como (pizzeria),45.742417,9.439367,Brivio,,FROZEN_ROUTING_CONTEXT_UNIVERSE,REFERENCE_PERIOD_2025_26_NOT_CURRENT_SERVICE,CONVENTIONAL_TPL_REFERENCE,EX_010,097010,FACT_OFFICIAL_GTFS_REFERENCE_PERIOD_NOT_CURRENT_SERVICE,BP_SRC_FROZEN_300406,SOURCE_PRESERVED_IDENTITY_NOT_CONFLATED,,NOT_ASSIGNED_FROM_LEGACY_40M_CLUSTER,NOT_EVALUATED,Legacy physical_cluster_id retained only as provenance/candidate-neighbourhood information. PRO_COM_T is not strict municipality truth.
FROZEN_GTFS::300407,FROZEN_GTFS_REFERENCE,300407,ARRIVA_LINEELECCO_REFERENCE_UNIVERSE,D184|D185,Olgiate Molgora - stazione f.s.,45.73371,9.40576,Olgiate Molgora,,FROZEN_ROUTING_CONTEXT_UNIVERSE,REFERENCE_PERIOD_2025_26_NOT_CURRENT_SERVICE,CONVENTIONAL_TPL_REFERENCE,EX_011,097058,FACT_OFFICIAL_GTFS_REFERENCE_PERIOD_NOT_CURRENT_SERVICE,BP_SRC_FROZEN_300407,SOURCE_PRESERVED_IDENTITY_NOT_CONFLATED,,NOT_ASSIGNED_FROM_LEGACY_40M_CLUSTER,NOT_EVALUATED,Legacy physical_cluster_id retained only as provenance/candidate-neighbourhood information. PRO_COM_T is not strict municipality truth.
FROZEN_GTFS::300487,FROZEN_GTFS_REFERENCE,300487,ARRIVA_LINEELECCO_REFERENCE_UNIVERSE,D150|D185,Brivio - beverate (tre strade),45.73465,9.42685,Brivio,,FROZEN_ROUTING_CONTEXT_UNIVERSE,REFERENCE_PERIOD_2025_26_NOT_CURRENT_SERVICE,CONVENTIONAL_TPL_REFERENCE,EX_012,097010,FACT_OFFICIAL_GTFS_REFERENCE_PERIOD_NOT_CURRENT_SERVICE,BP_SRC_FROZEN_300487,SOURCE_PRESERVED_IDENTITY_NOT_CONFLATED,,NOT_ASSIGNED_FROM_LEGACY_40M_CLUSTER,NOT_EVALUATED,Legacy physical_cluster_id retained only as provenance/candidate-neighbourhood information. PRO_COM_T is not strict municipality truth.
FROZEN_GTFS::300501,FROZEN_GTFS_REFERENCE,300501,ARRIVA_LINEELECCO_REFERENCE_UNIVERSE,D140,Monte Marenzo - levata (smalti riva),45.77215,9.44324,Brivio,,FROZEN_ROUTING_CONTEXT_UNIVERSE,REFERENCE_PERIOD_2025_26_NOT_CURRENT_SERVICE,CONVENTIONAL_TPL_REFERENCE,EX_013,097010,FACT_OFFICIAL_GTFS_REFERENCE_PERIOD_NOT_CURRENT_SERVICE,BP_SRC_FROZEN_300501,SOURCE_PRESERVED_IDENTITY_NOT_CONFLATED,,NOT_ASSIGNED_FROM_LEGACY_40M_CLUSTER,NOT_EVALUATED,Legacy physical_cluster_id retained only as provenance/candidate-neighbourhood information. PRO_COM_T is not strict municipality truth.
FROZEN_GTFS::300527,FROZEN_GTFS_REFERENCE,300527,ARRIVA_LINEELECCO_REFERENCE_UNIVERSE,D148|D150,Airuno - elettroadda,45.741333,9.423283,Brivio,,FROZEN_ROUTING_CONTEXT_UNIVERSE,REFERENCE_PERIOD_2025_26_NOT_CURRENT_SERVICE,CONVENTIONAL_TPL_REFERENCE,EX_014,097010,FACT_OFFICIAL_GTFS_REFERENCE_PERIOD_NOT_CURRENT_SERVICE,BP_SRC_FROZEN_300527,SOURCE_PRESERVED_IDENTITY_NOT_CONFLATED,,NOT_ASSIGNED_FROM_LEGACY_40M_CLUSTER,NOT_EVALUATED,Legacy physical_cluster_id retained only as provenance/candidate-neighbourhood information. PRO_COM_T is not strict municipality truth.
FROZEN_GTFS::300528,FROZEN_GTFS_REFERENCE,300528,ARRIVA_LINEELECCO_REFERENCE_UNIVERSE,D150|D170,Calco - arlate - (provinciale),45.7235,9.443967,Calco,,FROZEN_ROUTING_CONTEXT_UNIVERSE,REFERENCE_PERIOD_2025_26_NOT_CURRENT_SERVICE,CONVENTIONAL_TPL_REFERENCE,EX_015,097012,FACT_OFFICIAL_GTFS_REFERENCE_PERIOD_NOT_CURRENT_SERVICE,BP_SRC_FROZEN_300528,SOURCE_PRESERVED_IDENTITY_NOT_CONFLATED,,NOT_ASSIGNED_FROM_LEGACY_40M_CLUSTER,NOT_EVALUATED,Legacy physical_cluster_id retained only as provenance/candidate-neighbourhood information. PRO_COM_T is not strict municipality truth.
FROZEN_GTFS::300634,FROZEN_GTFS_REFERENCE,300634,ARRIVA_LINEELECCO_REFERENCE_UNIVERSE,D185,Calco - via Nazionale,45.7296,9.417783,Calco,,FROZEN_ROUTING_CONTEXT_UNIVERSE,REFERENCE_PERIOD_2025_26_NOT_CURRENT_SERVICE,CONVENTIONAL_TPL_REFERENCE,EX_016,097012,FACT_OFFICIAL_GTFS_REFERENCE_PERIOD_NOT_CURRENT_SERVICE,BP_SRC_FROZEN_300634,SOURCE_PRESERVED_IDENTITY_NOT_CONFLATED,,NOT_ASSIGNED_FROM_LEGACY_40M_CLUSTER,NOT_EVALUATED,Legacy physical_cluster_id retained only as provenance/candidate-neighbourhood information. PRO_COM_T is not strict municipality truth.
FROZEN_GTFS::300638,FROZEN_GTFS_REFERENCE,300638,ARRIVA_LINEELECCO_REFERENCE_UNIVERSE,D150,Olginate - fornasette,45.7686,9.424767,Brivio,,FROZEN_ROUTING_CONTEXT_UNIVERSE,REFERENCE_PERIOD_2025_26_NOT_CURRENT_SERVICE,CONVENTIONAL_TPL_REFERENCE,EX_017,097010,FACT_OFFICIAL_GTFS_REFERENCE_PERIOD_NOT_CURRENT_SERVICE,BP_SRC_FROZEN_300638,SOURCE_PRESERVED_IDENTITY_NOT_CONFLATED,,NOT_ASSIGNED_FROM_LEGACY_40M_CLUSTER,NOT_EVALUATED,Legacy physical_cluster_id retained only as provenance/candidate-neighbourhood information. PRO_COM_T is not strict municipality truth.
FROZEN_GTFS::300728,FROZEN_GTFS_REFERENCE,300728,ARRIVA_LINEELECCO_REFERENCE_UNIVERSE,D148,Olgiate Molgora - via statale,45.728633,9.400417,Olgiate Molgora,,FROZEN_ROUTING_CONTEXT_UNIVERSE,REFERENCE_PERIOD_2025_26_NOT_CURRENT_SERVICE,CONVENTIONAL_TPL_REFERENCE,EX_018,097058,FACT_OFFICIAL_GTFS_REFERENCE_PERIOD_NOT_CURRENT_SERVICE,BP_SRC_FROZEN_300728,SOURCE_PRESERVED_IDENTITY_NOT_CONFLATED,,NOT_ASSIGNED_FROM_LEGACY_40M_CLUSTER,NOT_EVALUATED,Legacy physical_cluster_id retained only as provenance/candidate-neighbourhood information. PRO_COM_T is not strict municipality truth.
FROZEN_GTFS::300729,FROZEN_GTFS_REFERENCE,300729,ARRIVA_LINEELECCO_REFERENCE_UNIVERSE,D148|D185,Calco - via virgilio (pensilina asf),45.725017,9.40995,Calco,,FROZEN_ROUTING_CONTEXT_UNIVERSE,REFERENCE_PERIOD_2025_26_NOT_CURRENT_SERVICE,CONVENTIONAL_TPL_REFERENCE,EX_019,097012,FACT_OFFICIAL_GTFS_REFERENCE_PERIOD_NOT_CURRENT_SERVICE,BP_SRC_FROZEN_300729,SOURCE_PRESERVED_IDENTITY_NOT_CONFLATED,,NOT_ASSIGNED_FROM_LEGACY_40M_CLUSTER,NOT_EVALUATED,Legacy physical_cluster_id retained only as provenance/candidate-neighbourhood information. PRO_COM_T is not strict municipality truth.
FROZEN_GTFS::300743,FROZEN_GTFS_REFERENCE,300743,ARRIVA_LINEELECCO_REFERENCE_UNIVERSE,D170,Calco - arlate (cimitero),45.72377,9.44097,Calco,,FROZEN_ROUTING_CONTEXT_UNIVERSE,REFERENCE_PERIOD_2025_26_NOT_CURRENT_SERVICE,CONVENTIONAL_TPL_REFERENCE,EX_020,097012,FACT_OFFICIAL_GTFS_REFERENCE_PERIOD_NOT_CURRENT_SERVICE,BP_SRC_FROZEN_300743,SOURCE_PRESERVED_IDENTITY_NOT_CONFLATED,,NOT_ASSIGNED_FROM_LEGACY_40M_CLUSTER,NOT_EVALUATED,Legacy physical_cluster_id retained only as provenance/candidate-neighbourhood information. PRO_COM_T is not strict municipality truth.
FROZEN_GTFS::300746,FROZEN_GTFS_REFERENCE,300746,ARRIVA_LINEELECCO_REFERENCE_UNIVERSE,D170,Merate - sartirana (cimitero),45.71986,9.42384,Calco,,FROZEN_ROUTING_CONTEXT_UNIVERSE,REFERENCE_PERIOD_2025_26_NOT_CURRENT_SERVICE,CONVENTIONAL_TPL_REFERENCE,EX_021,097012,FACT_OFFICIAL_GTFS_REFERENCE_PERIOD_NOT_CURRENT_SERVICE,BP_SRC_FROZEN_300746,SOURCE_PRESERVED_IDENTITY_NOT_CONFLATED,,NOT_ASSIGNED_FROM_LEGACY_40M_CLUSTER,NOT_EVALUATED,Legacy physical_cluster_id retained only as provenance/candidate-neighbourhood information. PRO_COM_T is not strict municipality truth.
FROZEN_GTFS::300782,FROZEN_GTFS_REFERENCE,300782,ARRIVA_LINEELECCO_REFERENCE_UNIVERSE,D184,S.Maria Hoe',45.744283,9.373817,Santa Maria Hoè,,FROZEN_ROUTING_CONTEXT_UNIVERSE,REFERENCE_PERIOD_2025_26_NOT_CURRENT_SERVICE,CONVENTIONAL_TPL_REFERENCE,EX_022,097074,FACT_OFFICIAL_GTFS_REFERENCE_PERIOD_NOT_CURRENT_SERVICE,BP_SRC_FROZEN_300782,SOURCE_PRESERVED_IDENTITY_NOT_CONFLATED,,NOT_ASSIGNED_FROM_LEGACY_40M_CLUSTER,NOT_EVALUATED,Legacy physical_cluster_id retained only as provenance/candidate-neighbourhood information. PRO_COM_T is not strict municipality truth.
FROZEN_GTFS::300803,FROZEN_GTFS_REFERENCE,300803,ARRIVA_LINEELECCO_REFERENCE_UNIVERSE,D184,Olgiate Molgora - monticello scarpone,45.73133,9.39027,Olgiate Molgora,,FROZEN_ROUTING_CONTEXT_UNIVERSE,REFERENCE_PERIOD_2025_26_NOT_CURRENT_SERVICE,CONVENTIONAL_TPL_REFERENCE,EX_023,097058,FACT_OFFICIAL_GTFS_REFERENCE_PERIOD_NOT_CURRENT_SERVICE,BP_SRC_FROZEN_300803,SOURCE_PRESERVED_IDENTITY_NOT_CONFLATED,,NOT_ASSIGNED_FROM_LEGACY_40M_CLUSTER,NOT_EVALUATED,Legacy physical_cluster_id retained only as provenance/candidate-neighbourhood information. PRO_COM_T is not strict municipality truth.
FROZEN_GTFS::300804,FROZEN_GTFS_REFERENCE,300804,ARRIVA_LINEELECCO_REFERENCE_UNIVERSE,D184,Rovagnate - la pesa,45.73725,9.374517,La Valletta Brianza,,FROZEN_ROUTING_CONTEXT_UNIVERSE,REFERENCE_PERIOD_2025_26_NOT_CURRENT_SERVICE,CONVENTIONAL_TPL_REFERENCE,EX_024,097092,FACT_OFFICIAL_GTFS_REFERENCE_PERIOD_NOT_CURRENT_SERVICE,BP_SRC_FROZEN_300804,SOURCE_PRESERVED_IDENTITY_NOT_CONFLATED,,NOT_ASSIGNED_FROM_LEGACY_40M_CLUSTER,NOT_EVALUATED,Legacy physical_cluster_id retained only as provenance/candidate-neighbourhood information. PRO_COM_T is not strict municipality truth.
FROZEN_GTFS::300805,FROZEN_GTFS_REFERENCE,300805,ARRIVA_LINEELECCO_REFERENCE_UNIVERSE,D184,S.Maria Hoe' - tremonte,45.7428,9.37837,Santa Maria Hoè,,FROZEN_ROUTING_CONTEXT_UNIVERSE,REFERENCE_PERIOD_2025_26_NOT_CURRENT_SERVICE,CONVENTIONAL_TPL_REFERENCE,EX_025,097074,FACT_OFFICIAL_GTFS_REFERENCE_PERIOD_NOT_CURRENT_SERVICE,BP_SRC_FROZEN_300805,SOURCE_PRESERVED_IDENTITY_NOT_CONFLATED,,NOT_ASSIGNED_FROM_LEGACY_40M_CLUSTER,NOT_EVALUATED,Legacy physical_cluster_id retained only as provenance/candidate-neighbourhood information. PRO_COM_T is not strict municipality truth.
FROZEN_GTFS::300863,FROZEN_GTFS_REFERENCE,300863,ARRIVA_LINEELECCO_REFERENCE_UNIVERSE,VCB,Monte Marenzo - smalti riva,45.77215,9.443183,Brivio,,FROZEN_ROUTING_CONTEXT_UNIVERSE,REFERENCE_PERIOD_2025_26_NOT_CURRENT_SERVICE,CONVENTIONAL_TPL_REFERENCE,EX_013,097010,FACT_OFFICIAL_GTFS_REFERENCE_PERIOD_NOT_CURRENT_SERVICE,BP_SRC_FROZEN_300863,SOURCE_PRESERVED_IDENTITY_NOT_CONFLATED,,NOT_ASSIGNED_FROM_LEGACY_40M_CLUSTER,NOT_EVALUATED,Legacy physical_cluster_id retained only as provenance/candidate-neighbourhood information. PRO_COM_T is not strict municipality truth.
FROZEN_GTFS::300871,FROZEN_GTFS_REFERENCE,300871,ARRIVA_LINEELECCO_REFERENCE_UNIVERSE,D184,S.Maria Hoe' - alduno,45.735,9.3822,Santa Maria Hoè,,FROZEN_ROUTING_CONTEXT_UNIVERSE,REFERENCE_PERIOD_2025_26_NOT_CURRENT_SERVICE,CONVENTIONAL_TPL_REFERENCE,EX_026,097074,FACT_OFFICIAL_GTFS_REFERENCE_PERIOD_NOT_CURRENT_SERVICE,BP_SRC_FROZEN_300871,SOURCE_PRESERVED_IDENTITY_NOT_CONFLATED,,NOT_ASSIGNED_FROM_LEGACY_40M_CLUSTER,NOT_EVALUATED,Legacy physical_cluster_id retained only as provenance/candidate-neighbourhood information. PRO_COM_T is not strict municipality truth.
FROZEN_GTFS::300872,FROZEN_GTFS_REFERENCE,300872,ARRIVA_LINEELECCO_REFERENCE_UNIVERSE,D184,Perego - s.s. 342/via s.caterina,45.738567,9.362733,La Valletta Brianza,,FROZEN_ROUTING_CONTEXT_UNIVERSE,REFERENCE_PERIOD_2025_26_NOT_CURRENT_SERVICE,CONVENTIONAL_TPL_REFERENCE,EX_027,097092,FACT_OFFICIAL_GTFS_REFERENCE_PERIOD_NOT_CURRENT_SERVICE,BP_SRC_FROZEN_300872,SOURCE_PRESERVED_IDENTITY_NOT_CONFLATED,,NOT_ASSIGNED_FROM_LEGACY_40M_CLUSTER,NOT_EVALUATED,Legacy physical_cluster_id retained only as provenance/candidate-neighbourhood information. PRO_COM_T is not strict municipality truth.
FROZEN_GTFS::300873,FROZEN_GTFS_REFERENCE,300873,ARRIVA_LINEELECCO_REFERENCE_UNIVERSE,D184,Hoe',45.748667,9.367717,Santa Maria Hoè,,FROZEN_ROUTING_CONTEXT_UNIVERSE,REFERENCE_PERIOD_2025_26_NOT_CURRENT_SERVICE,CONVENTIONAL_TPL_REFERENCE,EX_028,097074,FACT_OFFICIAL_GTFS_REFERENCE_PERIOD_NOT_CURRENT_SERVICE,BP_SRC_FROZEN_300873,SOURCE_PRESERVED_IDENTITY_NOT_CONFLATED,,NOT_ASSIGNED_FROM_LEGACY_40M_CLUSTER,NOT_EVALUATED,Legacy physical_cluster_id retained only as provenance/candidate-neighbourhood information. PRO_COM_T is not strict municipality truth.
FROZEN_GTFS::300878,FROZEN_GTFS_REFERENCE,300878,ARRIVA_LINEELECCO_REFERENCE_UNIVERSE,D184,Rovagnate - semaforo,45.737167,9.369383,La Valletta Brianza,,FROZEN_ROUTING_CONTEXT_UNIVERSE,REFERENCE_PERIOD_2025_26_NOT_CURRENT_SERVICE,CONVENTIONAL_TPL_REFERENCE,EX_029,097092,FACT_OFFICIAL_GTFS_REFERENCE_PERIOD_NOT_CURRENT_SERVICE,BP_SRC_FROZEN_300878,SOURCE_PRESERVED_IDENTITY_NOT_CONFLATED,,NOT_ASSIGNED_FROM_LEGACY_40M_CLUSTER,NOT_EVALUATED,Legacy physical_cluster_id retained only as provenance/candidate-neighbourhood information. PRO_COM_T is not strict municipality truth.
FROZEN_GTFS::300879,FROZEN_GTFS_REFERENCE,300879,ARRIVA_LINEELECCO_REFERENCE_UNIVERSE,D160|D184,Rovagnate - vinicola ghezzi,45.7397,9.364717,La Valletta Brianza,,FROZEN_ROUTING_CONTEXT_UNIVERSE,REFERENCE_PERIOD_2025_26_NOT_CURRENT_SERVICE,CONVENTIONAL_TPL_REFERENCE,EX_030,097092,FACT_OFFICIAL_GTFS_REFERENCE_PERIOD_NOT_CURRENT_SERVICE,BP_SRC_FROZEN_300879,SOURCE_PRESERVED_IDENTITY_NOT_CONFLATED,,NOT_ASSIGNED_FROM_LEGACY_40M_CLUSTER,NOT_EVALUATED,Legacy physical_cluster_id retained only as provenance/candidate-neighbourhood information. PRO_COM_T is not strict municipality truth.
FROZEN_GTFS::300886,FROZEN_GTFS_REFERENCE,300886,ARRIVA_LINEELECCO_REFERENCE_UNIVERSE,D150|D170,Imbersago - arlate (fiorista),45.718483,9.4446,Calco,,FROZEN_ROUTING_CONTEXT_UNIVERSE,REFERENCE_PERIOD_2025_26_NOT_CURRENT_SERVICE,CONVENTIONAL_TPL_REFERENCE,EX_031,097012,FACT_OFFICIAL_GTFS_REFERENCE_PERIOD_NOT_CURRENT_SERVICE,BP_SRC_FROZEN_300886,SOURCE_PRESERVED_IDENTITY_NOT_CONFLATED,,NOT_ASSIGNED_FROM_LEGACY_40M_CLUSTER,NOT_EVALUATED,Legacy physical_cluster_id retained only as provenance/candidate-neighbourhood information. PRO_COM_T is not strict municipality truth.
FROZEN_GTFS::300902,FROZEN_GTFS_REFERENCE,300902,ARRIVA_LINEELECCO_REFERENCE_UNIVERSE,D184,S.Maria Hoe' - alpino,45.743617,9.374617,Santa Maria Hoè,,FROZEN_ROUTING_CONTEXT_UNIVERSE,REFERENCE_PERIOD_2025_26_NOT_CURRENT_SERVICE,CONVENTIONAL_TPL_REFERENCE,EX_032,097074,FACT_OFFICIAL_GTFS_REFERENCE_PERIOD_NOT_CURRENT_SERVICE,BP_SRC_FROZEN_300902,SOURCE_PRESERVED_IDENTITY_NOT_CONFLATED,,NOT_ASSIGNED_FROM_LEGACY_40M_CLUSTER,NOT_EVALUATED,Legacy physical_cluster_id retained only as provenance/candidate-neighbourhood information. PRO_COM_T is not strict municipality truth.
FROZEN_GTFS::300903,FROZEN_GTFS_REFERENCE,300903,ARRIVA_LINEELECCO_REFERENCE_UNIVERSE,D184,S.Maria Hoe' - tremonte/via leopardi,45.74118,9.38096,Santa Maria Hoè,,FROZEN_ROUTING_CONTEXT_UNIVERSE,REFERENCE_PERIOD_2025_26_NOT_CURRENT_SERVICE,CONVENTIONAL_TPL_REFERENCE,EX_033,097074,FACT_OFFICIAL_GTFS_REFERENCE_PERIOD_NOT_CURRENT_SERVICE,BP_SRC_FROZEN_300903,SOURCE_PRESERVED_IDENTITY_NOT_CONFLATED,,NOT_ASSIGNED_FROM_LEGACY_40M_CLUSTER,NOT_EVALUATED,Legacy physical_cluster_id retained only as provenance/candidate-neighbourhood information. PRO_COM_T is not strict municipality truth.
FROZEN_GTFS::300908,FROZEN_GTFS_REFERENCE,300908,ARRIVA_LINEELECCO_REFERENCE_UNIVERSE,VCB,Calolziocorte - gerola capolinea arrivo,45.77278,9.44363,Brivio,,FROZEN_ROUTING_CONTEXT_UNIVERSE,REFERENCE_PERIOD_2025_26_NOT_CURRENT_SERVICE,CONVENTIONAL_TPL_REFERENCE,EX_034,097010,FACT_OFFICIAL_GTFS_REFERENCE_PERIOD_NOT_CURRENT_SERVICE,BP_SRC_FROZEN_300908,SOURCE_PRESERVED_IDENTITY_NOT_CONFLATED,,NOT_ASSIGNED_FROM_LEGACY_40M_CLUSTER,NOT_EVALUATED,Legacy physical_cluster_id retained only as provenance/candidate-neighbourhood information. PRO_COM_T is not strict municipality truth.
FROZEN_GTFS::300956,FROZEN_GTFS_REFERENCE,300956,ARRIVA_LINEELECCO_REFERENCE_UNIVERSE,D148|D150|D185,"Calco - via nazionale, 85",45.7366,9.41967,Olgiate Molgora,,FROZEN_ROUTING_CONTEXT_UNIVERSE,REFERENCE_PERIOD_2025_26_NOT_CURRENT_SERVICE,CONVENTIONAL_TPL_REFERENCE,EX_035,097058,FACT_OFFICIAL_GTFS_REFERENCE_PERIOD_NOT_CURRENT_SERVICE,BP_SRC_FROZEN_300956,SOURCE_PRESERVED_IDENTITY_NOT_CONFLATED,,NOT_ASSIGNED_FROM_LEGACY_40M_CLUSTER,NOT_EVALUATED,Legacy physical_cluster_id retained only as provenance/candidate-neighbourhood information. PRO_COM_T is not strict municipality truth.
FROZEN_GTFS::L00063,FROZEN_GTFS_REFERENCE,L00063,ARRIVA_LINEELECCO_REFERENCE_UNIVERSE,D148|D150|D185,Brivio - capolinea,45.74245,9.44585,Brivio,,FROZEN_ROUTING_CONTEXT_UNIVERSE,REFERENCE_PERIOD_2025_26_NOT_CURRENT_SERVICE,CONVENTIONAL_TPL_REFERENCE,EX_036,097010,FACT_OFFICIAL_GTFS_REFERENCE_PERIOD_NOT_CURRENT_SERVICE,BP_SRC_FROZEN_L00063,SOURCE_PRESERVED_IDENTITY_NOT_CONFLATED,,NOT_ASSIGNED_FROM_LEGACY_40M_CLUSTER,NOT_EVALUATED,Legacy physical_cluster_id retained only as provenance/candidate-neighbourhood information. PRO_COM_T is not strict municipality truth.
FROZEN_GTFS::L00086,FROZEN_GTFS_REFERENCE,L00086,ARRIVA_LINEELECCO_REFERENCE_UNIVERSE,D150|D185,Brivio - beverate (cariplo),45.740517,9.423083,Brivio,,FROZEN_ROUTING_CONTEXT_UNIVERSE,REFERENCE_PERIOD_2025_26_NOT_CURRENT_SERVICE,CONVENTIONAL_TPL_REFERENCE,EX_003,097010,FACT_OFFICIAL_GTFS_REFERENCE_PERIOD_NOT_CURRENT_SERVICE,BP_SRC_FROZEN_L00086,SOURCE_PRESERVED_IDENTITY_NOT_CONFLATED,,NOT_ASSIGNED_FROM_LEGACY_40M_CLUSTER,NOT_EVALUATED,Legacy physical_cluster_id retained only as provenance/candidate-neighbourhood information. PRO_COM_T is not strict municipality truth.
FROZEN_GTFS::L00087,FROZEN_GTFS_REFERENCE,L00087,ARRIVA_LINEELECCO_REFERENCE_UNIVERSE,D150|D185,Brivio - vaccarezza,45.737017,9.4362,Brivio,,FROZEN_ROUTING_CONTEXT_UNIVERSE,REFERENCE_PERIOD_2025_26_NOT_CURRENT_SERVICE,CONVENTIONAL_TPL_REFERENCE,EX_004,097010,FACT_OFFICIAL_GTFS_REFERENCE_PERIOD_NOT_CURRENT_SERVICE,BP_SRC_FROZEN_L00087,SOURCE_PRESERVED_IDENTITY_NOT_CONFLATED,,NOT_ASSIGNED_FROM_LEGACY_40M_CLUSTER,NOT_EVALUATED,Legacy physical_cluster_id retained only as provenance/candidate-neighbourhood information. PRO_COM_T is not strict municipality truth.
FROZEN_GTFS::L00089,FROZEN_GTFS_REFERENCE,L00089,ARRIVA_LINEELECCO_REFERENCE_UNIVERSE,D148|D150,Calco - via statale (edicola),45.723817,9.415133,Calco,,FROZEN_ROUTING_CONTEXT_UNIVERSE,REFERENCE_PERIOD_2025_26_NOT_CURRENT_SERVICE,CONVENTIONAL_TPL_REFERENCE,EX_005,097012,FACT_OFFICIAL_GTFS_REFERENCE_PERIOD_NOT_CURRENT_SERVICE,BP_SRC_FROZEN_L00089,SOURCE_PRESERVED_IDENTITY_NOT_CONFLATED,,NOT_ASSIGNED_FROM_LEGACY_40M_CLUSTER,NOT_EVALUATED,Legacy physical_cluster_id retained only as provenance/candidate-neighbourhood information. PRO_COM_T is not strict municipality truth.
FROZEN_GTFS::L00207,FROZEN_GTFS_REFERENCE,L00207,ARRIVA_LINEELECCO_REFERENCE_UNIVERSE,D148,S.Maria Hoe' - paese,45.738233,9.387917,Santa Maria Hoè,,FROZEN_ROUTING_CONTEXT_UNIVERSE,REFERENCE_PERIOD_2025_26_NOT_CURRENT_SERVICE,CONVENTIONAL_TPL_REFERENCE,EX_037,097074,FACT_OFFICIAL_GTFS_REFERENCE_PERIOD_NOT_CURRENT_SERVICE,BP_SRC_FROZEN_L00207,SOURCE_PRESERVED_IDENTITY_NOT_CONFLATED,,NOT_ASSIGNED_FROM_LEGACY_40M_CLUSTER,NOT_EVALUATED,Legacy physical_cluster_id retained only as provenance/candidate-neighbourhood information. PRO_COM_T is not strict municipality truth.
FROZEN_GTFS::L00397,FROZEN_GTFS_REFERENCE,L00397,ARRIVA_LINEELECCO_REFERENCE_UNIVERSE,D185,Calco - via virgilio,45.72495,9.414367,Calco,,FROZEN_ROUTING_CONTEXT_UNIVERSE,REFERENCE_PERIOD_2025_26_NOT_CURRENT_SERVICE,CONVENTIONAL_TPL_REFERENCE,EX_038,097012,FACT_OFFICIAL_GTFS_REFERENCE_PERIOD_NOT_CURRENT_SERVICE,BP_SRC_FROZEN_L00397,SOURCE_PRESERVED_IDENTITY_NOT_CONFLATED,,NOT_ASSIGNED_FROM_LEGACY_40M_CLUSTER,NOT_EVALUATED,Legacy physical_cluster_id retained only as provenance/candidate-neighbourhood information. PRO_COM_T is not strict municipality truth.
FROZEN_GTFS::L00398,FROZEN_GTFS_REFERENCE,L00398,ARRIVA_LINEELECCO_REFERENCE_UNIVERSE,D150|D185,Brivio - beverate (paese),45.737317,9.42815,Brivio,,FROZEN_ROUTING_CONTEXT_UNIVERSE,REFERENCE_PERIOD_2025_26_NOT_CURRENT_SERVICE,CONVENTIONAL_TPL_REFERENCE,EX_008,097010,FACT_OFFICIAL_GTFS_REFERENCE_PERIOD_NOT_CURRENT_SERVICE,BP_SRC_FROZEN_L00398,SOURCE_PRESERVED_IDENTITY_NOT_CONFLATED,,NOT_ASSIGNED_FROM_LEGACY_40M_CLUSTER,NOT_EVALUATED,Legacy physical_cluster_id retained only as provenance/candidate-neighbourhood information. PRO_COM_T is not strict municipality truth.
FROZEN_GTFS::L00405,FROZEN_GTFS_REFERENCE,L00405,ARRIVA_LINEELECCO_REFERENCE_UNIVERSE,D185,Cisano - sosta,45.739967,9.451383,Brivio,,FROZEN_ROUTING_CONTEXT_UNIVERSE,REFERENCE_PERIOD_2025_26_NOT_CURRENT_SERVICE,CONVENTIONAL_TPL_REFERENCE,EX_009,097010,FACT_OFFICIAL_GTFS_REFERENCE_PERIOD_NOT_CURRENT_SERVICE,BP_SRC_FROZEN_L00405,SOURCE_PRESERVED_IDENTITY_NOT_CONFLATED,,NOT_ASSIGNED_FROM_LEGACY_40M_CLUSTER,NOT_EVALUATED,Legacy physical_cluster_id retained only as provenance/candidate-neighbourhood information. PRO_COM_T is not strict municipality truth.
FROZEN_GTFS::L00406,FROZEN_GTFS_REFERENCE,L00406,ARRIVA_LINEELECCO_REFERENCE_UNIVERSE,D150|D185,Brivio - via como (pizzeria),45.742267,9.439133,Brivio,,FROZEN_ROUTING_CONTEXT_UNIVERSE,REFERENCE_PERIOD_2025_26_NOT_CURRENT_SERVICE,CONVENTIONAL_TPL_REFERENCE,EX_010,097010,FACT_OFFICIAL_GTFS_REFERENCE_PERIOD_NOT_CURRENT_SERVICE,BP_SRC_FROZEN_L00406,SOURCE_PRESERVED_IDENTITY_NOT_CONFLATED,,NOT_ASSIGNED_FROM_LEGACY_40M_CLUSTER,NOT_EVALUATED,Legacy physical_cluster_id retained only as provenance/candidate-neighbourhood information. PRO_COM_T is not strict municipality truth.
FROZEN_GTFS::L00407,FROZEN_GTFS_REFERENCE,L00407,ARRIVA_LINEELECCO_REFERENCE_UNIVERSE,D184|D185,Olgiate Molgora (stazione f.s.),45.72917,9.40441,Olgiate Molgora,,FROZEN_ROUTING_CONTEXT_UNIVERSE,REFERENCE_PERIOD_2025_26_NOT_CURRENT_SERVICE,CONVENTIONAL_TPL_REFERENCE,EX_039,097058,FACT_OFFICIAL_GTFS_REFERENCE_PERIOD_NOT_CURRENT_SERVICE,BP_SRC_FROZEN_L00407,SOURCE_PRESERVED_IDENTITY_NOT_CONFLATED,,NOT_ASSIGNED_FROM_LEGACY_40M_CLUSTER,NOT_EVALUATED,Legacy physical_cluster_id retained only as provenance/candidate-neighbourhood information. PRO_COM_T is not strict municipality truth.
FROZEN_GTFS::L00487,FROZEN_GTFS_REFERENCE,L00487,ARRIVA_LINEELECCO_REFERENCE_UNIVERSE,D150|D185,Brivio - beverate (quattro strade),45.734767,9.426933,Brivio,,FROZEN_ROUTING_CONTEXT_UNIVERSE,REFERENCE_PERIOD_2025_26_NOT_CURRENT_SERVICE,CONVENTIONAL_TPL_REFERENCE,EX_012,097010,FACT_OFFICIAL_GTFS_REFERENCE_PERIOD_NOT_CURRENT_SERVICE,BP_SRC_FROZEN_L00487,SOURCE_PRESERVED_IDENTITY_NOT_CONFLATED,,NOT_ASSIGNED_FROM_LEGACY_40M_CLUSTER,NOT_EVALUATED,Legacy physical_cluster_id retained only as provenance/candidate-neighbourhood information. PRO_COM_T is not strict municipality truth.
FROZEN_GTFS::L00504,FROZEN_GTFS_REFERENCE,L00504,ARRIVA_LINEELECCO_REFERENCE_UNIVERSE,D140|VCB,Monte Marenzo - bisone via industriale,45.766183,9.445683,Brivio,,FROZEN_ROUTING_CONTEXT_UNIVERSE,REFERENCE_PERIOD_2025_26_NOT_CURRENT_SERVICE,CONVENTIONAL_TPL_REFERENCE,EX_040,097010,FACT_OFFICIAL_GTFS_REFERENCE_PERIOD_NOT_CURRENT_SERVICE,BP_SRC_FROZEN_L00504,SOURCE_PRESERVED_IDENTITY_NOT_CONFLATED,,NOT_ASSIGNED_FROM_LEGACY_40M_CLUSTER,NOT_EVALUATED,Legacy physical_cluster_id retained only as provenance/candidate-neighbourhood information. PRO_COM_T is not strict municipality truth.
FROZEN_GTFS::L00527,FROZEN_GTFS_REFERENCE,L00527,ARRIVA_LINEELECCO_REFERENCE_UNIVERSE,D150,Airuno - elettroadda,45.741433,9.4235,Brivio,,FROZEN_ROUTING_CONTEXT_UNIVERSE,REFERENCE_PERIOD_2025_26_NOT_CURRENT_SERVICE,CONVENTIONAL_TPL_REFERENCE,EX_014,097010,FACT_OFFICIAL_GTFS_REFERENCE_PERIOD_NOT_CURRENT_SERVICE,BP_SRC_FROZEN_L00527,SOURCE_PRESERVED_IDENTITY_NOT_CONFLATED,,NOT_ASSIGNED_FROM_LEGACY_40M_CLUSTER,NOT_EVALUATED,Legacy physical_cluster_id retained only as provenance/candidate-neighbourhood information. PRO_COM_T is not strict municipality truth.
FROZEN_GTFS::L00528,FROZEN_GTFS_REFERENCE,L00528,ARRIVA_LINEELECCO_REFERENCE_UNIVERSE,D150,Calco- arlate - (provinciale),45.723533,9.444067,Calco,,FROZEN_ROUTING_CONTEXT_UNIVERSE,REFERENCE_PERIOD_2025_26_NOT_CURRENT_SERVICE,CONVENTIONAL_TPL_REFERENCE,EX_015,097012,FACT_OFFICIAL_GTFS_REFERENCE_PERIOD_NOT_CURRENT_SERVICE,BP_SRC_FROZEN_L00528,SOURCE_PRESERVED_IDENTITY_NOT_CONFLATED,,NOT_ASSIGNED_FROM_LEGACY_40M_CLUSTER,NOT_EVALUATED,Legacy physical_cluster_id retained only as provenance/candidate-neighbourhood information. PRO_COM_T is not strict municipality truth.
FROZEN_GTFS::L00638,FROZEN_GTFS_REFERENCE,L00638,ARRIVA_LINEELECCO_REFERENCE_UNIVERSE,D150,Olginate - fornasette,45.768533,9.424833,Brivio,,FROZEN_ROUTING_CONTEXT_UNIVERSE,REFERENCE_PERIOD_2025_26_NOT_CURRENT_SERVICE,CONVENTIONAL_TPL_REFERENCE,EX_017,097010,FACT_OFFICIAL_GTFS_REFERENCE_PERIOD_NOT_CURRENT_SERVICE,BP_SRC_FROZEN_L00638,SOURCE_PRESERVED_IDENTITY_NOT_CONFLATED,,NOT_ASSIGNED_FROM_LEGACY_40M_CLUSTER,NOT_EVALUATED,Legacy physical_cluster_id retained only as provenance/candidate-neighbourhood information. PRO_COM_T is not strict municipality truth.
FROZEN_GTFS::L00728,FROZEN_GTFS_REFERENCE,L00728,ARRIVA_LINEELECCO_REFERENCE_UNIVERSE,D148,Olgiate Molgora - via statale,45.728633,9.400483,Olgiate Molgora,,FROZEN_ROUTING_CONTEXT_UNIVERSE,REFERENCE_PERIOD_2025_26_NOT_CURRENT_SERVICE,CONVENTIONAL_TPL_REFERENCE,EX_018,097058,FACT_OFFICIAL_GTFS_REFERENCE_PERIOD_NOT_CURRENT_SERVICE,BP_SRC_FROZEN_L00728,SOURCE_PRESERVED_IDENTITY_NOT_CONFLATED,,NOT_ASSIGNED_FROM_LEGACY_40M_CLUSTER,NOT_EVALUATED,Legacy physical_cluster_id retained only as provenance/candidate-neighbourhood information. PRO_COM_T is not strict municipality truth.
FROZEN_GTFS::L00729,FROZEN_GTFS_REFERENCE,L00729,ARRIVA_LINEELECCO_REFERENCE_UNIVERSE,D148|D185,Calco - via virgilio (pensilina asf),45.72495,9.410183,Calco,,FROZEN_ROUTING_CONTEXT_UNIVERSE,REFERENCE_PERIOD_2025_26_NOT_CURRENT_SERVICE,CONVENTIONAL_TPL_REFERENCE,EX_019,097012,FACT_OFFICIAL_GTFS_REFERENCE_PERIOD_NOT_CURRENT_SERVICE,BP_SRC_FROZEN_L00729,SOURCE_PRESERVED_IDENTITY_NOT_CONFLATED,,NOT_ASSIGNED_FROM_LEGACY_40M_CLUSTER,NOT_EVALUATED,Legacy physical_cluster_id retained only as provenance/candidate-neighbourhood information. PRO_COM_T is not strict municipality truth.
FROZEN_GTFS::L00746,FROZEN_GTFS_REFERENCE,L00746,ARRIVA_LINEELECCO_REFERENCE_UNIVERSE,D170,Merate - sartirana (cimitero),45.71986,9.4239,Calco,,FROZEN_ROUTING_CONTEXT_UNIVERSE,REFERENCE_PERIOD_2025_26_NOT_CURRENT_SERVICE,CONVENTIONAL_TPL_REFERENCE,EX_021,097012,FACT_OFFICIAL_GTFS_REFERENCE_PERIOD_NOT_CURRENT_SERVICE,BP_SRC_FROZEN_L00746,SOURCE_PRESERVED_IDENTITY_NOT_CONFLATED,,NOT_ASSIGNED_FROM_LEGACY_40M_CLUSTER,NOT_EVALUATED,Legacy physical_cluster_id retained only as provenance/candidate-neighbourhood information. PRO_COM_T is not strict municipality truth.
FROZEN_GTFS::L00782,FROZEN_GTFS_REFERENCE,L00782,ARRIVA_LINEELECCO_REFERENCE_UNIVERSE,D184,S.Maria Hoe',45.744333,9.373583,Santa Maria Hoè,,FROZEN_ROUTING_CONTEXT_UNIVERSE,REFERENCE_PERIOD_2025_26_NOT_CURRENT_SERVICE,CONVENTIONAL_TPL_REFERENCE,EX_022,097074,FACT_OFFICIAL_GTFS_REFERENCE_PERIOD_NOT_CURRENT_SERVICE,BP_SRC_FROZEN_L00782,SOURCE_PRESERVED_IDENTITY_NOT_CONFLATED,,NOT_ASSIGNED_FROM_LEGACY_40M_CLUSTER,NOT_EVALUATED,Legacy physical_cluster_id retained only as provenance/candidate-neighbourhood information. PRO_COM_T is not strict municipality truth.
FROZEN_GTFS::L00803,FROZEN_GTFS_REFERENCE,L00803,ARRIVA_LINEELECCO_REFERENCE_UNIVERSE,D184,Olgiate Molgora - monticello scarpone,45.7313,9.39015,Olgiate Molgora,,FROZEN_ROUTING_CONTEXT_UNIVERSE,REFERENCE_PERIOD_2025_26_NOT_CURRENT_SERVICE,CONVENTIONAL_TPL_REFERENCE,EX_023,097058,FACT_OFFICIAL_GTFS_REFERENCE_PERIOD_NOT_CURRENT_SERVICE,BP_SRC_FROZEN_L00803,SOURCE_PRESERVED_IDENTITY_NOT_CONFLATED,,NOT_ASSIGNED_FROM_LEGACY_40M_CLUSTER,NOT_EVALUATED,Legacy physical_cluster_id retained only as provenance/candidate-neighbourhood information. PRO_COM_T is not strict municipality truth.
FROZEN_GTFS::L00804,FROZEN_GTFS_REFERENCE,L00804,ARRIVA_LINEELECCO_REFERENCE_UNIVERSE,D184,Rovagnate - la pesa,45.737217,9.374867,La Valletta Brianza,,FROZEN_ROUTING_CONTEXT_UNIVERSE,REFERENCE_PERIOD_2025_26_NOT_CURRENT_SERVICE,CONVENTIONAL_TPL_REFERENCE,EX_024,097092,FACT_OFFICIAL_GTFS_REFERENCE_PERIOD_NOT_CURRENT_SERVICE,BP_SRC_FROZEN_L00804,SOURCE_PRESERVED_IDENTITY_NOT_CONFLATED,,NOT_ASSIGNED_FROM_LEGACY_40M_CLUSTER,NOT_EVALUATED,Legacy physical_cluster_id retained only as provenance/candidate-neighbourhood information. PRO_COM_T is not strict municipality truth.
FROZEN_GTFS::L00871,FROZEN_GTFS_REFERENCE,L00871,ARRIVA_LINEELECCO_REFERENCE_UNIVERSE,D184,S.Maria Hoe' - alduno,45.7347,9.382517,Santa Maria Hoè,,FROZEN_ROUTING_CONTEXT_UNIVERSE,REFERENCE_PERIOD_2025_26_NOT_CURRENT_SERVICE,CONVENTIONAL_TPL_REFERENCE,EX_041,097074,FACT_OFFICIAL_GTFS_REFERENCE_PERIOD_NOT_CURRENT_SERVICE,BP_SRC_FROZEN_L00871,SOURCE_PRESERVED_IDENTITY_NOT_CONFLATED,,NOT_ASSIGNED_FROM_LEGACY_40M_CLUSTER,NOT_EVALUATED,Legacy physical_cluster_id retained only as provenance/candidate-neighbourhood information. PRO_COM_T is not strict municipality truth.
FROZEN_GTFS::L00872,FROZEN_GTFS_REFERENCE,L00872,ARRIVA_LINEELECCO_REFERENCE_UNIVERSE,D184,Perego - s.s. 342/via s.caterina,45.738483,9.362667,La Valletta Brianza,,FROZEN_ROUTING_CONTEXT_UNIVERSE,REFERENCE_PERIOD_2025_26_NOT_CURRENT_SERVICE,CONVENTIONAL_TPL_REFERENCE,EX_027,097092,FACT_OFFICIAL_GTFS_REFERENCE_PERIOD_NOT_CURRENT_SERVICE,BP_SRC_FROZEN_L00872,SOURCE_PRESERVED_IDENTITY_NOT_CONFLATED,,NOT_ASSIGNED_FROM_LEGACY_40M_CLUSTER,NOT_EVALUATED,Legacy physical_cluster_id retained only as provenance/candidate-neighbourhood information. PRO_COM_T is not strict municipality truth.
FROZEN_GTFS::L00873,FROZEN_GTFS_REFERENCE,L00873,ARRIVA_LINEELECCO_REFERENCE_UNIVERSE,D184,Hoe',45.7486,9.368017,Santa Maria Hoè,,FROZEN_ROUTING_CONTEXT_UNIVERSE,REFERENCE_PERIOD_2025_26_NOT_CURRENT_SERVICE,CONVENTIONAL_TPL_REFERENCE,EX_028,097074,FACT_OFFICIAL_GTFS_REFERENCE_PERIOD_NOT_CURRENT_SERVICE,BP_SRC_FROZEN_L00873,SOURCE_PRESERVED_IDENTITY_NOT_CONFLATED,,NOT_ASSIGNED_FROM_LEGACY_40M_CLUSTER,NOT_EVALUATED,Legacy physical_cluster_id retained only as provenance/candidate-neighbourhood information. PRO_COM_T is not strict municipality truth.
FROZEN_GTFS::L00878,FROZEN_GTFS_REFERENCE,L00878,ARRIVA_LINEELECCO_REFERENCE_UNIVERSE,D184,Rovagnate - semaforo,45.737133,9.370467,La Valletta Brianza,,FROZEN_ROUTING_CONTEXT_UNIVERSE,REFERENCE_PERIOD_2025_26_NOT_CURRENT_SERVICE,CONVENTIONAL_TPL_REFERENCE,EX_042,097092,FACT_OFFICIAL_GTFS_REFERENCE_PERIOD_NOT_CURRENT_SERVICE,BP_SRC_FROZEN_L00878,SOURCE_PRESERVED_IDENTITY_NOT_CONFLATED,,NOT_ASSIGNED_FROM_LEGACY_40M_CLUSTER,NOT_EVALUATED,Legacy physical_cluster_id retained only as provenance/candidate-neighbourhood information. PRO_COM_T is not strict municipality truth.
FROZEN_GTFS::L00879,FROZEN_GTFS_REFERENCE,L00879,ARRIVA_LINEELECCO_REFERENCE_UNIVERSE,D160|D184,Rovagnate - vinicola ghezzi,45.7398,9.36465,La Valletta Brianza,,FROZEN_ROUTING_CONTEXT_UNIVERSE,REFERENCE_PERIOD_2025_26_NOT_CURRENT_SERVICE,CONVENTIONAL_TPL_REFERENCE,EX_030,097092,FACT_OFFICIAL_GTFS_REFERENCE_PERIOD_NOT_CURRENT_SERVICE,BP_SRC_FROZEN_L00879,SOURCE_PRESERVED_IDENTITY_NOT_CONFLATED,,NOT_ASSIGNED_FROM_LEGACY_40M_CLUSTER,NOT_EVALUATED,Legacy physical_cluster_id retained only as provenance/candidate-neighbourhood information. PRO_COM_T is not strict municipality truth.
FROZEN_GTFS::L00886,FROZEN_GTFS_REFERENCE,L00886,ARRIVA_LINEELECCO_REFERENCE_UNIVERSE,D150|D170,Imbersago - arlate (fiorista),45.718283,9.444633,Calco,,FROZEN_ROUTING_CONTEXT_UNIVERSE,REFERENCE_PERIOD_2025_26_NOT_CURRENT_SERVICE,CONVENTIONAL_TPL_REFERENCE,EX_031,097012,FACT_OFFICIAL_GTFS_REFERENCE_PERIOD_NOT_CURRENT_SERVICE,BP_SRC_FROZEN_L00886,SOURCE_PRESERVED_IDENTITY_NOT_CONFLATED,,NOT_ASSIGNED_FROM_LEGACY_40M_CLUSTER,NOT_EVALUATED,Legacy physical_cluster_id retained only as provenance/candidate-neighbourhood information. PRO_COM_T is not strict municipality truth.
FROZEN_GTFS::L00902,FROZEN_GTFS_REFERENCE,L00902,ARRIVA_LINEELECCO_REFERENCE_UNIVERSE,D148|D184,S.Maria Hoe' - alpino,45.743567,9.374367,Santa Maria Hoè,,FROZEN_ROUTING_CONTEXT_UNIVERSE,REFERENCE_PERIOD_2025_26_NOT_CURRENT_SERVICE,CONVENTIONAL_TPL_REFERENCE,EX_032,097074,FACT_OFFICIAL_GTFS_REFERENCE_PERIOD_NOT_CURRENT_SERVICE,BP_SRC_FROZEN_L00902,SOURCE_PRESERVED_IDENTITY_NOT_CONFLATED,,NOT_ASSIGNED_FROM_LEGACY_40M_CLUSTER,NOT_EVALUATED,Legacy physical_cluster_id retained only as provenance/candidate-neighbourhood information. PRO_COM_T is not strict municipality truth.
FROZEN_GTFS::L00904,FROZEN_GTFS_REFERENCE,L00904,ARRIVA_LINEELECCO_REFERENCE_UNIVERSE,D184,S.Maria Hoe' - tremonte/ via trento,45.7426,9.3784,Santa Maria Hoè,,FROZEN_ROUTING_CONTEXT_UNIVERSE,REFERENCE_PERIOD_2025_26_NOT_CURRENT_SERVICE,CONVENTIONAL_TPL_REFERENCE,EX_025,097074,FACT_OFFICIAL_GTFS_REFERENCE_PERIOD_NOT_CURRENT_SERVICE,BP_SRC_FROZEN_L00904,SOURCE_PRESERVED_IDENTITY_NOT_CONFLATED,,NOT_ASSIGNED_FROM_LEGACY_40M_CLUSTER,NOT_EVALUATED,Legacy physical_cluster_id retained only as provenance/candidate-neighbourhood information. PRO_COM_T is not strict municipality truth.
FROZEN_GTFS::L00956,FROZEN_GTFS_REFERENCE,L00956,ARRIVA_LINEELECCO_REFERENCE_UNIVERSE,D150,Calco - via nazionale (peugeot),45.7361,9.41931,Olgiate Molgora,,FROZEN_ROUTING_CONTEXT_UNIVERSE,REFERENCE_PERIOD_2025_26_NOT_CURRENT_SERVICE,CONVENTIONAL_TPL_REFERENCE,EX_043,097058,FACT_OFFICIAL_GTFS_REFERENCE_PERIOD_NOT_CURRENT_SERVICE,BP_SRC_FROZEN_L00956,SOURCE_PRESERVED_IDENTITY_NOT_CONFLATED,,NOT_ASSIGNED_FROM_LEGACY_40M_CLUSTER,NOT_EVALUATED,Legacy physical_cluster_id retained only as provenance/candidate-neighbourhood information. PRO_COM_T is not strict municipality truth.
ASF_OTP::OLGMOA05,ASF_OPERATOR_OTP,OLGMOA05,ASF_AUTOLINEE,2:C_46,Olgiate Molgora - Scarpone,45.73133,9.39012,Olgiate Molgora,Olgiate Molgora,CORE_CURRENT_OPERATOR_STOP,CURRENT_2026_OPERATOR_OTP,CONVENTIONAL_TPL_CURRENT_OPERATOR,,,SUBAGENT_REPORTED_OFFICIAL_ASF_OTP,BP_SRC_ASF_OLGMOA05,DIRECTIONAL_OPERATOR_RECORD_DISTINCT_CANDIDATE,SP_CAND_ASF_OLGIATE_MOLGORA_SCARPONE,OPERATOR_NAME_GROUP_CANDIDATE_NOT_BOARDING_IDENTITY,NOT_EVALUATED,A/R operator rows remain distinct boarding-point candidates even when close. Stop-place candidate is name-based and non-decisional.
ASF_OTP::OLGMOR05,ASF_OPERATOR_OTP,OLGMOR05,ASF_AUTOLINEE,2:C_46,Olgiate Molgora - Scarpone,45.73138,9.38989,Olgiate Molgora,Olgiate Molgora,CORE_CURRENT_OPERATOR_STOP,CURRENT_2026_OPERATOR_OTP,CONVENTIONAL_TPL_CURRENT_OPERATOR,,,SUBAGENT_REPORTED_OFFICIAL_ASF_OTP,BP_SRC_ASF_OLGMOR05,DIRECTIONAL_OPERATOR_RECORD_DISTINCT_CANDIDATE,SP_CAND_ASF_OLGIATE_MOLGORA_SCARPONE,OPERATOR_NAME_GROUP_CANDIDATE_NOT_BOARDING_IDENTITY,NOT_EVALUATED,A/R operator rows remain distinct boarding-point candidates even when close. Stop-place candidate is name-based and non-decisional.
ASF_OTP::OLGMOA06,ASF_OPERATOR_OTP,OLGMOA06,ASF_AUTOLINEE,2:C_46,Olgiate Molgora - Via Della Salute,45.73172,9.39085,Olgiate Molgora,Olgiate Molgora,CORE_CURRENT_OPERATOR_STOP,CURRENT_2026_OPERATOR_OTP,CONVENTIONAL_TPL_CURRENT_OPERATOR,,,SUBAGENT_REPORTED_OFFICIAL_ASF_OTP,BP_SRC_ASF_OLGMOA06,DIRECTIONAL_OPERATOR_RECORD_DISTINCT_CANDIDATE,SP_CAND_ASF_OLGIATE_MOLGORA_VIA_DELLA_SALUTE,OPERATOR_NAME_GROUP_CANDIDATE_NOT_BOARDING_IDENTITY,NOT_EVALUATED,A/R operator rows remain distinct boarding-point candidates even when close. Stop-place candidate is name-based and non-decisional.
ASF_OTP::OLGMOR06,ASF_OPERATOR_OTP,OLGMOR06,ASF_AUTOLINEE,2:C_46,Olgiate Molgora - Via Della Salute,45.73175,9.39086,Olgiate Molgora,Olgiate Molgora,CORE_CURRENT_OPERATOR_STOP,CURRENT_2026_OPERATOR_OTP,CONVENTIONAL_TPL_CURRENT_OPERATOR,,,SUBAGENT_REPORTED_OFFICIAL_ASF_OTP,BP_SRC_ASF_OLGMOR06,DIRECTIONAL_OPERATOR_RECORD_DISTINCT_CANDIDATE,SP_CAND_ASF_OLGIATE_MOLGORA_VIA_DELLA_SALUTE,OPERATOR_NAME_GROUP_CANDIDATE_NOT_BOARDING_IDENTITY,NOT_EVALUATED,A/R operator rows remain distinct boarding-point candidates even when close. Stop-place candidate is name-based and non-decisional.
ASF_OTP::OLGMOA04,ASF_OPERATOR_OTP,OLGMOA04,ASF_AUTOLINEE,2:C_46,Olgiate Molgora - Via Statale,45.72868,9.40047,Olgiate Molgora,Olgiate Molgora,CORE_CURRENT_OPERATOR_STOP,CURRENT_2026_OPERATOR_OTP,CONVENTIONAL_TPL_CURRENT_OPERATOR,,,SUBAGENT_REPORTED_OFFICIAL_ASF_OTP,BP_SRC_ASF_OLGMOA04,DIRECTIONAL_OPERATOR_RECORD_DISTINCT_CANDIDATE,SP_CAND_ASF_OLGIATE_MOLGORA_VIA_STATALE,OPERATOR_NAME_GROUP_CANDIDATE_NOT_BOARDING_IDENTITY,NOT_EVALUATED,A/R operator rows remain distinct boarding-point candidates even when close. Stop-place candidate is name-based and non-decisional.
ASF_OTP::OLGMOR04,ASF_OPERATOR_OTP,OLGMOR04,ASF_AUTOLINEE,2:C_46,Olgiate Molgora - Via Statale,45.72867,9.40052,Olgiate Molgora,Olgiate Molgora,CORE_CURRENT_OPERATOR_STOP,CURRENT_2026_OPERATOR_OTP,CONVENTIONAL_TPL_CURRENT_OPERATOR,,,SUBAGENT_REPORTED_OFFICIAL_ASF_OTP,BP_SRC_ASF_OLGMOR04,DIRECTIONAL_OPERATOR_RECORD_DISTINCT_CANDIDATE,SP_CAND_ASF_OLGIATE_MOLGORA_VIA_STATALE,OPERATOR_NAME_GROUP_CANDIDATE_NOT_BOARDING_IDENTITY,NOT_EVALUATED,A/R operator rows remain distinct boarding-point candidates even when close. Stop-place candidate is name-based and non-decisional.
ASF_OTP::CALCOA05,ASF_OPERATOR_OTP,CALCOA05,ASF_AUTOLINEE,2:C_46,Calco - Via Garibaldi,45.72501,9.41011,Calco,Calco,CORE_CURRENT_OPERATOR_STOP,CURRENT_2026_OPERATOR_OTP,CONVENTIONAL_TPL_CURRENT_OPERATOR,,,SUBAGENT_REPORTED_OFFICIAL_ASF_OTP,BP_SRC_ASF_CALCOA05,DIRECTIONAL_OPERATOR_RECORD_DISTINCT_CANDIDATE,SP_CAND_ASF_CALCO_VIA_GARIBALDI,OPERATOR_NAME_GROUP_CANDIDATE_NOT_BOARDING_IDENTITY,NOT_EVALUATED,A/R operator rows remain distinct boarding-point candidates even when close. Stop-place candidate is name-based and non-decisional.
ASF_OTP::CALCOR05,ASF_OPERATOR_OTP,CALCOR05,ASF_AUTOLINEE,2:C_46,Calco - via Garibaldi,45.725,9.40996,Calco,Calco,CORE_CURRENT_OPERATOR_STOP,CURRENT_2026_OPERATOR_OTP,CONVENTIONAL_TPL_CURRENT_OPERATOR,,,SUBAGENT_REPORTED_OFFICIAL_ASF_OTP,BP_SRC_ASF_CALCOR05,DIRECTIONAL_OPERATOR_RECORD_DISTINCT_CANDIDATE,SP_CAND_ASF_CALCO_VIA_GARIBALDI,OPERATOR_NAME_GROUP_CANDIDATE_NOT_BOARDING_IDENTITY,NOT_EVALUATED,A/R operator rows remain distinct boarding-point candidates even when close. Stop-place candidate is name-based and non-decisional.
ASF_OTP::CALCOA06,ASF_OPERATOR_OTP,CALCOA06,ASF_AUTOLINEE,2:C_46,Calco - Largo Pomea,45.72394,9.41525,Calco,Calco,CORE_CURRENT_OPERATOR_STOP,CURRENT_2026_OPERATOR_OTP,CONVENTIONAL_TPL_CURRENT_OPERATOR,,,SUBAGENT_REPORTED_OFFICIAL_ASF_OTP,BP_SRC_ASF_CALCOA06,DIRECTIONAL_OPERATOR_RECORD_DISTINCT_CANDIDATE,SP_CAND_ASF_CALCO_LARGO_POMEA,OPERATOR_NAME_GROUP_CANDIDATE_NOT_BOARDING_IDENTITY,NOT_EVALUATED,A/R operator rows remain distinct boarding-point candidates even when close. Stop-place candidate is name-based and non-decisional.
ASF_OTP::CALCOR06,ASF_OPERATOR_OTP,CALCOR06,ASF_AUTOLINEE,2:C_46,Calco - Largo Pomea,45.72387,9.41519,Calco,Calco,CORE_CURRENT_OPERATOR_STOP,CURRENT_2026_OPERATOR_OTP,CONVENTIONAL_TPL_CURRENT_OPERATOR,,,SUBAGENT_REPORTED_OFFICIAL_ASF_OTP,BP_SRC_ASF_CALCOR06,DIRECTIONAL_OPERATOR_RECORD_DISTINCT_CANDIDATE,SP_CAND_ASF_CALCO_LARGO_POMEA,OPERATOR_NAME_GROUP_CANDIDATE_NOT_BOARDING_IDENTITY,NOT_EVALUATED,A/R operator rows remain distinct boarding-point candidates even when close. Stop-place candidate is name-based and non-decisional.
ASF_OTP::CALCOA07,ASF_OPERATOR_OTP,CALCOA07,ASF_AUTOLINEE,2:C_46,Arlate - Bivio per il Paese,45.72344,9.44397,Calco,Calco,CORE_CURRENT_OPERATOR_STOP,CURRENT_2026_OPERATOR_OTP,CONVENTIONAL_TPL_CURRENT_OPERATOR,,,SUBAGENT_REPORTED_OFFICIAL_ASF_OTP,BP_SRC_ASF_CALCOA07,DIRECTIONAL_OPERATOR_RECORD_DISTINCT_CANDIDATE,SP_CAND_ASF_ARLATE_BIVIO_PER_IL_PAESE,OPERATOR_NAME_GROUP_CANDIDATE_NOT_BOARDING_IDENTITY,NOT_EVALUATED,A/R operator rows remain distinct boarding-point candidates even when close. Stop-place candidate is name-based and non-decisional.
ASF_OTP::CALCOR07,ASF_OPERATOR_OTP,CALCOR07,ASF_AUTOLINEE,2:C_46,Arlate - Bivio per il Paese,45.72345,9.44397,Calco,Calco,CORE_CURRENT_OPERATOR_STOP,CURRENT_2026_OPERATOR_OTP,CONVENTIONAL_TPL_CURRENT_OPERATOR,,,SUBAGENT_REPORTED_OFFICIAL_ASF_OTP,BP_SRC_ASF_CALCOR07,DIRECTIONAL_OPERATOR_RECORD_DISTINCT_CANDIDATE,SP_CAND_ASF_ARLATE_BIVIO_PER_IL_PAESE,OPERATOR_NAME_GROUP_CANDIDATE_NOT_BOARDING_IDENTITY,NOT_EVALUATED,A/R operator rows remain distinct boarding-point candidates even when close. Stop-place candidate is name-based and non-decisional.
ASF_OTP::CALCOA08,ASF_OPERATOR_OTP,CALCOA08,ASF_AUTOLINEE,2:C_46,Arlate - Cantina Pirovano,45.72726,9.43691,Calco,Calco,CORE_CURRENT_OPERATOR_STOP,CURRENT_2026_OPERATOR_OTP,CONVENTIONAL_TPL_CURRENT_OPERATOR,,,SUBAGENT_REPORTED_OFFICIAL_ASF_OTP,BP_SRC_ASF_CALCOA08,DIRECTIONAL_OPERATOR_RECORD_DISTINCT_CANDIDATE,SP_CAND_ASF_ARLATE_CANTINA_PIROVANO,OPERATOR_NAME_GROUP_CANDIDATE_NOT_BOARDING_IDENTITY,NOT_EVALUATED,A/R operator rows remain distinct boarding-point candidates even when close. Stop-place candidate is name-based and non-decisional.
ASF_OTP::CALCOR08,ASF_OPERATOR_OTP,CALCOR08,ASF_AUTOLINEE,2:C_46,Arlate - Cantina Pirovano,45.72727,9.43689,Calco,Calco,CORE_CURRENT_OPERATOR_STOP,CURRENT_2026_OPERATOR_OTP,CONVENTIONAL_TPL_CURRENT_OPERATOR,,,SUBAGENT_REPORTED_OFFICIAL_ASF_OTP,BP_SRC_ASF_CALCOR08,DIRECTIONAL_OPERATOR_RECORD_DISTINCT_CANDIDATE,SP_CAND_ASF_ARLATE_CANTINA_PIROVANO,OPERATOR_NAME_GROUP_CANDIDATE_NOT_BOARDING_IDENTITY,NOT_EVALUATED,A/R operator rows remain distinct boarding-point candidates even when close. Stop-place candidate is name-based and non-decisional.
ASF_OTP::CALCOA09,ASF_OPERATOR_OTP,CALCOA09,ASF_AUTOLINEE,2:C_46,Arlate - B.vio Brivio - Madonnina,45.73265,9.42205,Calco,Calco,CORE_CURRENT_OPERATOR_STOP,CURRENT_2026_OPERATOR_OTP,CONVENTIONAL_TPL_CURRENT_OPERATOR,,,SUBAGENT_REPORTED_OFFICIAL_ASF_OTP,BP_SRC_ASF_CALCOA09,DIRECTIONAL_OPERATOR_RECORD_DISTINCT_CANDIDATE,SP_CAND_ASF_ARLATE_B_VIO_BRIVIO_MADONNINA,OPERATOR_NAME_GROUP_CANDIDATE_NOT_BOARDING_IDENTITY,NOT_EVALUATED,A/R operator rows remain distinct boarding-point candidates even when close. Stop-place candidate is name-based and non-decisional.
ASF_OTP::IMBERA07,ASF_OPERATOR_OTP,IMBERA07,ASF_AUTOLINEE,2:C_46,Imbersago - Località Cazzulino,45.71871,9.44475,Calco,Calco,CORE_CURRENT_OPERATOR_STOP,CURRENT_2026_OPERATOR_OTP,CONVENTIONAL_TPL_CURRENT_OPERATOR,,,SUBAGENT_REPORTED_OFFICIAL_ASF_OTP_POLYGON_ASSIGNMENT,BP_SRC_ASF_IMBERA07,DIRECTIONAL_OPERATOR_RECORD_DISTINCT_CANDIDATE,SP_CAND_ASF_IMBERSAGO_LOCALITA_CAZZULINO,OPERATOR_NAME_GROUP_CANDIDATE_NOT_BOARDING_IDENTITY,NOT_EVALUATED,A/R operator rows remain distinct boarding-point candidates even when close. Stop-place candidate is name-based and non-decisional.
ASF_OTP::IMBERR07,ASF_OPERATOR_OTP,IMBERR07,ASF_AUTOLINEE,2:C_46,Imbersago - Località Cazzulino,45.71871,9.44475,Calco,Calco,CORE_CURRENT_OPERATOR_STOP,CURRENT_2026_OPERATOR_OTP,CONVENTIONAL_TPL_CURRENT_OPERATOR,,,SUBAGENT_REPORTED_OFFICIAL_ASF_OTP_POLYGON_ASSIGNMENT,BP_SRC_ASF_IMBERR07,DIRECTIONAL_OPERATOR_RECORD_DISTINCT_CANDIDATE,SP_CAND_ASF_IMBERSAGO_LOCALITA_CAZZULINO,OPERATOR_NAME_GROUP_CANDIDATE_NOT_BOARDING_IDENTITY,NOT_EVALUATED,A/R operator rows remain distinct boarding-point candidates even when close. Stop-place candidate is name-based and non-decisional.
ASF_OTP::BRIVIA05,ASF_OPERATOR_OTP,BRIVIA05,ASF_AUTOLINEE,2:C_46,Beverate - Cartello Paese,45.73401,9.42654,Brivio,Brivio,CORE_CURRENT_OPERATOR_STOP,CURRENT_2026_OPERATOR_OTP,CONVENTIONAL_TPL_CURRENT_OPERATOR,,,SUBAGENT_REPORTED_OFFICIAL_ASF_OTP,BP_SRC_ASF_BRIVIA05,DIRECTIONAL_OPERATOR_RECORD_DISTINCT_CANDIDATE,SP_CAND_ASF_BEVERATE_CARTELLO_PAESE,OPERATOR_NAME_GROUP_CANDIDATE_NOT_BOARDING_IDENTITY,NOT_EVALUATED,A/R operator rows remain distinct boarding-point candidates even when close. Stop-place candidate is name-based and non-decisional.
ASF_OTP::BRIVIR05,ASF_OPERATOR_OTP,BRIVIR05,ASF_AUTOLINEE,2:C_46,Beverate - Cartello Paese,45.73397,9.42652,Brivio,Brivio,CORE_CURRENT_OPERATOR_STOP,CURRENT_2026_OPERATOR_OTP,CONVENTIONAL_TPL_CURRENT_OPERATOR,,,SUBAGENT_REPORTED_OFFICIAL_ASF_OTP,BP_SRC_ASF_BRIVIR05,DIRECTIONAL_OPERATOR_RECORD_DISTINCT_CANDIDATE,SP_CAND_ASF_BEVERATE_CARTELLO_PAESE,OPERATOR_NAME_GROUP_CANDIDATE_NOT_BOARDING_IDENTITY,NOT_EVALUATED,A/R operator rows remain distinct boarding-point candidates even when close. Stop-place candidate is name-based and non-decisional.
ASF_OTP::BRIVIA04,ASF_OPERATOR_OTP,BRIVIA04,ASF_AUTOLINEE,2:C_46,Vaccarezza - Cartello Paese,45.73672,9.43594,Brivio,Brivio,CORE_CURRENT_OPERATOR_STOP,CURRENT_2026_OPERATOR_OTP,CONVENTIONAL_TPL_CURRENT_OPERATOR,,,SUBAGENT_REPORTED_OFFICIAL_ASF_OTP,BP_SRC_ASF_BRIVIA04,DIRECTIONAL_OPERATOR_RECORD_DISTINCT_CANDIDATE,SP_CAND_ASF_VACCAREZZA_CARTELLO_PAESE,OPERATOR_NAME_GROUP_CANDIDATE_NOT_BOARDING_IDENTITY,NOT_EVALUATED,A/R operator rows remain distinct boarding-point candidates even when close. Stop-place candidate is name-based and non-decisional.
ASF_OTP::BRIVIR04,ASF_OPERATOR_OTP,BRIVIR04,ASF_AUTOLINEE,2:C_46,Vaccarezza - Cartello Paese,45.73701,9.43615,Brivio,Brivio,CORE_CURRENT_OPERATOR_STOP,CURRENT_2026_OPERATOR_OTP,CONVENTIONAL_TPL_CURRENT_OPERATOR,,,SUBAGENT_REPORTED_OFFICIAL_ASF_OTP,BP_SRC_ASF_BRIVIR04,DIRECTIONAL_OPERATOR_RECORD_DISTINCT_CANDIDATE,SP_CAND_ASF_VACCAREZZA_CARTELLO_PAESE,OPERATOR_NAME_GROUP_CANDIDATE_NOT_BOARDING_IDENTITY,NOT_EVALUATED,A/R operator rows remain distinct boarding-point candidates even when close. Stop-place candidate is name-based and non-decisional.
ASF_OTP::BRIVIA03,ASF_OPERATOR_OTP,BRIVIA03,ASF_AUTOLINEE,2:C_46,Brivio - Bar Cristallo,45.74234,9.43934,Brivio,Brivio,CORE_CURRENT_OPERATOR_STOP,CURRENT_2026_OPERATOR_OTP,CONVENTIONAL_TPL_CURRENT_OPERATOR,,,SUBAGENT_REPORTED_OFFICIAL_ASF_OTP,BP_SRC_ASF_BRIVIA03,DIRECTIONAL_OPERATOR_RECORD_DISTINCT_CANDIDATE,SP_CAND_ASF_BRIVIO_BAR_CRISTALLO,OPERATOR_NAME_GROUP_CANDIDATE_NOT_BOARDING_IDENTITY,NOT_EVALUATED,A/R operator rows remain distinct boarding-point candidates even when close. Stop-place candidate is name-based and non-decisional.
ASF_OTP::BRIVIR03,ASF_OPERATOR_OTP,BRIVIR03,ASF_AUTOLINEE,2:C_46,Brivio - Bar Cristallo,45.74229,9.43929,Brivio,Brivio,CORE_CURRENT_OPERATOR_STOP,CURRENT_2026_OPERATOR_OTP,CONVENTIONAL_TPL_CURRENT_OPERATOR,,,SUBAGENT_REPORTED_OFFICIAL_ASF_OTP,BP_SRC_ASF_BRIVIR03,DIRECTIONAL_OPERATOR_RECORD_DISTINCT_CANDIDATE,SP_CAND_ASF_BRIVIO_BAR_CRISTALLO,OPERATOR_NAME_GROUP_CANDIDATE_NOT_BOARDING_IDENTITY,NOT_EVALUATED,A/R operator rows remain distinct boarding-point candidates even when close. Stop-place candidate is name-based and non-decisional.
ASF_OTP::BRIVIR06,ASF_OPERATOR_OTP,BRIVIR06,ASF_AUTOLINEE,2:C_46,Brivio - Via Como - Pensilina,45.7424,9.44591,Brivio,Brivio,CORE_CURRENT_OPERATOR_STOP,CURRENT_2026_OPERATOR_OTP,CONVENTIONAL_TPL_CURRENT_OPERATOR,,,SUBAGENT_REPORTED_OFFICIAL_ASF_OTP,BP_SRC_ASF_BRIVIR06,DIRECTIONAL_OPERATOR_RECORD_DISTINCT_CANDIDATE,SP_CAND_ASF_BRIVIO_VIA_COMO_PENSILINA,OPERATOR_NAME_GROUP_CANDIDATE_NOT_BOARDING_IDENTITY,NOT_EVALUATED,A/R operator rows remain distinct boarding-point candidates even when close. Stop-place candidate is name-based and non-decisional.
ASF_OTP::ROVAGA01,ASF_OPERATOR_OTP,ROVAGA01,ASF_AUTOLINEE,2:C_46,Rovagnate-S.S- Ang. V. Lombardia,45.73719,9.37035,La Valletta Brianza,La Valletta Brianza,CORE_CURRENT_OPERATOR_STOP,CURRENT_2026_OPERATOR_OTP,CONVENTIONAL_TPL_CURRENT_OPERATOR,,,SUBAGENT_REPORTED_OFFICIAL_ASF_OTP,BP_SRC_ASF_ROVAGA01,DIRECTIONAL_OPERATOR_RECORD_DISTINCT_CANDIDATE,SP_CAND_ASF_ROVAGNATE_S_S_ANG_V_LOMBARDIA,OPERATOR_NAME_GROUP_CANDIDATE_NOT_BOARDING_IDENTITY,NOT_EVALUATED,A/R operator rows remain distinct boarding-point candidates even when close. Stop-place candidate is name-based and non-decisional.
ASF_OTP::ROVAGR01,ASF_OPERATOR_OTP,ROVAGR01,ASF_AUTOLINEE,2:C_46,Rovagnate - S.S. - Ang. V. Lombardia,45.73716,9.36935,La Valletta Brianza,La Valletta Brianza,CORE_CURRENT_OPERATOR_STOP,CURRENT_2026_OPERATOR_OTP,CONVENTIONAL_TPL_CURRENT_OPERATOR,,,SUBAGENT_REPORTED_OFFICIAL_ASF_OTP,BP_SRC_ASF_ROVAGR01,DIRECTIONAL_OPERATOR_RECORD_DISTINCT_CANDIDATE,SP_CAND_ASF_ROVAGNATE_S_S_ANG_V_LOMBARDIA,OPERATOR_NAME_GROUP_CANDIDATE_NOT_BOARDING_IDENTITY,NOT_EVALUATED,A/R operator rows remain distinct boarding-point candidates even when close. Stop-place candidate is name-based and non-decisional.
ASF_OTP::ROVAGA03,ASF_OPERATOR_OTP,ROVAGA03,ASF_AUTOLINEE,2:C_46,Rovagnate - Strada Statale - AGIP,45.73721,9.37446,La Valletta Brianza,La Valletta Brianza,CORE_CURRENT_OPERATOR_STOP,CURRENT_2026_OPERATOR_OTP,CONVENTIONAL_TPL_CURRENT_OPERATOR,,,SUBAGENT_REPORTED_OFFICIAL_ASF_OTP,BP_SRC_ASF_ROVAGA03,DIRECTIONAL_OPERATOR_RECORD_DISTINCT_CANDIDATE,SP_CAND_ASF_ROVAGNATE_STRADA_STATALE_AGIP,OPERATOR_NAME_GROUP_CANDIDATE_NOT_BOARDING_IDENTITY,NOT_EVALUATED,A/R operator rows remain distinct boarding-point candidates even when close. Stop-place candidate is name-based and non-decisional.
ASF_OTP::ROVAGR03,ASF_OPERATOR_OTP,ROVAGR03,ASF_AUTOLINEE,2:C_46,Rovagnate - Strada Statale - AGIP,45.73721,9.37436,La Valletta Brianza,La Valletta Brianza,CORE_CURRENT_OPERATOR_STOP,CURRENT_2026_OPERATOR_OTP,CONVENTIONAL_TPL_CURRENT_OPERATOR,,,SUBAGENT_REPORTED_OFFICIAL_ASF_OTP,BP_SRC_ASF_ROVAGR03,DIRECTIONAL_OPERATOR_RECORD_DISTINCT_CANDIDATE,SP_CAND_ASF_ROVAGNATE_STRADA_STATALE_AGIP,OPERATOR_NAME_GROUP_CANDIDATE_NOT_BOARDING_IDENTITY,NOT_EVALUATED,A/R operator rows remain distinct boarding-point candidates even when close. Stop-place candidate is name-based and non-decisional.
ASF_OTP::PERE_A01,ASF_OPERATOR_OTP,PERE_A01,ASF_AUTOLINEE,2:C_46,Perego - Via Statale 79,45.73863,9.36241,La Valletta Brianza,La Valletta Brianza,CORE_CURRENT_OPERATOR_STOP,CURRENT_2026_OPERATOR_OTP,CONVENTIONAL_TPL_CURRENT_OPERATOR,,,SUBAGENT_REPORTED_OFFICIAL_ASF_OTP,BP_SRC_ASF_PERE_A01,DIRECTIONAL_OPERATOR_RECORD_DISTINCT_CANDIDATE,SP_CAND_ASF_PEREGO_VIA_STATALE_79,OPERATOR_NAME_GROUP_CANDIDATE_NOT_BOARDING_IDENTITY,NOT_EVALUATED,A/R operator rows remain distinct boarding-point candidates even when close. Stop-place candidate is name-based and non-decisional.
ASF_OTP::PERE_R01,ASF_OPERATOR_OTP,PERE_R01,ASF_AUTOLINEE,2:C_46,Perego - Via Statale 79,45.73854,9.36274,La Valletta Brianza,La Valletta Brianza,CORE_CURRENT_OPERATOR_STOP,CURRENT_2026_OPERATOR_OTP,CONVENTIONAL_TPL_CURRENT_OPERATOR,,,SUBAGENT_REPORTED_OFFICIAL_ASF_OTP,BP_SRC_ASF_PERE_R01,DIRECTIONAL_OPERATOR_RECORD_DISTINCT_CANDIDATE,SP_CAND_ASF_PEREGO_VIA_STATALE_79,OPERATOR_NAME_GROUP_CANDIDATE_NOT_BOARDING_IDENTITY,NOT_EVALUATED,A/R operator rows remain distinct boarding-point candidates even when close. Stop-place candidate is name-based and non-decisional.
ASF_OTP::ROVAGA04,ASF_OPERATOR_OTP,ROVAGA04,ASF_AUTOLINEE,2:C_46,Rovagnate - Frazione Alduno,45.73481,9.38253,Santa Maria Hoè,Santa Maria Hoè,CORE_CURRENT_OPERATOR_STOP,CURRENT_2026_OPERATOR_OTP,CONVENTIONAL_TPL_CURRENT_OPERATOR,,,SUBAGENT_REPORTED_OFFICIAL_ASF_OTP_POLYGON_ASSIGNMENT,BP_SRC_ASF_ROVAGA04,DIRECTIONAL_OPERATOR_RECORD_DISTINCT_CANDIDATE,SP_CAND_ASF_ROVAGNATE_FRAZIONE_ALDUNO,OPERATOR_NAME_GROUP_CANDIDATE_NOT_BOARDING_IDENTITY,NOT_EVALUATED,A/R operator rows remain distinct boarding-point candidates even when close. Stop-place candidate is name-based and non-decisional.
ASF_OTP::ROVAGAR4,ASF_OPERATOR_OTP,ROVAGAR4,ASF_AUTOLINEE,2:C_46,Rovagnate - Frazione Alduno,45.73489,9.38233,Santa Maria Hoè,Santa Maria Hoè,CORE_CURRENT_OPERATOR_STOP,CURRENT_2026_OPERATOR_OTP,CONVENTIONAL_TPL_CURRENT_OPERATOR,,,SUBAGENT_REPORTED_OFFICIAL_ASF_OTP_POLYGON_ASSIGNMENT,BP_SRC_ASF_ROVAGAR4,DIRECTIONAL_OPERATOR_RECORD_DISTINCT_CANDIDATE,SP_CAND_ASF_ROVAGNATE_FRAZIONE_ALDUNO,OPERATOR_NAME_GROUP_CANDIDATE_NOT_BOARDING_IDENTITY,NOT_EVALUATED,A/R operator rows remain distinct boarding-point candidates even when close. Stop-place candidate is name-based and non-decisional.
ASF_OTP::SAMAHA04,ASF_OPERATOR_OTP,SAMAHA04,ASF_AUTOLINEE,2:C_46,Santa Maria Hoè - Via Giovanni XXIII,45.7412,9.3803,Santa Maria Hoè,Santa Maria Hoè,CORE_CURRENT_OPERATOR_STOP,CURRENT_2026_OPERATOR_OTP,CONVENTIONAL_TPL_CURRENT_OPERATOR,,,SUBAGENT_REPORTED_OFFICIAL_ASF_OTP,BP_SRC_ASF_SAMAHA04,DIRECTIONAL_OPERATOR_RECORD_DISTINCT_CANDIDATE,SP_CAND_ASF_SANTA_MARIA_HOE_VIA_GIOVANNI_XXIII,OPERATOR_NAME_GROUP_CANDIDATE_NOT_BOARDING_IDENTITY,NOT_EVALUATED,A/R operator rows remain distinct boarding-point candidates even when close. Stop-place candidate is name-based and non-decisional.
ASF_OTP::SAMAHR04,ASF_OPERATOR_OTP,SAMAHR04,ASF_AUTOLINEE,2:C_46,Santa Maria Hoè - Via Giovanni XXIII,45.74116,9.38091,Santa Maria Hoè,Santa Maria Hoè,CORE_CURRENT_OPERATOR_STOP,CURRENT_2026_OPERATOR_OTP,CONVENTIONAL_TPL_CURRENT_OPERATOR,,,SUBAGENT_REPORTED_OFFICIAL_ASF_OTP,BP_SRC_ASF_SAMAHR04,DIRECTIONAL_OPERATOR_RECORD_DISTINCT_CANDIDATE,SP_CAND_ASF_SANTA_MARIA_HOE_VIA_GIOVANNI_XXIII,OPERATOR_NAME_GROUP_CANDIDATE_NOT_BOARDING_IDENTITY,NOT_EVALUATED,A/R operator rows remain distinct boarding-point candidates even when close. Stop-place candidate is name-based and non-decisional.
ASF_OTP::SAMAHA01,ASF_OPERATOR_OTP,SAMAHA01,ASF_AUTOLINEE,2:C_46,Santa Maria Hoè - Via Como,45.74368,9.37468,Santa Maria Hoè,Santa Maria Hoè,CORE_CURRENT_OPERATOR_STOP,CURRENT_2026_OPERATOR_OTP,CONVENTIONAL_TPL_CURRENT_OPERATOR,,,SUBAGENT_REPORTED_OFFICIAL_ASF_OTP,BP_SRC_ASF_SAMAHA01,DIRECTIONAL_OPERATOR_RECORD_DISTINCT_CANDIDATE,SP_CAND_ASF_SANTA_MARIA_HOE_VIA_COMO,OPERATOR_NAME_GROUP_CANDIDATE_NOT_BOARDING_IDENTITY,NOT_EVALUATED,A/R operator rows remain distinct boarding-point candidates even when close. Stop-place candidate is name-based and non-decisional.
ASF_OTP::SAMAHR01,ASF_OPERATOR_OTP,SAMAHR01,ASF_AUTOLINEE,2:C_46,Santa Maria Hoè - Via Como,45.74364,9.37458,Santa Maria Hoè,Santa Maria Hoè,CORE_CURRENT_OPERATOR_STOP,CURRENT_2026_OPERATOR_OTP,CONVENTIONAL_TPL_CURRENT_OPERATOR,,,SUBAGENT_REPORTED_OFFICIAL_ASF_OTP,BP_SRC_ASF_SAMAHR01,DIRECTIONAL_OPERATOR_RECORD_DISTINCT_CANDIDATE,SP_CAND_ASF_SANTA_MARIA_HOE_VIA_COMO,OPERATOR_NAME_GROUP_CANDIDATE_NOT_BOARDING_IDENTITY,NOT_EVALUATED,A/R operator rows remain distinct boarding-point candidates even when close. Stop-place candidate is name-based and non-decisional.
ASF_OTP::SAMAHA03,ASF_OPERATOR_OTP,SAMAHA03,ASF_AUTOLINEE,2:C_46,S. Maria Hoè - S.P. 58 ang. Via Cenisio,45.73817,9.38791,Santa Maria Hoè,Santa Maria Hoè,CORE_CURRENT_OPERATOR_STOP,CURRENT_2026_OPERATOR_OTP,CONVENTIONAL_TPL_CURRENT_OPERATOR,,,SUBAGENT_REPORTED_OFFICIAL_ASF_OTP,BP_SRC_ASF_SAMAHA03,DIRECTIONAL_OPERATOR_RECORD_DISTINCT_CANDIDATE,SP_CAND_ASF_S_MARIA_HOE_S_P_58_ANG_VIA_CENISIO,OPERATOR_NAME_GROUP_CANDIDATE_NOT_BOARDING_IDENTITY,NOT_EVALUATED,A/R operator rows remain distinct boarding-point candidates even when close. Stop-place candidate is name-based and non-decisional.
ASF_OTP::SAMAHR03,ASF_OPERATOR_OTP,SAMAHR03,ASF_AUTOLINEE,2:C_46,S. Maria Hoè - S.P. 58 ang. Via Cenisio,45.73816,9.38795,Santa Maria Hoè,Santa Maria Hoè,CORE_CURRENT_OPERATOR_STOP,CURRENT_2026_OPERATOR_OTP,CONVENTIONAL_TPL_CURRENT_OPERATOR,,,SUBAGENT_REPORTED_OFFICIAL_ASF_OTP,BP_SRC_ASF_SAMAHR03,DIRECTIONAL_OPERATOR_RECORD_DISTINCT_CANDIDATE,SP_CAND_ASF_S_MARIA_HOE_S_P_58_ANG_VIA_CENISIO,OPERATOR_NAME_GROUP_CANDIDATE_NOT_BOARDING_IDENTITY,NOT_EVALUATED,A/R operator rows remain distinct boarding-point candidates even when close. Stop-place candidate is name-based and non-decisional.
SPECIAL_SERVICE::NAVETTA_MANDIC_MANZONI::001,SPECIAL_SERVICE_EVIDENCE,NAVETTA_MANDIC_MANZONI::001,ASST Lecco / Comune di Merate,NAVETTA_MANDIC_MANZONI,Casa di Comunità Olgiate Molgora,45.72213132103248,9.397973585897839,Olgiate Molgora,,SPECIAL_SERVICE_SEPARATE_CLASS,CURRENT_CONFIRMED_2026-07-10,SPECIAL_SERVICE_BOARDING_POINT,,,FACT_SERVICE_EXISTENCE_PLUS_LOCAL_COORDINATE,BP_SRC_SPECIAL_NAVETTA_MANDIC_MANZONI_001,SOURCE_PRESERVED_SPECIAL_SERVICE_CANDIDATE,SP_CAND_SPECIAL_CASA_DI_COMUNITA_OLGIATE_MOLGORA,SPECIAL_SERVICE_LOCATION_CANDIDATE,NOT_EVALUATED,Coordinate provenance=LOCAL_COORDINATE_USER_SUPPLIED. Do not reinterpret as standard TPL infrastructure without separate evidence.
